date,timestamp,expiry,K,price,conId,localSymbol,T,dte,moneyness,rate,implied_vol,vega,spot,curve_date,rate_curve_model,nss_fit_target,nss_beta0,nss_beta1,nss_beta2,nss_beta3,nss_tau1,nss_tau2,nss_rmse_bps
2026-09-02,2026-09-02 20:00:00+00:00,2026-09-25,325.0,78.6,909093919,GLD   260925C00325000,0.06297056810403832,23,0.8068920999056558,0.03767970311843859,0.336911958694458,1.343745990774717,402.78,2026-09-02,NSS,continuous_rate,-0.001196933340446035,0.03857268224405938,0.039650787456612456,0.15731369166361667,2.1532279899754223,16.810163806603725,2.060781659511834
2026-09-02,2026-09-02 20:00:00+00:00,2026-09-25,330.0,73.63,909093962,GLD   260925C00330000,0.06297056810403832,23,0.8193058245195889,0.03767970311843859,0.32686355230230835,1.772880609220783,402.78,2026-09-02,NSS,continuous_rate,-0.001196933340446035,0.03857268224405938,0.039650787456612456,0.15731369166361667,2.1532279899754223,16.810163806603725,2.060781659511834
2026-09-02,2026-09-02 20:00:00+00:00,2026-09-25,335.0,68.65,909094012,GLD   260925C00335000,0.06297056810403832,23,0.8317195491335221,0.03767970311843859,0.3091643349673599,2.0325727817670804,402.78,2026-09-02,NSS,continuous_rate,-0.001196933340446035,0.03857268224405938,0.039650787456612456,0.15731369166361667,2.1532279899754223,16.810163806603725,2.060781659511834
2026-09-02,2026-09-02 20:00:00+00:00,2026-09-25,340.0,63.72,909094052,GLD   260925C00340000,0.06297056810403832,23,0.8441332737474553,0.03767970311843859,0.30913857510015363,3.1818149203858357,402.78,2026-09-02,NSS,continuous_rate,-0.001196933340446035,0.03857268224405938,0.039650787456612456,0.15731369166361667,2.1532279899754223,16.810163806603725,2.060781659511834
2026-09-02,2026-09-02 20:00:00+00:00,2026-09-25,345.0,58.65,909094105,GLD   260925C00345000,0.06297056810403832,23,0.8565469983613884,0.03767970311843859,0.25382382366415124,1.7708576814190249,402.78,2026-09-02,NSS,continuous_rate,-0.001196933340446035,0.03857268224405938,0.039650787456612456,0.15731369166361667,2.1532279899754223,16.810163806603725,2.060781659511834
2026-09-02,2026-09-02 20:00:00+00:00,2026-09-25,347.0,56.65,909094212,GLD   260925C00347000,0.06297056810403832,23,0.8615124882069617,0.03767970311843859,0.2427883654695005,1.7014900979045953,402.78,2026-09-02,NSS,continuous_rate,-0.001196933340446035,0.03857268224405938,0.039650787456612456,0.15731369166361667,2.1532279899754223,16.810163806603725,2.060781659511834
2026-09-02,2026-09-02 20:00:00+00:00,2026-09-25,348.0,55.88,909094252,GLD   260925C00348000,0.06297056810403832,23,0.8639952331297484,0.03767970311843859,0.30344605887783704,5.577458900896544,402.78,2026-09-02,NSS,continuous_rate,-0.001196933340446035,0.03857268224405938,0.039650787456612456,0.15731369166361667,2.1532279899754223,16.810163806603725,2.060781659511834
2026-09-02,2026-09-02 20:00:00+00:00,2026-09-25,349.0,54.78,909094297,GLD   260925C00349000,0.06297056810403832,23,0.8664779780525349,0.03767970311843859,0.27765220373403277,4.208970063954111,402.78,2026-09-02,NSS,continuous_rate,-0.001196933340446035,0.03857268224405938,0.039650787456612456,0.15731369166361667,2.1532279899754223,16.810163806603725,2.060781659511834
2026-09-02,2026-09-02 20:00:00+00:00,2026-09-25,350.0,53.85,909094354,GLD   260925C00350000,0.06297056810403832,23,0.8689607229753216,0.03767970311843859,0.2871542187563143,5.261376648568588,402.78,2026-09-02,NSS,continuous_rate,-0.001196933340446035,0.03857268224405938,0.039650787456612456,0.15731369166361667,2.1532279899754223,16.810163806603725,2.060781659511834
2026-09-02,2026-09-02 20:00:00+00:00,2026-09-25,351.0,52.85,909094406,GLD   260925C00351000,0.06297056810403832,23,0.8714434678981082,0.03767970311843859,0.2818144758130424,5.2981803745965275,402.78,2026-09-02,NSS,continuous_rate,-0.001196933340446035,0.03857268224405938,0.039650787456612456,0.15731369166361667,2.1532279899754223,16.810163806603725,2.060781659511834
2026-09-02,2026-09-02 20:00:00+00:00,2026-09-25,352.0,51.85,909094453,GLD   260925C00352000,0.06297056810403832,23,0.8739262128208949,0.03767970311843859,0.2764877990641631,5.336062334347687,402.78,2026-09-02,NSS,continuous_rate,-0.001196933340446035,0.03857268224405938,0.039650787456612456,0.15731369166361667,2.1532279899754223,16.810163806603725,2.060781659511834
2026-09-02,2026-09-02 20:00:00+00:00,2026-09-25,353.0,50.95,909094501,GLD   260925C00353000,0.06297056810403832,23,0.8764089577436814,0.03767970311843859,0.28776980135301133,6.6848186157339375,402.78,2026-09-02,NSS,continuous_rate,-0.001196933340446035,0.03857268224405938,0.039650787456612456,0.15731369166361667,2.1532279899754223,16.810163806603725,2.060781659511834
2026-09-02,2026-09-02 20:00:00+00:00,2026-09-25,354.0,49.83,909094549,GLD   260925C00354000,0.06297056810403832,23,0.8788917026664681,0.03767970311843859,0.2620748460319824,5.116980722142797,402.78,2026-09-02,NSS,continuous_rate,-0.001196933340446035,0.03857268224405938,0.039650787456612456,0.15731369166361667,2.1532279899754223,16.810163806603725,2.060781659511834
2026-09-02,2026-09-02 20:00:00+00:00,2026-09-25,355.0,49.05,909094589,GLD   260925C00355000,0.06297056810403832,23,0.8813744475892548,0.03767970311843859,0.2904485667773523,7.958380577114569,402.78,2026-09-02,NSS,continuous_rate,-0.001196933340446035,0.03857268224405938,0.039650787456612456,0.15731369166361667,2.1532279899754223,16.810163806603725,2.060781659511834
2026-09-02,2026-09-02 20:00:00+00:00,2026-09-25,356.0,47.93,909094631,GLD   260925C00356000,0.06297056810403832,23,0.8838571925120414,0.03767970311843859,0.2685192784359679,6.617669865244712,402.78,2026-09-02,NSS,continuous_rate,-0.001196933340446035,0.03857268224405938,0.039650787456612456,0.15731369166361667,2.1532279899754223,16.810163806603725,2.060781659511834
2026-09-02,2026-09-02 20:00:00+00:00,2026-09-25,357.0,46.95,909094681,GLD   260925C00357000,0.06297056810403832,23,0.886339937434828,0.03767970311843859,0.26607630985826247,6.93986113492391,402.78,2026-09-02,NSS,continuous_rate,-0.001196933340446035,0.03857268224405938,0.039650787456612456,0.15731369166361667,2.1532279899754223,16.810163806603725,2.060781659511834
2026-09-02,2026-09-02 20:00:00+00:00,2026-09-25,358.0,46.0,909094726,GLD   260925C00358000,0.06297056810403832,23,0.8888226823576146,0.03767970311843859,0.267508795026131,7.631666202708517,402.78,2026-09-02,NSS,continuous_rate,-0.001196933340446035,0.03857268224405938,0.039650787456612456,0.15731369166361667,2.1532279899754223,16.810163806603725,2.060781659511834
2026-09-02,2026-09-02 20:00:00+00:00,2026-09-25,359.0,45.05,909094778,GLD   260925C00359000,0.06297056810403832,23,0.8913054272804013,0.03767970311843859,0.2682950251017697,8.299656557689739,402.78,2026-09-02,NSS,continuous_rate,-0.001196933340446035,0.03857268224405938,0.039650787456612456,0.15731369166361667,2.1532279899754223,16.810163806603725,2.060781659511834
2026-09-02,2026-09-02 20:00:00+00:00,2026-09-25,360.0,44.15,909094824,GLD   260925C00360000,0.06297056810403832,23,0.893788172203188,0.03767970311843859,0.27397179297432306,9.471352903636548,402.78,2026-09-02,NSS,continuous_rate,-0.001196933340446035,0.03857268224405938,0.039650787456612456,0.15731369166361667,2.1532279899754223,16.810163806603725,2.060781659511834
2026-09-02,2026-09-02 20:00:00+00:00,2026-09-25,361.0,43.2,909094869,GLD   260925C00361000,0.06297056810403832,23,0.8962709171259745,0.03767970311843859,0.2734173085731454,10.082096811141446,402.78,2026-09-02,NSS,continuous_rate,-0.001196933340446035,0.03857268224405938,0.039650787456612456,0.15731369166361667,2.1532279899754223,16.810163806603725,2.060781659511834
2026-09-02,2026-09-02 20:00:00+00:00,2026-09-25,362.0,42.18,909094924,GLD   260925C00362000,0.06297056810403832,23,0.8987536620487612,0.03767970311843859,0.2657431591534055,10.00428282641322,402.78,2026-09-02,NSS,continuous_rate,-0.001196933340446035,0.03857268224405938,0.039650787456612456,0.15731369166361667,2.1532279899754223,16.810163806603725,2.060781659511834
2026-09-02,2026-09-02 20:00:00+00:00,2026-09-25,363.0,41.18,909095001,GLD   260925C00363000,0.06297056810403832,23,0.9012364069715478,0.03767970311843859,0.2600767427242362,10.12717803145655,402.78,2026-09-02,NSS,continuous_rate,-0.001196933340446035,0.03857268224405938,0.039650787456612456,0.15731369166361667,2.1532279899754223,16.810163806603725,2.060781659511834
2026-09-02,2026-09-02 20:00:00+00:00,2026-09-25,364.0,40.25,909095044,GLD   260925C00364000,0.06297056810403832,23,0.9037191518943344,0.03767970311843859,0.2610159255038017,10.951263197930281,402.78,2026-09-02,NSS,continuous_rate,-0.001196933340446035,0.03857268224405938,0.039650787456612456,0.15731369166361667,2.1532279899754223,16.810163806603725,2.060781659511834
2026-09-02,2026-09-02 20:00:00+00:00,2026-09-25,365.0,39.35,909095084,GLD   260925C00365000,0.06297056810403832,23,0.906201896817121,0.03767970311843859,0.26392676721550534,12.015586236759495,402.78,2026-09-02,NSS,continuous_rate,-0.001196933340446035,0.03857268224405938,0.039650787456612456,0.15731369166361667,2.1532279899754223,16.810163806603725,2.060781659511834
2026-09-02,2026-09-02 20:00:00+00:00,2026-09-25,366.0,38.45,909095131,GLD   260925C00366000,0.06297056810403832,23,0.9086846417399077,0.03767970311843859,0.2660094468913041,13.023378611880666,402.78,2026-09-02,NSS,continuous_rate,-0.001196933340446035,0.03857268224405938,0.039650787456612456,0.15731369166361667,2.1532279899754223,16.810163806603725,2.060781659511834
2026-09-02,2026-09-02 20:00:00+00:00,2026-09-25,367.0,37.45,909095176,GLD   260925C00367000,0.06297056810403832,23,0.9111673866626944,0.03767970311843859,0.2600508990396746,13.197812494164344,402.78,2026-09-02,NSS,continuous_rate,-0.001196933340446035,0.03857268224405938,0.039650787456612456,0.15731369166361667,2.1532279899754223,16.810163806603725,2.060781659511834
2026-09-02,2026-09-02 20:00:00+00:00,2026-09-25,368.0,36.58,909095220,GLD   260925C00368000,0.06297056810403832,23,0.9136501315854809,0.03767970311843859,0.2634482073687018,14.401487498397511,402.78,2026-09-02,NSS,continuous_rate,-0.001196933340446035,0.03857268224405938,0.039650787456612456,0.15731369166361667,2.1532279899754223,16.810163806603725,2.060781659511834
2026-09-02,2026-09-02 20:00:00+00:00,2026-09-25,369.0,35.63,909095275,GLD   260925C00369000,0.06297056810403832,23,0.9161328765082676,0.03767970311843859,0.26073922578776265,14.970217248599472,402.78,2026-09-02,NSS,continuous_rate,-0.001196933340446035,0.03857268224405938,0.039650787456612456,0.15731369166361667,2.1532279899754223,16.810163806603725,2.060781659511834
2026-09-02,2026-09-02 20:00:00+00:00,2026-09-25,370.0,34.7,909095330,GLD   260925C00370000,0.06297056810403832,23,0.9186156214310542,0.03767970311843859,0.2591337043463252,15.680022348975642,402.78,2026-09-02,NSS,continuous_rate,-0.001196933340446035,0.03857268224405938,0.039650787456612456,0.15731369166361667,2.1532279899754223,16.810163806603725,2.060781659511834
2026-09-02,2026-09-02 20:00:00+00:00,2026-09-25,371.0,33.78,909095374,GLD   260925C00371000,0.06297056810403832,23,0.9210983663538409,0.03767970311843859,0.25786751281144105,16.448845462135388,402.78,2026-09-02,NSS,continuous_rate,-0.001196933340446035,0.03857268224405938,0.039650787456612456,0.15731369166361667,2.1532279899754223,16.810163806603725,2.060781659511834
2026-09-02,2026-09-02 20:00:00+00:00,2026-09-25,372.0,32.85,909095410,GLD   260925C00372000,0.06297056810403832,23,0.9235811112766275,0.03767970311843859,0.2557164614562877,17.142887496310042,402.78,2026-09-02,NSS,continuous_rate,-0.001196933340446035,0.03857268224405938,0.039650787456612456,0.15731369166361667,2.1532279899754223,16.810163806603725,2.060781659511834
2026-09-02,2026-09-02 20:00:00+00:00,2026-09-25,373.0,31.95,909095440,GLD   260925C00373000,0.06297056810403832,23,0.9260638561994141,0.03767970311843859,0.2550061652480625,18.014577939990744,402.78,2026-09-02,NSS,continuous_rate,-0.001196933340446035,0.03857268224405938,0.039650787456612456,0.15731369166361667,2.1532279899754223,16.810163806603725,2.060781659511834
2026-09-02,2026-09-02 20:00:00+00:00,2026-09-25,374.0,31.05,909095488,GLD   260925C00374000,0.06297056810403832,23,0.9285466011222008,0.03767970311843859,0.2539380527499133,18.866689631081524,402.78,2026-09-02,NSS,continuous_rate,-0.001196933340446035,0.03857268224405938,0.039650787456612456,0.15731369166361667,2.1532279899754223,16.810163806603725,2.060781659511834
2026-09-02,2026-09-02 20:00:00+00:00,2026-09-25,375.0,30.15,909095542,GLD   260925C00375000,0.06297056810403832,23,0.9310293460449874,0.03767970311843859,0.2525416462969966,19.70212833486414,402.78,2026-09-02,NSS,continuous_rate,-0.001196933340446035,0.03857268224405938,0.039650787456612456,0.15731369166361667,2.1532279899754223,16.810163806603725,2.060781659511834
2026-09-02,2026-09-02 20:00:00+00:00,2026-09-25,376.0,29.18,908792971,GLD   260925C00376000,0.06297056810403832,23,0.933512090967774,0.03767970311843859,0.24739998239045963,20.15940112508189,402.78,2026-09-02,NSS,continuous_rate,-0.001196933340446035,0.03857268224405938,0.039650787456612456,0.15731369166361667,2.1532279899754223,16.810163806603725,2.060781659511834
2026-09-02,2026-09-02 20:00:00+00:00,2026-09-25,377.0,28.3,908813568,GLD   260925C00377000,0.06297056810403832,23,0.9359948358905607,0.03767970311843859,0.2464990762031637,21.087385317761242,402.78,2026-09-02,NSS,continuous_rate,-0.001196933340446035,0.03857268224405938,0.039650787456612456,0.15731369166361667,2.1532279899754223,16.810163806603725,2.060781659511834
2026-09-02,2026-09-02 20:00:00+00:00,2026-09-25,378.0,27.45,908813633,GLD   260925C00378000,0.06297056810403832,23,0.9384775808133473,0.03767970311843859,0.24660408072331924,22.131504695102443,402.78,2026-09-02,NSS,continuous_rate,-0.001196933340446035,0.03857268224405938,0.039650787456612456,0.15731369166361667,2.1532279899754223,16.810163806603725,2.060781659511834
2026-09-02,2026-09-02 20:00:00+00:00,2026-09-25,379.0,26.55,908813693,GLD   260925C00379000,0.06297056810403832,23,0.940960325736134,0.03767970311843859,0.24409784866841513,22.921887801775426,402.78,2026-09-02,NSS,continuous_rate,-0.001196933340446035,0.03857268224405938,0.039650787456612456,0.15731369166361667,2.1532279899754223,16.810163806603725,2.060781659511834
2026-09-02,2026-09-02 20:00:00+00:00,2026-09-25,380.0,25.7,908813769,GLD   260925C00380000,0.06297056810403832,23,0.9434430706589205,0.03767970311843859,0.24344928859891374,23.9096242545756,402.78,2026-09-02,NSS,continuous_rate,-0.001196933340446035,0.03857268224405938,0.039650787456612456,0.15731369166361667,2.1532279899754223,16.810163806603725,2.060781659511834
2026-09-02,2026-09-02 20:00:00+00:00,2026-09-25,381.0,24.9,908813836,GLD   260925C00381000,0.06297056810403832,23,0.9459258155817072,0.03767970311843859,0.24442321832878516,25.05101553445318,402.78,2026-09-02,NSS,continuous_rate,-0.001196933340446035,0.03857268224405938,0.039650787456612456,0.15731369166361667,2.1532279899754223,16.810163806603725,2.060781659511834
2026-09-02,2026-09-02 20:00:00+00:00,2026-09-25,382.0,24.05,908813896,GLD   260925C00382000,0.06297056810403832,23,0.9484085605044938,0.03767970311843859,0.24296800003154206,25.96666312781689,402.78,2026-09-02,NSS,continuous_rate,-0.001196933340446035,0.03857268224405938,0.039650787456612456,0.15731369166361667,2.1532279899754223,16.810163806603725,2.060781659511834
2026-09-02,2026-09-02 20:00:00+00:00,2026-09-25,383.0,23.25,908813963,GLD   260925C00383000,0.06297056810403832,23,0.9508913054272805,0.03767970311843859,0.24304251366043467,27.013916149334907,402.78,2026-09-02,NSS,continuous_rate,-0.001196933340446035,0.03857268224405938,0.039650787456612456,0.15731369166361667,2.1532279899754223,16.810163806603725,2.060781659511834
2026-09-02,2026-09-02 20:00:00+00:00,2026-09-25,384.0,22.45,908814016,GLD   260925C00384000,0.06297056810403832,23,0.9533740503500671,0.03767970311843859,0.24268226666720585,28.013983665141478,402.78,2026-09-02,NSS,continuous_rate,-0.001196933340446035,0.03857268224405938,0.039650787456612456,0.15731369166361667,2.1532279899754223,16.810163806603725,2.060781659511834
2026-09-02,2026-09-02 20:00:00+00:00,2026-09-25,385.0,21.63,908814087,GLD   260925C00385000,0.06297056810403832,23,0.9558567952728537,0.03767970311843859,0.24122728119594977,28.920846885697454,402.78,2026-09-02,NSS,continuous_rate,-0.001196933340446035,0.03857268224405938,0.039650787456612456,0.15731369166361667,2.1532279899754223,16.810163806603725,2.060781659511834
2026-09-02,2026-09-02 20:00:00+00:00,2026-09-25,386.0,20.9,908814156,GLD   260925C00386000,0.06297056810403832,23,0.9583395401956404,0.03767970311843859,0.24244476553434513,30.004168024029042,402.78,2026-09-02,NSS,continuous_rate,-0.001196933340446035,0.03857268224405938,0.039650787456612456,0.15731369166361667,2.1532279899754223,16.810163806603725,2.060781659511834
2026-09-02,2026-09-02 20:00:00+00:00,2026-09-25,387.0,20.1,908814242,GLD   260925C00387000,0.06297056810403832,23,0.960822285118427,0.03767970311843859,0.2408950943906792,30.87695228894365,402.78,2026-09-02,NSS,continuous_rate,-0.001196933340446035,0.03857268224405938,0.039650787456612456,0.15731369166361667,2.1532279899754223,16.810163806603725,2.060781659511834
2026-09-02,2026-09-02 20:00:00+00:00,2026-09-25,388.0,19.35,908814298,GLD   260925C00388000,0.06297056810403832,23,0.9633050300412136,0.03767970311843859,0.24058064892562112,31.808212858082538,402.78,2026-09-02,NSS,continuous_rate,-0.001196933340446035,0.03857268224405938,0.039650787456612456,0.15731369166361667,2.1532279899754223,16.810163806603725,2.060781659511834
2026-09-02,2026-09-02 20:00:00+00:00,2026-09-25,389.0,18.6,908814364,GLD   260925C00389000,0.06297056810403832,23,0.9657877749640003,0.03767970311843859,0.2398575379750692,32.68899261727461,402.78,2026-09-02,NSS,continuous_rate,-0.001196933340446035,0.03857268224405938,0.039650787456612456,0.15731369166361667,2.1532279899754223,16.810163806603725,2.060781659511834
2026-09-02,2026-09-02 20:00:00+00:00,2026-09-25,390.0,17.85,908814433,GLD   260925C00390000,0.06297056810403832,23,0.9682705198867869,0.03767970311843859,0.23874611053029082,33.52275738741167,402.78,2026-09-02,NSS,continuous_rate,-0.001196933340446035,0.03857268224405938,0.039650787456612456,0.15731369166361667,2.1532279899754223,16.810163806603725,2.060781659511834
2026-09-02,2026-09-02 20:00:00+00:00,2026-09-25,391.0,17.13,908814504,GLD   260925C00391000,0.06297056810403832,23,0.9707532648095736,0.03767970311843859,0.2381361902615987,34.34845259935263,402.78,2026-09-02,NSS,continuous_rate,-0.001196933340446035,0.03857268224405938,0.039650787456612456,0.15731369166361667,2.1532279899754223,16.810163806603725,2.060781659511834
2026-09-02,2026-09-02 20:00:00+00:00,2026-09-25,392.0,16.48,908814559,GLD   260925C00392000,0.06297056810403832,23,0.9732360097323601,0.03767970311843859,0.23911931196143854,35.19295308368852,402.78,2026-09-02,NSS,continuous_rate,-0.001196933340446035,0.03857268224405938,0.039650787456612456,0.15731369166361667,2.1532279899754223,16.810163806603725,2.060781659511834
2026-09-02,2026-09-02 20:00:00+00:00,2026-09-25,393.0,15.85,908814616,GLD   260925C00393000,0.06297056810403832,23,0.9757187546551468,0.03767970311843859,0.24019203441413126,35.980923040537824,402.78,2026-09-02,NSS,continuous_rate,-0.001196933340446035,0.03857268224405938,0.039650787456612456,0.15731369166361667,2.1532279899754223,16.810163806603725,2.060781659511834
2026-09-02,2026-09-02 20:00:00+00:00,2026-09-25,394.0,15.15,908814698,GLD   260925C00394000,0.06297056810403832,23,0.9782014995779335,0.03767970311843859,0.2388929864759557,36.64715246138008,402.78,2026-09-02,NSS,continuous_rate,-0.001196933340446035,0.03857268224405938,0.039650787456612456,0.15731369166361667,2.1532279899754223,16.810163806603725,2.060781659511834
2026-09-02,2026-09-02 20:00:00+00:00,2026-09-25,395.0,14.5,908814758,GLD   260925C00395000,0.06297056810403832,23,0.9806842445007201,0.03767970311843859,0.23856031539263206,37.29069955264619,402.78,2026-09-02,NSS,continuous_rate,-0.001196933340446035,0.03857268224405938,0.039650787456612456,0.15731369166361667,2.1532279899754223,16.810163806603725,2.060781659511834
2026-09-02,2026-09-02 20:00:00+00:00,2026-09-25,396.0,13.88,908814823,GLD   260925C00396000,0.06297056810403832,23,0.9831669894235067,0.03767970311843859,0.23861053130151705,37.88568615936632,402.78,2026-09-02,NSS,continuous_rate,-0.001196933340446035,0.03857268224405938,0.039650787456612456,0.15731369166361667,2.1532279899754223,16.810163806603725,2.060781659511834
2026-09-02,2026-09-02 20:00:00+00:00,2026-09-25,397.0,13.25,908814899,GLD   260925C00397000,0.06297056810403832,23,0.9856497343462933,0.03767970311843859,0.23798045761538672,38.41129599737923,402.78,2026-09-02,NSS,continuous_rate,-0.001196933340446035,0.03857268224405938,0.039650787456612456,0.15731369166361667,2.1532279899754223,16.810163806603725,2.060781659511834
2026-09-02,2026-09-02 20:00:00+00:00,2026-09-25,398.0,12.65,908814968,GLD   260925C00398000,0.06297056810403832,23,0.98813247926908,0.03767970311843859,0.2377199905271642,38.88194780518949,402.78,2026-09-02,NSS,continuous_rate,-0.001196933340446035,0.03857268224405938,0.039650787456612456,0.15731369166361667,2.1532279899754223,16.810163806603725,2.060781659511834
2026-09-02,2026-09-02 20:00:00+00:00,2026-09-25,399.0,12.05,908815038,GLD   260925C00399000,0.06297056810403832,23,0.9906152241918667,0.03767970311843859,0.2370480500720441,39.28659777432195,402.78,2026-09-02,NSS,continuous_rate,-0.001196933340446035,0.03857268224405938,0.039650787456612456,0.15731369166361667,2.1532279899754223,16.810163806603725,2.060781659511834
2026-09-02,2026-09-02 20:00:00+00:00,2026-09-25,400.0,11.5,908815088,GLD   260925C00400000,0.06297056810403832,23,0.9930979691146532,0.03767970311843859,0.23723341215336696,39.63120335249597,402.78,2026-09-02,NSS,continuous_rate,-0.001196933340446035,0.03857268224405938,0.039650787456612456,0.15731369166361667,2.1532279899754223,16.810163806603725,2.060781659511834
2026-09-02,2026-09-02 20:00:00+00:00,2026-09-25,401.0,10.93,908815142,GLD   260925C00401000,0.06297056810403832,23,0.9955807140374399,0.03767970311843859,0.23649929319014773,39.90489946949455,402.78,2026-09-02,NSS,continuous_rate,-0.001196933340446035,0.03857268224405938,0.039650787456612456,0.15731369166361667,2.1532279899754223,16.810163806603725,2.060781659511834
2026-09-02,2026-09-02 20:00:00+00:00,2026-09-25,402.0,10.45,908815202,GLD   260925C00402000,0.06297056810403832,23,0.9980634589602265,0.03767970311843859,0.2376023295863532,40.11274321146973,402.78,2026-09-02,NSS,continuous_rate,-0.001196933340446035,0.03857268224405938,0.039650787456612456,0.15731369166361667,2.1532279899754223,16.810163806603725,2.060781659511834
2026-09-02,2026-09-02 20:00:00+00:00,2026-09-25,403.0,9.95,908815261,GLD   260925C00403000,0.06297056810403832,23,1.000546203883013,0.03767970311843859,0.2377869419679977,40.24883650682355,402.78,2026-09-02,NSS,continuous_rate,-0.001196933340446035,0.03857268224405938,0.039650787456612456,0.15731369166361667,2.1532279899754223,16.810163806603725,2.060781659511834
2026-09-02,2026-09-02 20:00:00+00:00,2026-09-25,404.0,9.48,908815304,GLD   260925C00404000,0.06297056810403832,23,1.0030289488057997,0.03767970311843859,0.2383042999372818,40.315157150286396,402.78,2026-09-02,NSS,continuous_rate,-0.001196933340446035,0.03857268224405938,0.039650787456612456,0.15731369166361667,2.1532279899754223,16.810163806603725,2.060781659511834
2026-09-02,2026-09-02 20:00:00+00:00,2026-09-25,405.0,8.98,909095714,GLD   260925C00405000,0.06297056810403832,23,1.0055116937285864,0.03767970311843859,0.23766837766235693,40.3121788076505,402.78,2026-09-02,NSS,continuous_rate,-0.001196933340446035,0.03857268224405938,0.039650787456612456,0.15731369166361667,2.1532279899754223,16.810163806603725,2.060781659511834
2026-09-02,2026-09-02 20:00:00+00:00,2026-09-25,406.0,8.55,909095755,GLD   260925C00406000,0.06297056810403832,23,1.007994438651373,0.03767970311843859,0.23836279513826597,40.241103092598614,402.78,2026-09-02,NSS,continuous_rate,-0.001196933340446035,0.03857268224405938,0.039650787456612456,0.15731369166361667,2.1532279899754223,16.810163806603725,2.060781659511834
2026-09-02,2026-09-02 20:00:00+00:00,2026-09-25,407.0,8.15,909095805,GLD   260925C00407000,0.06297056810403832,23,1.0104771835741597,0.03767970311843859,0.23940336897866804,40.10513210719913,402.78,2026-09-02,NSS,continuous_rate,-0.001196933340446035,0.03857268224405938,0.039650787456612456,0.15731369166361667,2.1532279899754223,16.810163806603725,2.060781659511834
2026-09-02,2026-09-02 20:00:00+00:00,2026-09-25,408.0,7.75,909095857,GLD   260925C00408000,0.06297056810403832,23,1.0129599284969464,0.03767970311843859,0.24005035514449702,39.90506716904883,402.78,2026-09-02,NSS,continuous_rate,-0.001196933340446035,0.03857268224405938,0.039650787456612456,0.15731369166361667,2.1532279899754223,16.810163806603725,2.060781659511834
2026-09-02,2026-09-02 20:00:00+00:00,2026-09-25,409.0,7.35,909095901,GLD   260925C00409000,0.06297056810403832,23,1.0154426734197328,0.03767970311843859,0.2403049270787277,39.64097329301503,402.78,2026-09-02,NSS,continuous_rate,-0.001196933340446035,0.03857268224405938,0.039650787456612456,0.15731369166361667,2.1532279899754223,16.810163806603725,2.060781659511834
2026-09-02,2026-09-02 20:00:00+00:00,2026-09-25,410.0,6.98,909095961,GLD   260925C00410000,0.06297056810403832,23,1.0179254183425195,0.03767970311843859,0.2409280904895626,39.31996079749736,402.78,2026-09-02,NSS,continuous_rate,-0.001196933340446035,0.03857268224405938,0.039650787456612456,0.15731369166361667,2.1532279899754223,16.810163806603725,2.060781659511834
2026-09-02,2026-09-02 20:00:00+00:00,2026-09-25,411.0,6.63,910568181,GLD   260925C00411000,0.06297056810403832,23,1.0204081632653061,0.03767970311843859,0.24168023018417883,38.94484824474132,402.78,2026-09-02,NSS,continuous_rate,-0.001196933340446035,0.03857268224405938,0.039650787456612456,0.15731369166361667,2.1532279899754223,16.810163806603725,2.060781659511834
2026-09-02,2026-09-02 20:00:00+00:00,2026-09-25,412.0,6.3,910568253,GLD   260925C00412000,0.06297056810403832,23,1.0228909081880928,0.03767970311843859,0.2425742260961794,38.52030265486568,402.78,2026-09-02,NSS,continuous_rate,-0.001196933340446035,0.03857268224405938,0.039650787456612456,0.15731369166361667,2.1532279899754223,16.810163806603725,2.060781659511834
2026-09-02,2026-09-02 20:00:00+00:00,2026-09-25,413.0,5.98,910568332,GLD   260925C00413000,0.06297056810403832,23,1.0253736531108795,0.03767970311843859,0.2433620533580892,38.04596371993125,402.78,2026-09-02,NSS,continuous_rate,-0.001196933340446035,0.03857268224405938,0.039650787456612456,0.15731369166361667,2.1532279899754223,16.810163806603725,2.060781659511834
2026-09-02,2026-09-02 20:00:00+00:00,2026-09-25,414.0,5.65,910568397,GLD   260925C00414000,0.06297056810403832,23,1.0278563980336661,0.03767970311843859,0.24351664981348436,37.51034933083732,402.78,2026-09-02,NSS,continuous_rate,-0.001196933340446035,0.03857268224405938,0.039650787456612456,0.15731369166361667,2.1532279899754223,16.810163806603725,2.060781659511834
2026-09-02,2026-09-02 20:00:00+00:00,2026-09-25,415.0,5.35,909096012,GLD   260925C00415000,0.06297056810403832,23,1.0303391429564528,0.03767970311843859,0.24410183464931323,36.94051242461859,402.78,2026-09-02,NSS,continuous_rate,-0.001196933340446035,0.03857268224405938,0.039650787456612456,0.15731369166361667,2.1532279899754223,16.810163806603725,2.060781659511834
2026-09-02,2026-09-02 20:00:00+00:00,2026-09-25,416.0,5.05,910568466,GLD   260925C00416000,0.06297056810403832,23,1.0328218878792395,0.03767970311843859,0.24432219047648834,36.31770840371705,402.78,2026-09-02,NSS,continuous_rate,-0.001196933340446035,0.03857268224405938,0.039650787456612456,0.15731369166361667,2.1532279899754223,16.810163806603725,2.060781659511834
2026-09-02,2026-09-02 20:00:00+00:00,2026-09-25,417.0,4.83,910568525,GLD   260925C00417000,0.06297056810403832,23,1.035304632802026,0.03767970311843859,0.24640980140669272,35.72903250265504,402.78,2026-09-02,NSS,continuous_rate,-0.001196933340446035,0.03857268224405938,0.039650787456612456,0.15731369166361667,2.1532279899754223,16.810163806603725,2.060781659511834
2026-09-02,2026-09-02 20:00:00+00:00,2026-09-25,418.0,4.55,910568597,GLD   260925C00418000,0.06297056810403832,23,1.0377873777248126,0.03767970311843859,0.24648551176115874,35.03188189006343,402.78,2026-09-02,NSS,continuous_rate,-0.001196933340446035,0.03857268224405938,0.039650787456612456,0.15731369166361667,2.1532279899754223,16.810163806603725,2.060781659511834
2026-09-02,2026-09-02 20:00:00+00:00,2026-09-25,419.0,4.3,912702951,GLD   260925C00419000,0.06297056810403832,23,1.0402701226475992,0.03767970311843859,0.24706226363973693,34.32452020101785,402.78,2026-09-02,NSS,continuous_rate,-0.001196933340446035,0.03857268224405938,0.039650787456612456,0.15731369166361667,2.1532279899754223,16.810163806603725,2.060781659511834
2026-09-02,2026-09-02 20:00:00+00:00,2026-09-25,420.0,4.08,909096064,GLD   260925C00420000,0.06297056810403832,23,1.0427528675703859,0.03767970311843859,0.24818303206311543,33.62006405961168,402.78,2026-09-02,NSS,continuous_rate,-0.001196933340446035,0.03857268224405938,0.039650787456612456,0.15731369166361667,2.1532279899754223,16.810163806603725,2.060781659511834
2026-09-02,2026-09-02 20:00:00+00:00,2026-09-25,421.0,3.85,912703075,GLD   260925C00421000,0.06297056810403832,23,1.0452356124931725,0.03767970311843859,0.24867948225876318,32.86042660779325,402.78,2026-09-02,NSS,continuous_rate,-0.001196933340446035,0.03857268224405938,0.039650787456612456,0.15731369166361667,2.1532279899754223,16.810163806603725,2.060781659511834
2026-09-02,2026-09-02 20:00:00+00:00,2026-09-25,422.0,3.65,912703177,GLD   260925C00422000,0.06297056810403832,23,1.0477183574159592,0.03767970311843859,0.2497659973229282,32.11752083695124,402.78,2026-09-02,NSS,continuous_rate,-0.001196933340446035,0.03857268224405938,0.039650787456612456,0.15731369166361667,2.1532279899754223,16.810163806603725,2.060781659511834
2026-09-02,2026-09-02 20:00:00+00:00,2026-09-25,423.0,3.45,912703267,GLD   260925C00423000,0.06297056810403832,23,1.0502011023387459,0.03767970311843859,0.2505411029729061,31.340796595195172,402.78,2026-09-02,NSS,continuous_rate,-0.001196933340446035,0.03857268224405938,0.039650787456612456,0.15731369166361667,2.1532279899754223,16.810163806603725,2.060781659511834
2026-09-02,2026-09-02 20:00:00+00:00,2026-09-25,424.0,3.25,912703366,GLD   260925C00424000,0.06297056810403832,23,1.0526838472615325,0.03767970311843859,0.25099378188299015,30.527995038604008,402.78,2026-09-02,NSS,continuous_rate,-0.001196933340446035,0.03857268224405938,0.039650787456612456,0.15731369166361667,2.1532279899754223,16.810163806603725,2.060781659511834
2026-09-02,2026-09-02 20:00:00+00:00,2026-09-25,425.0,3.1,909096121,GLD   260925C00425000,0.06297056810403832,23,1.055166592184319,0.03767970311843859,0.2527912078159862,29.806919442019467,402.78,2026-09-02,NSS,continuous_rate,-0.001196933340446035,0.03857268224405938,0.039650787456612456,0.15731369166361667,2.1532279899754223,16.810163806603725,2.060781659511834
2026-09-02,2026-09-02 20:00:00+00:00,2026-09-25,426.0,2.94,912703456,GLD   260925C00426000,0.06297056810403832,23,1.0576493371071056,0.03767970311843859,0.25398553993823014,29.03805783378523,402.78,2026-09-02,NSS,continuous_rate,-0.001196933340446035,0.03857268224405938,0.039650787456612456,0.15731369166361667,2.1532279899754223,16.810163806603725,2.060781659511834
2026-09-02,2026-09-02 20:00:00+00:00,2026-09-25,427.0,2.77,912703559,GLD   260925C00427000,0.06297056810403832,23,1.0601320820298923,0.03767970311843859,0.2545406809086912,28.21354167929395,402.78,2026-09-02,NSS,continuous_rate,-0.001196933340446035,0.03857268224405938,0.039650787456612456,0.15731369166361667,2.1532279899754223,16.810163806603725,2.060781659511834
2026-09-02,2026-09-02 20:00:00+00:00,2026-09-25,428.0,2.62,912703660,GLD   260925C00428000,0.06297056810403832,23,1.062614826952679,0.03767970311843859,0.2555078214327805,27.42162948594427,402.78,2026-09-02,NSS,continuous_rate,-0.001196933340446035,0.03857268224405938,0.039650787456612456,0.15731369166361667,2.1532279899754223,16.810163806603725,2.060781659511834
2026-09-02,2026-09-02 20:00:00+00:00,2026-09-25,429.0,2.48,912703763,GLD   260925C00429000,0.06297056810403832,23,1.0650975718754656,0.03767970311843859,0.25656167566748334,26.63898309426246,402.78,2026-09-02,NSS,continuous_rate,-0.001196933340446035,0.03857268224405938,0.039650787456612456,0.15731369166361667,2.1532279899754223,16.810163806603725,2.060781659511834
2026-09-02,2026-09-02 20:00:00+00:00,2026-09-25,430.0,2.33,909096169,GLD   260925C00430000,0.06297056810403832,23,1.0675803167982523,0.03767970311843859,0.25694913536207753,25.79641715249838,402.78,2026-09-02,NSS,continuous_rate,-0.001196933340446035,0.03857268224405938,0.039650787456612456,0.15731369166361667,2.1532279899754223,16.810163806603725,2.060781659511834
2026-09-02,2026-09-02 20:00:00+00:00,2026-09-25,431.0,2.22,917782874,GLD   260925C00431000,0.06297056810403832,23,1.070063061721039,0.03767970311843859,0.2586174173765817,25.08157547932412,402.78,2026-09-02,NSS,continuous_rate,-0.001196933340446035,0.03857268224405938,0.039650787456612456,0.15731369166361667,2.1532279899754223,16.810163806603725,2.060781659511834
2026-09-02,2026-09-02 20:00:00+00:00,2026-09-25,432.0,2.09,917782949,GLD   260925C00432000,0.06297056810403832,23,1.0725458066438256,0.03767970311843859,0.2592311746175402,24.270612371364574,402.78,2026-09-02,NSS,continuous_rate,-0.001196933340446035,0.03857268224405938,0.039650787456612456,0.15731369166361667,2.1532279899754223,16.810163806603725,2.060781659511834
2026-09-02,2026-09-02 20:00:00+00:00,2026-09-25,433.0,1.99,917783005,GLD   260925C00433000,0.06297056810403832,23,1.075028551566612,0.03767970311843859,0.2608256135419943,23.567434920851486,402.78,2026-09-02,NSS,continuous_rate,-0.001196933340446035,0.03857268224405938,0.039650787456612456,0.15731369166361667,2.1532279899754223,16.810163806603725,2.060781659511834
2026-09-02,2026-09-02 20:00:00+00:00,2026-09-25,434.0,1.88,917783086,GLD   260925C00434000,0.06297056810403832,23,1.0775112964893987,0.03767970311843859,0.26175597687317065,22.80640241988261,402.78,2026-09-02,NSS,continuous_rate,-0.001196933340446035,0.03857268224405938,0.039650787456612456,0.15731369166361667,2.1532279899754223,16.810163806603725,2.060781659511834
2026-09-02,2026-09-02 20:00:00+00:00,2026-09-25,435.0,1.77,909096215,GLD   260925C00435000,0.06297056810403832,23,1.0799940414121854,0.03767970311843859,0.2624209884269163,22.02727199952874,402.78,2026-09-02,NSS,continuous_rate,-0.001196933340446035,0.03857268224405938,0.039650787456612456,0.15731369166361667,2.1532279899754223,16.810163806603725,2.060781659511834
2026-09-02,2026-09-02 20:00:00+00:00,2026-09-25,440.0,1.34,909096255,GLD   260925C00440000,0.06297056810403832,23,1.0924077660261184,0.03767970311843859,0.2676967647585087,18.534642802191296,402.78,2026-09-02,NSS,continuous_rate,-0.001196933340446035,0.03857268224405938,0.039650787456612456,0.15731369166361667,2.1532279899754223,16.810163806603725,2.060781659511834
2026-09-02,2026-09-02 20:00:00+00:00,2026-09-25,445.0,1.04,909096293,GLD   260925C00445000,0.06297056810403832,23,1.1048214906400518,0.03767970311843859,0.2746218850388191,15.61121786428074,402.78,2026-09-02,NSS,continuous_rate,-0.001196933340446035,0.03857268224405938,0.039650787456612456,0.15731369166361667,2.1532279899754223,16.810163806603725,2.060781659511834
2026-09-02,2026-09-02 20:00:00+00:00,2026-09-25,450.0,0.79,909096341,GLD   260925C00450000,0.06297056810403832,23,1.1172352152539848,0.03767970311843859,0.2799105180214161,12.90792788723142,402.78,2026-09-02,NSS,continuous_rate,-0.001196933340446035,0.03857268224405938,0.039650787456612456,0.15731369166361667,2.1532279899754223,16.810163806603725,2.060781659511834
2026-09-02,2026-09-02 20:00:00+00:00,2026-09-25,455.0,0.65,909096389,GLD   260925C00455000,0.06297056810403832,23,1.1296489398679181,0.03767970311843859,0.2896980196124873,11.0692755774534,402.78,2026-09-02,NSS,continuous_rate,-0.001196933340446035,0.03857268224405938,0.039650787456612456,0.15731369166361667,2.1532279899754223,16.810163806603725,2.060781659511834
2026-09-02,2026-09-02 20:00:00+00:00,2026-09-25,460.0,0.53,909096465,GLD   260925C00460000,0.06297056810403832,23,1.1420626644818512,0.03767970311843859,0.29835423835860564,9.423295161114199,402.78,2026-09-02,NSS,continuous_rate,-0.001196933340446035,0.03857268224405938,0.039650787456612456,0.15731369166361667,2.1532279899754223,16.810163806603725,2.060781659511834
2026-09-02,2026-09-02 20:00:00+00:00,2026-09-25,465.0,0.41,909096528,GLD   260925C00465000,0.06297056810403832,23,1.1544763890957843,0.03767970311843859,0.30369065654678273,7.756524403467571,402.78,2026-09-02,NSS,continuous_rate,-0.001196933340446035,0.03857268224405938,0.039650787456612456,0.15731369166361667,2.1532279899754223,16.810163806603725,2.060781659511834
2026-09-02,2026-09-02 20:00:00+00:00,2026-09-25,470.0,0.34,909096604,GLD   260925C00470000,0.06297056810403832,23,1.1668901137097176,0.03767970311843859,0.3123540183941834,6.636519335159341,402.78,2026-09-02,NSS,continuous_rate,-0.001196933340446035,0.03857268224405938,0.039650787456612456,0.15731369166361667,2.1532279899754223,16.810163806603725,2.060781659511834
2026-09-02,2026-09-02 20:00:00+00:00,2026-09-25,475.0,0.29,909096663,GLD   260925C00475000,0.06297056810403832,23,1.1793038383236507,0.03767970311843859,0.3219537737658247,5.7735521520462,402.78,2026-09-02,NSS,continuous_rate,-0.001196933340446035,0.03857268224405938,0.039650787456612456,0.15731369166361667,2.1532279899754223,16.810163806603725,2.060781659511834
2026-09-02,2026-09-02 20:00:00+00:00,2026-09-25,480.0,0.24,909096739,GLD   260925C00480000,0.06297056810403832,23,1.1917175629375838,0.03767970311843859,0.3295837048741057,4.924676571127819,402.78,2026-09-02,NSS,continuous_rate,-0.001196933340446035,0.03857268224405938,0.039650787456612456,0.15731369166361667,2.1532279899754223,16.810163806603725,2.060781659511834
2026-09-02,2026-09-02 20:00:00+00:00,2026-09-30,323.0,80.73,819193412,GLD   260930C00323000,0.07665982203969883,28,0.8019266100600825,0.03774409798668418,0.28131253558062025,0.644587183078416,402.78,2026-09-02,NSS,continuous_rate,-0.001196933340446035,0.03857268224405938,0.039650787456612456,0.15731369166361667,2.1532279899754223,16.810163806603725,2.060781659511834
2026-09-02,2026-09-02 20:00:00+00:00,2026-09-30,324.0,79.75,819193446,GLD   260930C00324000,0.07665982203969883,28,0.8044093549828691,0.03774409798668418,0.2974949661143125,1.1048617783711463,402.78,2026-09-02,NSS,continuous_rate,-0.001196933340446035,0.03857268224405938,0.039650787456612456,0.15731369166361667,2.1532279899754223,16.810163806603725,2.060781659511834
2026-09-02,2026-09-02 20:00:00+00:00,2026-09-30,325.0,78.75,819193479,GLD   260930C00325000,0.07665982203969883,28,0.8068920999056558,0.03774409798668418,0.2910440471783281,1.0455796521761602,402.78,2026-09-02,NSS,continuous_rate,-0.001196933340446035,0.03857268224405938,0.039650787456612456,0.15731369166361667,2.1532279899754223,16.810163806603725,2.060781659511834
2026-09-02,2026-09-02 20:00:00+00:00,2026-09-30,326.0,77.75,819193504,GLD   260930C00326000,0.07665982203969883,28,0.8093748448284424,0.03774409798668418,0.28446986085176473,0.9829812392066687,402.78,2026-09-02,NSS,continuous_rate,-0.001196933340446035,0.03857268224405938,0.039650787456612456,0.15731369166361667,2.1532279899754223,16.810163806603725,2.060781659511834
2026-09-02,2026-09-02 20:00:00+00:00,2026-09-30,327.0,76.78,819193531,GLD   260930C00327000,0.07665982203969883,28,0.811857589751229,0.03774409798668418,0.3016715849306434,1.6292800952726605,402.78,2026-09-02,NSS,continuous_rate,-0.001196933340446035,0.03857268224405938,0.039650787456612456,0.15731369166361667,2.1532279899754223,16.810163806603725,2.060781659511834
2026-09-02,2026-09-02 20:00:00+00:00,2026-09-30,328.0,75.8,819193559,GLD   260930C00328000,0.07665982203969883,28,0.8143403346740157,0.03774409798668418,0.3071545717341825,1.9966166589756336,402.78,2026-09-02,NSS,continuous_rate,-0.001196933340446035,0.03857268224405938,0.039650787456612456,0.15731369166361667,2.1532279899754223,16.810163806603725,2.060781659511834
2026-09-02,2026-09-02 20:00:00+00:00,2026-09-30,329.0,74.8,819193584,GLD   260930C00329000,0.07665982203969883,28,0.8168230795968022,0.03774409798668418,0.3016842879164963,1.9610449815765776,402.78,2026-09-02,NSS,continuous_rate,-0.001196933340446035,0.03857268224405938,0.039650787456612456,0.15731369166361667,2.1532279899754223,16.810163806603725,2.060781659511834
2026-09-02,2026-09-02 20:00:00+00:00,2026-09-30,330.0,73.8,819193614,GLD   260930C00330000,0.07665982203969883,28,0.8193058245195889,0.03774409798668418,0.2962106514045969,1.9239125834256312,402.78,2026-09-02,NSS,continuous_rate,-0.001196933340446035,0.03857268224405938,0.039650787456612456,0.15731369166361667,2.1532279899754223,16.810163806603725,2.060781659511834
2026-09-02,2026-09-02 20:00:00+00:00,2026-09-30,331.0,72.8,819193638,GLD   260930C00331000,0.07665982203969883,28,0.8217885694423755,0.03774409798668418,0.2907317064601928,1.885122007033343,402.78,2026-09-02,NSS,continuous_rate,-0.001196933340446035,0.03857268224405938,0.039650787456612456,0.15731369166361667,2.1532279899754223,16.810163806603725,2.060781659511834
2026-09-02,2026-09-02 20:00:00+00:00,2026-09-30,332.0,71.83,819193664,GLD   260930C00332000,0.07665982203969883,28,0.8242713143651622,0.03774409798668418,0.29927398016825313,2.446197680000449,402.78,2026-09-02,NSS,continuous_rate,-0.001196933340446035,0.03857268224405938,0.039650787456612456,0.15731369166361667,2.1532279899754223,16.810163806603725,2.060781659511834
2026-09-02,2026-09-02 20:00:00+00:00,2026-09-30,333.0,70.85,819193691,GLD   260930C00333000,0.07665982203969883,28,0.8267540592879488,0.03774409798668418,0.30170399430803957,2.7867282592519413,402.78,2026-09-02,NSS,continuous_rate,-0.001196933340446035,0.03857268224405938,0.039650787456612456,0.15731369166361667,2.1532279899754223,16.810163806603725,2.060781659511834
2026-09-02,2026-09-02 20:00:00+00:00,2026-09-30,334.0,69.85,819193715,GLD   260930C00334000,0.07665982203969883,28,0.8292368042107354,0.03774409798668418,0.29652476160023367,2.7661599861637383,402.78,2026-09-02,NSS,continuous_rate,-0.001196933340446035,0.03857268224405938,0.039650787456612456,0.15731369166361667,2.1532279899754223,16.810163806603725,2.060781659511834
2026-09-02,2026-09-02 20:00:00+00:00,2026-09-30,335.0,68.85,819193737,GLD   260930C00335000,0.07665982203969883,28,0.8317195491335221,0.03774409798668418,0.2913565648442134,2.7446661442558313,402.78,2026-09-02,NSS,continuous_rate,-0.001196933340446035,0.03857268224405938,0.039650787456612456,0.15731369166361667,2.1532279899754223,16.810163806603725,2.060781659511834
2026-09-02,2026-09-02 20:00:00+00:00,2026-09-30,336.0,67.88,819193774,GLD   260930C00336000,0.07665982203969883,28,0.8342022940563087,0.03774409798668418,0.29624197115637363,3.258967161925375,402.78,2026-09-02,NSS,continuous_rate,-0.001196933340446035,0.03857268224405938,0.039650787456612456,0.15731369166361667,2.1532279899754223,16.810163806603725,2.060781659511834
2026-09-02,2026-09-02 20:00:00+00:00,2026-09-30,337.0,66.9,819193800,GLD   260930C00337000,0.07665982203969883,28,0.8366850389790953,0.03774409798668418,0.2970143248031848,3.5832285294971045,402.78,2026-09-02,NSS,continuous_rate,-0.001196933340446035,0.03857268224405938,0.039650787456612456,0.15731369166361667,2.1532279899754223,16.810163806603725,2.060781659511834
2026-09-02,2026-09-02 20:00:00+00:00,2026-09-30,338.0,65.9,819193834,GLD   260930C00338000,0.07665982203969883,28,0.839167783901882,0.03774409798668418,0.29195849918155004,3.5767770451130154,402.78,2026-09-02,NSS,continuous_rate,-0.001196933340446035,0.03857268224405938,0.039650787456612456,0.15731369166361667,2.1532279899754223,16.810163806603725,2.060781659511834
2026-09-02,2026-09-02 20:00:00+00:00,2026-09-30,340.0,63.9,819193894,GLD   260930C00340000,0.07665982203969883,28,0.8441332737474553,0.03774409798668418,0.2818899160893634,3.5625719082103062,402.78,2026-09-02,NSS,continuous_rate,-0.001196933340446035,0.03857268224405938,0.039650787456612456,0.15731369166361667,2.1532279899754223,16.810163806603725,2.060781659511834
2026-09-02,2026-09-02 20:00:00+00:00,2026-09-30,345.0,58.78,819194020,GLD   260930C00345000,0.07665982203969883,28,0.8565469983613884,0.03774409798668418,0.17721180865466596,0.2341913999659968,402.78,2026-09-02,NSS,continuous_rate,-0.001196933340446035,0.03857268224405938,0.039650787456612456,0.15731369166361667,2.1532279899754223,16.810163806603725,2.060781659511834
2026-09-02,2026-09-02 20:00:00+00:00,2026-09-30,350.0,54.18,819194151,GLD   260930C00350000,0.07665982203969883,28,0.8689607229753216,0.03774409798668418,0.2829668526924216,7.759464978696179,402.78,2026-09-02,NSS,continuous_rate,-0.001196933340446035,0.03857268224405938,0.039650787456612456,0.15731369166361667,2.1532279899754223,16.810163806603725,2.060781659511834
2026-09-02,2026-09-02 20:00:00+00:00,2026-09-30,355.0,49.15,819194287,GLD   260930C00355000,0.07665982203969883,28,0.8813744475892548,0.03774409798668418,0.2538702771050856,7.703383856968998,402.78,2026-09-02,NSS,continuous_rate,-0.001196933340446035,0.03857268224405938,0.039650787456612456,0.15731369166361667,2.1532279899754223,16.810163806603725,2.060781659511834
2026-09-02,2026-09-02 20:00:00+00:00,2026-09-30,359.0,44.93,819194397,GLD   260930C00359000,0.07665982203969883,28,0.8913054272804013,0.03774409798668418,0.19707255917070432,4.051387199005611,402.78,2026-09-02,NSS,continuous_rate,-0.001196933340446035,0.03857268224405938,0.039650787456612456,0.15731369166361667,2.1532279899754223,16.810163806603725,2.060781659511834
2026-09-02,2026-09-02 20:00:00+00:00,2026-09-30,360.0,44.23,819194426,GLD   260930C00360000,0.07665982203969883,28,0.893788172203188,0.03774409798668418,0.2382911033603363,9.145722631097966,402.78,2026-09-02,NSS,continuous_rate,-0.001196933340446035,0.03857268224405938,0.039650787456612456,0.15731369166361667,2.1532279899754223,16.810163806603725,2.060781659511834
2026-09-02,2026-09-02 20:00:00+00:00,2026-09-30,361.0,43.43,819194451,GLD   260930C00361000,0.07665982203969883,28,0.8962709171259745,0.03774409798668418,0.25249164458801976,11.53955502910041,402.78,2026-09-02,NSS,continuous_rate,-0.001196933340446035,0.03857268224405938,0.039650787456612456,0.15731369166361667,2.1532279899754223,16.810163806603725,2.060781659511834
2026-09-02,2026-09-02 20:00:00+00:00,2026-09-30,362.0,42.08,819194479,GLD   260930C00362000,0.07665982203969883,28,0.8987536620487612,0.03774409798668418,0.2099741688732058,7.1115104551501265,402.78,2026-09-02,NSS,continuous_rate,-0.001196933340446035,0.03857268224405938,0.039650787456612456,0.15731369166361667,2.1532279899754223,16.810163806603725,2.060781659511834
2026-09-02,2026-09-02 20:00:00+00:00,2026-09-30,363.0,40.95,819194497,GLD   260930C00363000,0.07665982203969883,28,0.9012364069715478,0.03774409798668418,0.18284852580092842,4.540139054919672,402.78,2026-09-02,NSS,continuous_rate,-0.001196933340446035,0.03857268224405938,0.039650787456612456,0.15731369166361667,2.1532279899754223,16.810163806603725,2.060781659511834
2026-09-02,2026-09-02 20:00:00+00:00,2026-09-30,364.0,40.15,819194531,GLD   260930C00364000,0.07665982203969883,28,0.9037191518943344,0.03774409798668418,0.20925528604257854,8.39527875986515,402.78,2026-09-02,NSS,continuous_rate,-0.001196933340446035,0.03857268224405938,0.039650787456612456,0.15731369166361667,2.1532279899754223,16.810163806603725,2.060781659511834
2026-09-02,2026-09-02 20:00:00+00:00,2026-09-30,365.0,39.63,819194552,GLD   260930C00365000,0.07665982203969883,28,0.906201896817121,0.03774409798668418,0.24680690475367006,14.060048572557905,402.78,2026-09-02,NSS,continuous_rate,-0.001196933340446035,0.03857268224405938,0.039650787456612456,0.15731369166361667,2.1532279899754223,16.810163806603725,2.060781659511834
2026-09-02,2026-09-02 20:00:00+00:00,2026-09-30,366.0,38.67,819194570,GLD   260930C00366000,0.07665982203969883,28,0.9086846417399077,0.03774409798668418,0.2441571168516763,14.593535552002626,402.78,2026-09-02,NSS,continuous_rate,-0.001196933340446035,0.03857268224405938,0.039650787456612456,0.15731369166361667,2.1532279899754223,16.810163806603725,2.060781659511834
2026-09-02,2026-09-02 20:00:00+00:00,2026-09-30,367.0,37.7,819194599,GLD   260930C00367000,0.07665982203969883,28,0.9111673866626944,0.03774409798668418,0.24070927131390202,15.044297995021376,402.78,2026-09-02,NSS,continuous_rate,-0.001196933340446035,0.03857268224405938,0.039650787456612456,0.15731369166361667,2.1532279899754223,16.810163806603725,2.060781659511834
2026-09-02,2026-09-02 20:00:00+00:00,2026-09-30,368.0,36.78,819194626,GLD   260930C00368000,0.07665982203969883,28,0.9136501315854809,0.03774409798668418,0.2403572942997329,15.917599568425086,402.78,2026-09-02,NSS,continuous_rate,-0.001196933340446035,0.03857268224405938,0.039650787456612456,0.15731369166361667,2.1532279899754223,16.810163806603725,2.060781659511834
2026-09-02,2026-09-02 20:00:00+00:00,2026-09-30,369.0,35.85,819194646,GLD   260930C00369000,0.07665982203969883,28,0.9161328765082676,0.03774409798668418,0.2390659109930508,16.69403443453839,402.78,2026-09-02,NSS,continuous_rate,-0.001196933340446035,0.03857268224405938,0.039650787456612456,0.15731369166361667,2.1532279899754223,16.810163806603725,2.060781659511834
2026-09-02,2026-09-02 20:00:00+00:00,2026-09-30,370.0,34.98,819194661,GLD   260930C00370000,0.07665982203969883,28,0.9186156214310542,0.03774409798668418,0.24091393466955052,17.901672536441268,402.78,2026-09-02,NSS,continuous_rate,-0.001196933340446035,0.03857268224405938,0.039650787456612456,0.15731369166361667,2.1532279899754223,16.810163806603725,2.060781659511834
2026-09-02,2026-09-02 20:00:00+00:00,2026-09-30,371.0,34.08,819194683,GLD   260930C00371000,0.07665982203969883,28,0.9210983663538409,0.03774409798668418,0.24059556841487068,18.85017703109862,402.78,2026-09-02,NSS,continuous_rate,-0.001196933340446035,0.03857268224405938,0.039650787456612456,0.15731369166361667,2.1532279899754223,16.810163806603725,2.060781659511834
2026-09-02,2026-09-02 20:00:00+00:00,2026-09-30,372.0,33.17,819194706,GLD   260930C00372000,0.07665982203969883,28,0.9235811112766275,0.03774409798668418,0.23942709394674747,19.711135914809397,402.78,2026-09-02,NSS,continuous_rate,-0.001196933340446035,0.03857268224405938,0.039650787456612456,0.15731369166361667,2.1532279899754223,16.810163806603725,2.060781659511834
2026-09-02,2026-09-02 20:00:00+00:00,2026-09-30,373.0,32.28,819194724,GLD   260930C00373000,0.07665982203969883,28,0.9260638561994141,0.03774409798668418,0.23895876447381453,20.68074406048689,402.78,2026-09-02,NSS,continuous_rate,-0.001196933340446035,0.03857268224405938,0.039650787456612456,0.15731369166361667,2.1532279899754223,16.810163806603725,2.060781659511834
2026-09-02,2026-09-02 20:00:00+00:00,2026-09-30,374.0,31.35,819194746,GLD   260930C00374000,0.07665982203969883,28,0.9285466011222008,0.03774409798668418,0.23629964956277982,21.394784270357434,402.78,2026-09-02,NSS,continuous_rate,-0.001196933340446035,0.03857268224405938,0.039650787456612456,0.15731369166361667,2.1532279899754223,16.810163806603725,2.060781659511834
2026-09-02,2026-09-02 20:00:00+00:00,2026-09-30,375.0,30.55,819194762,GLD   260930C00375000,0.07665982203969883,28,0.9310293460449874,0.03774409798668418,0.23925951977083465,22.818413097034394,402.78,2026-09-02,NSS,continuous_rate,-0.001196933340446035,0.03857268224405938,0.039650787456612456,0.15731369166361667,2.1532279899754223,16.810163806603725,2.060781659511834
2026-09-02,2026-09-02 20:00:00+00:00,2026-09-30,376.0,29.63,819194779,GLD   260930C00376000,0.07665982203969883,28,0.933512090967774,0.03774409798668418,0.2365206107375212,23.560838672236258,402.78,2026-09-02,NSS,continuous_rate,-0.001196933340446035,0.03857268224405938,0.039650787456612456,0.15731369166361667,2.1532279899754223,16.810163806603725,2.060781659511834
2026-09-02,2026-09-02 20:00:00+00:00,2026-09-30,377.0,28.78,819194797,GLD   260930C00377000,0.07665982203969883,28,0.9359948358905607,0.03774409798668418,0.23647046933295207,24.637249872810948,402.78,2026-09-02,NSS,continuous_rate,-0.001196933340446035,0.03857268224405938,0.039650787456612456,0.15731369166361667,2.1532279899754223,16.810163806603725,2.060781659511834
2026-09-02,2026-09-02 20:00:00+00:00,2026-09-30,378.0,27.93,819194817,GLD   260930C00378000,0.07665982203969883,28,0.9384775808133473,0.03774409798668418,0.23605245355581866,25.677325609301064,402.78,2026-09-02,NSS,continuous_rate,-0.001196933340446035,0.03857268224405938,0.039650787456612456,0.15731369166361667,2.1532279899754223,16.810163806603725,2.060781659511834
2026-09-02,2026-09-02 20:00:00+00:00,2026-09-30,379.0,27.08,819194837,GLD   260930C00379000,0.07665982203969883,28,0.940960325736134,0.03774409798668418,0.23529591810656708,26.685354985966555,402.78,2026-09-02,NSS,continuous_rate,-0.001196933340446035,0.03857268224405938,0.039650787456612456,0.15731369166361667,2.1532279899754223,16.810163806603725,2.060781659511834
2026-09-02,2026-09-02 20:00:00+00:00,2026-09-30,380.0,26.2,819194854,GLD   260930C00380000,0.07665982203969883,28,0.9434430706589205,0.03774409798668418,0.23313814273690803,27.55048944278735,402.78,2026-09-02,NSS,continuous_rate,-0.001196933340446035,0.03857268224405938,0.039650787456612456,0.15731369166361667,2.1532279899754223,16.810163806603725,2.060781659511834
2026-09-02,2026-09-02 20:00:00+00:00,2026-09-30,381.0,25.43,819194871,GLD   260930C00381000,0.07665982203969883,28,0.9459258155817072,0.03774409798668418,0.23460045757023615,28.793398692163642,402.78,2026-09-02,NSS,continuous_rate,-0.001196933340446035,0.03857268224405938,0.039650787456612456,0.15731369166361667,2.1532279899754223,16.810163806603725,2.060781659511834
2026-09-02,2026-09-02 20:00:00+00:00,2026-09-30,382.0,24.63,819194895,GLD   260930C00382000,0.07665982203969883,28,0.9484085605044938,0.03774409798668418,0.2345794101010077,29.871682245872357,402.78,2026-09-02,NSS,continuous_rate,-0.001196933340446035,0.03857268224405938,0.039650787456612456,0.15731369166361667,2.1532279899754223,16.810163806603725,2.060781659511834
2026-09-02,2026-09-02 20:00:00+00:00,2026-09-30,383.0,23.83,819194914,GLD   260930C00383000,0.07665982203969883,28,0.9508913054272805,0.03774409798668418,0.23419170826738694,30.904992750342696,402.78,2026-09-02,NSS,continuous_rate,-0.001196933340446035,0.03857268224405938,0.039650787456612456,0.15731369166361667,2.1532279899754223,16.810163806603725,2.060781659511834
2026-09-02,2026-09-02 20:00:00+00:00,2026-09-30,384.0,23.0,819194931,GLD   260930C00384000,0.07665982203969883,28,0.9533740503500671,0.03774409798668418,0.23251998974131416,31.81836803796815,402.78,2026-09-02,NSS,continuous_rate,-0.001196933340446035,0.03857268224405938,0.039650787456612456,0.15731369166361667,2.1532279899754223,16.810163806603725,2.060781659511834
2026-09-02,2026-09-02 20:00:00+00:00,2026-09-30,385.0,22.23,819194945,GLD   260930C00385000,0.07665982203969883,28,0.9558567952728537,0.03774409798668418,0.2324090807541273,32.852913789648845,402.78,2026-09-02,NSS,continuous_rate,-0.001196933340446035,0.03857268224405938,0.039650787456612456,0.15731369166361667,2.1532279899754223,16.810163806603725,2.060781659511834
2026-09-02,2026-09-02 20:00:00+00:00,2026-09-30,386.0,21.45,819194960,GLD   260930C00386000,0.07665982203969883,28,0.9583395401956404,0.03774409798668418,0.23164182599643246,33.81720018994677,402.78,2026-09-02,NSS,continuous_rate,-0.001196933340446035,0.03857268224405938,0.039650787456612456,0.15731369166361667,2.1532279899754223,16.810163806603725,2.060781659511834
2026-09-02,2026-09-02 20:00:00+00:00,2026-09-30,387.0,20.75,819194982,GLD   260930C00387000,0.07665982203969883,28,0.960822285118427,0.03774409798668418,0.23284787857886405,34.89477057598132,402.78,2026-09-02,NSS,continuous_rate,-0.001196933340446035,0.03857268224405938,0.039650787456612456,0.15731369166361667,2.1532279899754223,16.810163806603725,2.060781659511834
2026-09-02,2026-09-02 20:00:00+00:00,2026-09-30,388.0,19.98,819195005,GLD   260930C00388000,0.07665982203969883,28,0.9633050300412136,0.03774409798668418,0.23166932740202173,35.782237597084,402.78,2026-09-02,NSS,continuous_rate,-0.001196933340446035,0.03857268224405938,0.039650787456612456,0.15731369166361667,2.1532279899754223,16.810163806603725,2.060781659511834
2026-09-02,2026-09-02 20:00:00+00:00,2026-09-30,389.0,19.25,897212423,GLD   260930C00389000,0.07665982203969883,28,0.9657877749640003,0.03774409798668418,0.23127531132763246,36.69148754683672,402.78,2026-09-02,NSS,continuous_rate,-0.001196933340446035,0.03857268224405938,0.039650787456612456,0.15731369166361667,2.1532279899754223,16.810163806603725,2.060781659511834
2026-09-02,2026-09-02 20:00:00+00:00,2026-09-30,390.0,18.58,819195021,GLD   260930C00390000,0.07665982203969883,28,0.9682705198867869,0.03774409798668418,0.2321323624120094,37.627630423321946,402.78,2026-09-02,NSS,continuous_rate,-0.001196933340446035,0.03857268224405938,0.039650787456612456,0.15731369166361667,2.1532279899754223,16.810163806603725,2.060781659511834
2026-09-02,2026-09-02 20:00:00+00:00,2026-09-30,391.0,17.85,897212438,GLD   260930C00391000,0.07665982203969883,28,0.9707532648095736,0.03774409798668418,0.23102879517255348,38.427854732111705,402.78,2026-09-02,NSS,continuous_rate,-0.001196933340446035,0.03857268224405938,0.039650787456612456,0.15731369166361667,2.1532279899754223,16.810163806603725,2.060781659511834
2026-09-02,2026-09-02 20:00:00+00:00,2026-09-30,392.0,17.2,897212458,GLD   260930C00392000,0.07665982203969883,28,0.9732360097323601,0.03774409798668418,0.23164829855887217,39.259140922317066,402.78,2026-09-02,NSS,continuous_rate,-0.001196933340446035,0.03857268224405938,0.039650787456612456,0.15731369166361667,2.1532279899754223,16.810163806603725,2.060781659511834
2026-09-02,2026-09-02 20:00:00+00:00,2026-09-30,393.0,16.5,897212475,GLD   260930C00393000,0.07665982203969883,28,0.9757187546551468,0.03774409798668418,0.2306340154289268,39.983188683357085,402.78,2026-09-02,NSS,continuous_rate,-0.001196933340446035,0.03857268224405938,0.039650787456612456,0.15731369166361667,2.1532279899754223,16.810163806603725,2.060781659511834
2026-09-02,2026-09-02 20:00:00+00:00,2026-09-30,394.0,15.85,897212489,GLD   260930C00394000,0.07665982203969883,28,0.9782014995779335,0.03774409798668418,0.23052486660620192,40.69025664339126,402.78,2026-09-02,NSS,continuous_rate,-0.001196933340446035,0.03857268224405938,0.039650787456612456,0.15731369166361667,2.1532279899754223,16.810163806603725,2.060781659511834
2026-09-02,2026-09-02 20:00:00+00:00,2026-09-30,395.0,15.25,819195045,GLD   260930C00395000,0.07665982203969883,28,0.9806842445007201,0.03774409798668418,0.2312697793821804,41.36248204734925,402.78,2026-09-02,NSS,continuous_rate,-0.001196933340446035,0.03857268224405938,0.039650787456612456,0.15731369166361667,2.1532279899754223,16.810163806603725,2.060781659511834
2026-09-02,2026-09-02 20:00:00+00:00,2026-09-30,396.0,14.6,897212509,GLD   260930C00396000,0.07665982203969883,28,0.9831669894235067,0.03774409798668418,0.23044422499733047,41.94373566886928,402.78,2026-09-02,NSS,continuous_rate,-0.001196933340446035,0.03857268224405938,0.039650787456612456,0.15731369166361667,2.1532279899754223,16.810163806603725,2.060781659511834
2026-09-02,2026-09-02 20:00:00+00:00,2026-09-30,397.0,14.0,897212528,GLD   260930C00397000,0.07665982203969883,28,0.9856497343462933,0.03774409798668418,0.230461211981345,42.48385126385961,402.78,2026-09-02,NSS,continuous_rate,-0.001196933340446035,0.03857268224405938,0.039650787456612456,0.15731369166361667,2.1532279899754223,16.810163806603725,2.060781659511834
2026-09-02,2026-09-02 20:00:00+00:00,2026-09-30,398.0,13.4,897212544,GLD   260930C00398000,0.07665982203969883,28,0.98813247926908,0.03774409798668418,0.23012269230922683,42.95896362060873,402.78,2026-09-02,NSS,continuous_rate,-0.001196933340446035,0.03857268224405938,0.039650787456612456,0.15731369166361667,2.1532279899754223,16.810163806603725,2.060781659511834
2026-09-02,2026-09-02 20:00:00+00:00,2026-09-30,399.0,12.85,897212561,GLD   260930C00399000,0.07665982203969883,28,0.9906152241918667,0.03774409798668418,0.23058948978716504,43.37859962970735,402.78,2026-09-02,NSS,continuous_rate,-0.001196933340446035,0.03857268224405938,0.039650787456612456,0.15731369166361667,2.1532279899754223,16.810163806603725,2.060781659511834
2026-09-02,2026-09-02 20:00:00+00:00,2026-09-30,400.0,12.35,819195067,GLD   260930C00400000,0.07665982203969883,28,0.9930979691146532,0.03774409798668418,0.2318389644161798,43.73453417894272,402.78,2026-09-02,NSS,continuous_rate,-0.001196933340446035,0.03857268224405938,0.039650787456612456,0.15731369166361667,2.1532279899754223,16.810163806603725,2.060781659511834
2026-09-02,2026-09-02 20:00:00+00:00,2026-09-30,401.0,11.75,897212574,GLD   260930C00401000,0.07665982203969883,28,0.9955807140374399,0.03774409798668418,0.23044918884737414,44.01399942587035,402.78,2026-09-02,NSS,continuous_rate,-0.001196933340446035,0.03857268224405938,0.039650787456612456,0.15731369166361667,2.1532279899754223,16.810163806603725,2.060781659511834
2026-09-02,2026-09-02 20:00:00+00:00,2026-09-30,402.0,11.25,897212598,GLD   260930C00402000,0.07665982203969883,28,0.9980634589602265,0.03774409798668418,0.2309856757997535,44.233478635533366,402.78,2026-09-02,NSS,continuous_rate,-0.001196933340446035,0.03857268224405938,0.039650787456612456,0.15731369166361667,2.1532279899754223,16.810163806603725,2.060781659511834
2026-09-02,2026-09-02 20:00:00+00:00,2026-09-30,403.0,10.75,897212612,GLD   260930C00403000,0.07665982203969883,28,1.000546203883013,0.03774409798668418,0.23116947794696313,44.3851469636084,402.78,2026-09-02,NSS,continuous_rate,-0.001196933340446035,0.03857268224405938,0.039650787456612456,0.15731369166361667,2.1532279899754223,16.810163806603725,2.060781659511834
2026-09-02,2026-09-02 20:00:00+00:00,2026-09-30,404.0,10.28,897212629,GLD   260930C00404000,0.07665982203969883,28,1.0030289488057997,0.03774409798668418,0.2316801584669389,44.46988562108556,402.78,2026-09-02,NSS,continuous_rate,-0.001196933340446035,0.03857268224405938,0.039650787456612456,0.15731369166361667,2.1532279899754223,16.810163806603725,2.060781659511834
2026-09-02,2026-09-02 20:00:00+00:00,2026-09-30,405.0,9.83,819195090,GLD   260930C00405000,0.07665982203969883,28,1.0055116937285864,0.03774409798668418,0.23229443723810833,44.48840679410292,402.78,2026-09-02,NSS,continuous_rate,-0.001196933340446035,0.03857268224405938,0.039650787456612456,0.15731369166361667,2.1532279899754223,16.810163806603725,2.060781659511834
2026-09-02,2026-09-02 20:00:00+00:00,2026-09-30,406.0,9.38,897212646,GLD   260930C00406000,0.07665982203969883,28,1.007994438651373,0.03774409798668418,0.23256641524313015,44.44181314409446,402.78,2026-09-02,NSS,continuous_rate,-0.001196933340446035,0.03857268224405938,0.039650787456612456,0.15731369166361667,2.1532279899754223,16.810163806603725,2.060781659511834
2026-09-02,2026-09-02 20:00:00+00:00,2026-09-30,407.0,8.95,897212663,GLD   260930C00407000,0.07665982203969883,28,1.0104771835741597,0.03774409798668418,0.23294942796137183,44.33144204791763,402.78,2026-09-02,NSS,continuous_rate,-0.001196933340446035,0.03857268224405938,0.039650787456612456,0.15731369166361667,2.1532279899754223,16.810163806603725,2.060781659511834
2026-09-02,2026-09-02 20:00:00+00:00,2026-09-30,408.0,8.53,897212678,GLD   260930C00408000,0.07665982203969883,28,1.0129599284969464,0.03774409798668418,0.2332220252835192,44.158375384134224,402.78,2026-09-02,NSS,continuous_rate,-0.001196933340446035,0.03857268224405938,0.039650787456612456,0.15731369166361667,2.1532279899754223,16.810163806603725,2.060781659511834
2026-09-02,2026-09-02 20:00:00+00:00,2026-09-30,409.0,8.13,897212696,GLD   260930C00409000,0.07665982203969883,28,1.0154426734197328,0.03774409798668418,0.23361472821934143,43.925170205453504,402.78,2026-09-02,NSS,continuous_rate,-0.001196933340446035,0.03857268224405938,0.039650787456612456,0.15731369166361667,2.1532279899754223,16.810163806603725,2.060781659511834
2026-09-02,2026-09-02 20:00:00+00:00,2026-09-30,410.0,7.8,819195101,GLD   260930C00410000,0.07665982203969883,28,1.0179254183425195,0.03774409798668418,0.23528027220023795,43.64572860921329,402.78,2026-09-02,NSS,continuous_rate,-0.001196933340446035,0.03857268224405938,0.039650787456612456,0.15731369166361667,2.1532279899754223,16.810163806603725,2.060781659511834
2026-09-02,2026-09-02 20:00:00+00:00,2026-09-30,411.0,7.38,912704594,GLD   260930C00411000,0.07665982203969883,28,1.0204081632653061,0.03774409798668418,0.2345590145445428,43.28785581823294,402.78,2026-09-02,NSS,continuous_rate,-0.001196933340446035,0.03857268224405938,0.039650787456612456,0.15731369166361667,2.1532279899754223,16.810163806603725,2.060781659511834
2026-09-02,2026-09-02 20:00:00+00:00,2026-09-30,412.0,7.03,912704691,GLD   260930C00412000,0.07665982203969883,28,1.0228909081880928,0.03774409798668418,0.23512500520600005,42.889773680175765,402.78,2026-09-02,NSS,continuous_rate,-0.001196933340446035,0.03857268224405938,0.039650787456612456,0.15731369166361667,2.1532279899754223,16.810163806603725,2.060781659511834
2026-09-02,2026-09-02 20:00:00+00:00,2026-09-30,413.0,6.73,912704760,GLD   260930C00413000,0.07665982203969883,28,1.0253736531108795,0.03774409798668418,0.23655004925532264,42.45949640412724,402.78,2026-09-02,NSS,continuous_rate,-0.001196933340446035,0.03857268224405938,0.039650787456612456,0.15731369166361667,2.1532279899754223,16.810163806603725,2.060781659511834
2026-09-02,2026-09-02 20:00:00+00:00,2026-09-30,414.0,6.38,912704840,GLD   260930C00414000,0.07665982203969883,28,1.0278563980336661,0.03774409798668418,0.2364883131165989,41.95283969956797,402.78,2026-09-02,NSS,continuous_rate,-0.001196933340446035,0.03857268224405938,0.039650787456612456,0.15731369166361667,2.1532279899754223,16.810163806603725,2.060781659511834
2026-09-02,2026-09-02 20:00:00+00:00,2026-09-30,415.0,6.1,819195125,GLD   260930C00415000,0.07665982203969883,28,1.0303391429564528,0.03774409798668418,0.23778918641051278,41.4365079159426,402.78,2026-09-02,NSS,continuous_rate,-0.001196933340446035,0.03857268224405938,0.039650787456612456,0.15731369166361667,2.1532279899754223,16.810163806603725,2.060781659511834
2026-09-02,2026-09-02 20:00:00+00:00,2026-09-30,416.0,5.78,912704917,GLD   260930C00416000,0.07665982203969883,28,1.0328218878792395,0.03774409798668418,0.2378234304566868,40.843094621113586,402.78,2026-09-02,NSS,continuous_rate,-0.001196933340446035,0.03857268224405938,0.039650787456612456,0.15731369166361667,2.1532279899754223,16.810163806603725,2.060781659511834
2026-09-02,2026-09-02 20:00:00+00:00,2026-09-30,417.0,5.53,912704987,GLD   260930C00417000,0.07665982203969883,28,1.035304632802026,0.03774409798668418,0.23927681408515206,40.26161828008417,402.78,2026-09-02,NSS,continuous_rate,-0.001196933340446035,0.03857268224405938,0.039650787456612456,0.15731369166361667,2.1532279899754223,16.810163806603725,2.060781659511834
2026-09-02,2026-09-02 20:00:00+00:00,2026-09-30,418.0,5.23,912705058,GLD   260930C00418000,0.07665982203969883,28,1.0377873777248126,0.03774409798668418,0.23919533430272716,39.58684747263504,402.78,2026-09-02,NSS,continuous_rate,-0.001196933340446035,0.03857268224405938,0.039650787456612456,0.15731369166361667,2.1532279899754223,16.810163806603725,2.060781659511834
2026-09-02,2026-09-02 20:00:00+00:00,2026-09-30,419.0,5.0,912705126,GLD   260930C00419000,0.07665982203969883,28,1.0402701226475992,0.03774409798668418,0.24059246717272326,38.945801075005214,402.78,2026-09-02,NSS,continuous_rate,-0.001196933340446035,0.03857268224405938,0.039650787456612456,0.15731369166361667,2.1532279899754223,16.810163806603725,2.060781659511834
2026-09-02,2026-09-02 20:00:00+00:00,2026-09-30,420.0,4.75,819195147,GLD   260930C00420000,0.07665982203969883,28,1.0427528675703859,0.03774409798668418,0.24120262958044192,38.24182885888438,402.78,2026-09-02,NSS,continuous_rate,-0.001196933340446035,0.03857268224405938,0.039650787456612456,0.15731369166361667,2.1532279899754223,16.810163806603725,2.060781659511834
2026-09-02,2026-09-02 20:00:00+00:00,2026-09-30,421.0,4.5,912705201,GLD   260930C00421000,0.07665982203969883,28,1.0452356124931725,0.03774409798668418,0.2415240505120717,37.49522157025445,402.78,2026-09-02,NSS,continuous_rate,-0.001196933340446035,0.03857268224405938,0.039650787456612456,0.15731369166361667,2.1532279899754223,16.810163806603725,2.060781659511834
2026-09-02,2026-09-02 20:00:00+00:00,2026-09-30,422.0,4.28,912705269,GLD   260930C00422000,0.07665982203969883,28,1.0477183574159592,0.03774409798668418,0.24236450576009233,36.75628512541641,402.78,2026-09-02,NSS,continuous_rate,-0.001196933340446035,0.03857268224405938,0.039650787456612456,0.15731369166361667,2.1532279899754223,16.810163806603725,2.060781659511834
2026-09-02,2026-09-02 20:00:00+00:00,2026-09-30,423.0,4.08,912705324,GLD   260930C00423000,0.07665982203969883,28,1.0502011023387459,0.03774409798668418,0.2434880401561968,36.01935428241269,402.78,2026-09-02,NSS,continuous_rate,-0.001196933340446035,0.03857268224405938,0.039650787456612456,0.15731369166361667,2.1532279899754223,16.810163806603725,2.060781659511834
2026-09-02,2026-09-02 20:00:00+00:00,2026-09-30,424.0,3.88,912705411,GLD   260930C00424000,0.07665982203969883,28,1.0526838472615325,0.03774409798668418,0.2443555497839116,35.251392268839126,402.78,2026-09-02,NSS,continuous_rate,-0.001196933340446035,0.03857268224405938,0.039650787456612456,0.15731369166361667,2.1532279899754223,16.810163806603725,2.060781659511834
2026-09-02,2026-09-02 20:00:00+00:00,2026-09-30,425.0,3.7,819195171,GLD   260930C00425000,0.07665982203969883,28,1.055166592184319,0.03774409798668418,0.24554004733646284,34.49624370254653,402.78,2026-09-02,NSS,continuous_rate,-0.001196933340446035,0.03857268224405938,0.039650787456612456,0.15731369166361667,2.1532279899754223,16.810163806603725,2.060781659511834
2026-09-02,2026-09-02 20:00:00+00:00,2026-09-30,426.0,3.5,912705456,GLD   260930C00426000,0.07665982203969883,28,1.0576493371071056,0.03774409798668418,0.24588656690949573,33.664808022686834,402.78,2026-09-02,NSS,continuous_rate,-0.001196933340446035,0.03857268224405938,0.039650787456612456,0.15731369166361667,2.1532279899754223,16.810163806603725,2.060781659511834
2026-09-02,2026-09-02 20:00:00+00:00,2026-09-30,427.0,3.33,912705537,GLD   260930C00427000,0.07665982203969883,28,1.0601320820298923,0.03774409798668418,0.2468647526984103,32.8767531788282,402.78,2026-09-02,NSS,continuous_rate,-0.001196933340446035,0.03857268224405938,0.039650787456612456,0.15731369166361667,2.1532279899754223,16.810163806603725,2.060781659511834
2026-09-02,2026-09-02 20:00:00+00:00,2026-09-30,428.0,3.15,912705615,GLD   260930C00428000,0.07665982203969883,28,1.062614826952679,0.03774409798668418,0.24728463108344,32.033227742508,402.78,2026-09-02,NSS,continuous_rate,-0.001196933340446035,0.03857268224405938,0.039650787456612456,0.15731369166361667,2.1532279899754223,16.810163806603725,2.060781659511834
2026-09-02,2026-09-02 20:00:00+00:00,2026-09-30,429.0,3.0,912705670,GLD   260930C00429000,0.07665982203969883,28,1.0650975718754656,0.03774409798668418,0.2483933484337293,31.249389576382768,402.78,2026-09-02,NSS,continuous_rate,-0.001196933340446035,0.03857268224405938,0.039650787456612456,0.15731369166361667,2.1532279899754223,16.810163806603725,2.060781659511834
2026-09-02,2026-09-02 20:00:00+00:00,2026-09-30,430.0,2.88,819195191,GLD   260930C00430000,0.07665982203969883,28,1.0675803167982523,0.03774409798668418,0.2502540378439241,30.541291731787766,402.78,2026-09-02,NSS,continuous_rate,-0.001196933340446035,0.03857268224405938,0.039650787456612456,0.15731369166361667,2.1532279899754223,16.810163806603725,2.060781659511834
2026-09-02,2026-09-02 20:00:00+00:00,2026-09-30,435.0,2.2,819195215,GLD   260930C00435000,0.07665982203969883,28,1.0799940414121854,0.03774409798668418,0.253612236063648,26.455104180591793,402.78,2026-09-02,NSS,continuous_rate,-0.001196933340446035,0.03857268224405938,0.039650787456612456,0.15731369166361667,2.1532279899754223,16.810163806603725,2.060781659511834
2026-09-02,2026-09-02 20:00:00+00:00,2026-09-30,440.0,1.73,819195239,GLD   260930C00440000,0.07665982203969883,28,1.0924077660261184,0.03774409798668418,0.25953285190546893,22.86602504418601,402.78,2026-09-02,NSS,continuous_rate,-0.001196933340446035,0.03857268224405938,0.039650787456612456,0.15731369166361667,2.1532279899754223,16.810163806603725,2.060781659511834
2026-09-02,2026-09-02 20:00:00+00:00,2026-09-30,445.0,1.33,819195260,GLD   260930C00445000,0.07665982203969883,28,1.1048214906400518,0.03774409798668418,0.26371797352684667,19.383094527366584,402.78,2026-09-02,NSS,continuous_rate,-0.001196933340446035,0.03857268224405938,0.039650787456612456,0.15731369166361667,2.1532279899754223,16.810163806603725,2.060781659511834
2026-09-02,2026-09-02 20:00:00+00:00,2026-09-30,450.0,1.04,819195282,GLD   260930C00450000,0.07665982203969883,28,1.1172352152539848,0.03774409798668418,0.26903517891457307,16.41490252581285,402.78,2026-09-02,NSS,continuous_rate,-0.001196933340446035,0.03857268224405938,0.039650787456612456,0.15731369166361667,2.1532279899754223,16.810163806603725,2.060781659511834
2026-09-02,2026-09-02 20:00:00+00:00,2026-09-30,455.0,0.86,821007666,GLD   260930C00455000,0.07665982203969883,28,1.1296489398679181,0.03774409798668418,0.27752984436480344,14.219322143931107,402.78,2026-09-02,NSS,continuous_rate,-0.001196933340446035,0.03857268224405938,0.039650787456612456,0.15731369166361667,2.1532279899754223,16.810163806603725,2.060781659511834
2026-09-02,2026-09-02 20:00:00+00:00,2026-09-30,460.0,0.67,821007725,GLD   260930C00460000,0.07665982203969883,28,1.1420626644818512,0.03774409798668418,0.28209431867990653,11.888071745553901,402.78,2026-09-02,NSS,continuous_rate,-0.001196933340446035,0.03857268224405938,0.039650787456612456,0.15731369166361667,2.1532279899754223,16.810163806603725,2.060781659511834
2026-09-02,2026-09-02 20:00:00+00:00,2026-09-30,465.0,0.57,821007756,GLD   260930C00465000,0.07665982203969883,28,1.1544763890957843,0.03774409798668418,0.2912834528277629,10.400630761852762,402.78,2026-09-02,NSS,continuous_rate,-0.001196933340446035,0.03857268224405938,0.039650787456612456,0.15731369166361667,2.1532279899754223,16.810163806603725,2.060781659511834
2026-09-02,2026-09-02 20:00:00+00:00,2026-09-30,470.0,0.46,821007815,GLD   260930C00470000,0.07665982203969883,28,1.1668901137097176,0.03774409798668418,0.29716419023452334,8.811305073353193,402.78,2026-09-02,NSS,continuous_rate,-0.001196933340446035,0.03857268224405938,0.039650787456612456,0.15731369166361667,2.1532279899754223,16.810163806603725,2.060781659511834
2026-09-02,2026-09-02 20:00:00+00:00,2026-09-30,475.0,0.4,822000539,GLD   260930C00475000,0.07665982203969883,28,1.1793038383236507,0.03774409798668418,0.3065491915722377,7.7925893250289215,402.78,2026-09-02,NSS,continuous_rate,-0.001196933340446035,0.03857268224405938,0.039650787456612456,0.15731369166361667,2.1532279899754223,16.810163806603725,2.060781659511834
2026-09-02,2026-09-02 20:00:00+00:00,2026-09-30,480.0,0.35,823330597,GLD   260930C00480000,0.07665982203969883,28,1.1917175629375838,0.03774409798668418,0.31577533108247446,6.918138605308124,402.78,2026-09-02,NSS,continuous_rate,-0.001196933340446035,0.03857268224405938,0.039650787456612456,0.15731369166361667,2.1532279899754223,16.810163806603725,2.060781659511834
2026-09-02,2026-09-02 20:00:00+00:00,2026-10-02,325.0,78.9,910964999,GLD   261002C00325000,0.08213552361396304,30,0.8068920999056558,0.03776969056007529,0.32607762490045267,2.7380411947688708,402.78,2026-09-02,NSS,continuous_rate,-0.001196933340446035,0.03857268224405938,0.039650787456612456,0.15731369166361667,2.1532279899754223,16.810163806603725,2.060781659511834
2026-09-02,2026-09-02 20:00:00+00:00,2026-10-02,330.0,73.95,910965054,GLD   261002C00330000,0.08213552361396304,30,0.8193058245195889,0.03776969056007529,0.31662981176795435,3.455843532153512,402.78,2026-09-02,NSS,continuous_rate,-0.001196933340446035,0.03857268224405938,0.039650787456612456,0.15731369166361667,2.1532279899754223,16.810163806603725,2.060781659511834
2026-09-02,2026-09-02 20:00:00+00:00,2026-10-02,340.0,64.1,910965140,GLD   261002C00340000,0.08213552361396304,30,0.8441332737474553,0.03776969056007529,0.30040137947574264,5.664156080994506,402.78,2026-09-02,NSS,continuous_rate,-0.001196933340446035,0.03857268224405938,0.039650787456612456,0.15731369166361667,2.1532279899754223,16.810163806603725,2.060781659511834
2026-09-02,2026-09-02 20:00:00+00:00,2026-10-02,345.0,59.48,910965219,GLD   261002C00345000,0.08213552361396304,30,0.8565469983613884,0.03776969056007529,0.32414005169281745,10.01671242947387,402.78,2026-09-02,NSS,continuous_rate,-0.001196933340446035,0.03857268224405938,0.039650787456612456,0.15731369166361667,2.1532279899754223,16.810163806603725,2.060781659511834
2026-09-02,2026-09-02 20:00:00+00:00,2026-10-02,347.0,57.25,910965322,GLD   261002C00347000,0.08213552361396304,30,0.8615124882069617,0.03776969056007529,0.28820950719909744,7.81366221548173,402.78,2026-09-02,NSS,continuous_rate,-0.001196933340446035,0.03857268224405938,0.039650787456612456,0.15731369166361667,2.1532279899754223,16.810163806603725,2.060781659511834
2026-09-02,2026-09-02 20:00:00+00:00,2026-10-02,348.0,56.15,910965385,GLD   261002C00348000,0.08213552361396304,30,0.8639952331297484,0.03776969056007529,0.26940473894728356,6.586457959414757,402.78,2026-09-02,NSS,continuous_rate,-0.001196933340446035,0.03857268224405938,0.039650787456612456,0.15731369166361667,2.1532279899754223,16.810163806603725,2.060781659511834
2026-09-02,2026-09-02 20:00:00+00:00,2026-10-02,349.0,55.3,910965447,GLD   261002C00349000,0.08213552361396304,30,0.8664779780525349,0.03776969056007529,0.28437200408941143,8.515091183330078,402.78,2026-09-02,NSS,continuous_rate,-0.001196933340446035,0.03857268224405938,0.039650787456612456,0.15731369166361667,2.1532279899754223,16.810163806603725,2.060781659511834
2026-09-02,2026-09-02 20:00:00+00:00,2026-10-02,350.0,54.3,910965504,GLD   261002C00350000,0.08213552361396304,30,0.8689607229753216,0.03776969056007529,0.27938244074368856,8.583554291682475,402.78,2026-09-02,NSS,continuous_rate,-0.001196933340446035,0.03857268224405938,0.039650787456612456,0.15731369166361667,2.1532279899754223,16.810163806603725,2.060781659511834
2026-09-02,2026-09-02 20:00:00+00:00,2026-10-02,351.0,53.35,910965561,GLD   261002C00351000,0.08213552361396304,30,0.8714434678981082,0.03776969056007529,0.2799984424271622,9.219401875851974,402.78,2026-09-02,NSS,continuous_rate,-0.001196933340446035,0.03857268224405938,0.039650787456612456,0.15731369166361667,2.1532279899754223,16.810163806603725,2.060781659511834
2026-09-02,2026-09-02 20:00:00+00:00,2026-10-02,352.0,52.33,910965603,GLD   261002C00352000,0.08213552361396304,30,0.8739262128208949,0.03776969056007529,0.2728054511922413,9.074447580408057,402.78,2026-09-02,NSS,continuous_rate,-0.001196933340446035,0.03857268224405938,0.039650787456612456,0.15731369166361667,2.1532279899754223,16.810163806603725,2.060781659511834
2026-09-02,2026-09-02 20:00:00+00:00,2026-10-02,353.0,51.7,910965660,GLD   261002C00353000,0.08213552361396304,30,0.8764089577436814,0.03776969056007529,0.30165142685668533,12.700086525277834,402.78,2026-09-02,NSS,continuous_rate,-0.001196933340446035,0.03857268224405938,0.039650787456612456,0.15731369166361667,2.1532279899754223,16.810163806603725,2.060781659511834
2026-09-02,2026-09-02 20:00:00+00:00,2026-10-02,354.0,50.15,910965702,GLD   261002C00354000,0.08213552361396304,30,0.8788917026664681,0.03776969056007529,0.24042694186549637,6.839299284068141,402.78,2026-09-02,NSS,continuous_rate,-0.001196933340446035,0.03857268224405938,0.039650787456612456,0.15731369166361667,2.1532279899754223,16.810163806603725,2.060781659511834
2026-09-02,2026-09-02 20:00:00+00:00,2026-10-02,355.0,49.35,910965762,GLD   261002C00355000,0.08213552361396304,30,0.8813744475892548,0.03776969056007529,0.25999103947840635,9.554370058291573,402.78,2026-09-02,NSS,continuous_rate,-0.001196933340446035,0.03857268224405938,0.039650787456612456,0.15731369166361667,2.1532279899754223,16.810163806603725,2.060781659511834
2026-09-02,2026-09-02 20:00:00+00:00,2026-10-02,356.0,48.53,910965830,GLD   261002C00356000,0.08213552361396304,30,0.8838571925120414,0.03776969056007529,0.2719858292135411,11.560621271504951,402.78,2026-09-02,NSS,continuous_rate,-0.001196933340446035,0.03857268224405938,0.039650787456612456,0.15731369166361667,2.1532279899754223,16.810163806603725,2.060781659511834
2026-09-02,2026-09-02 20:00:00+00:00,2026-10-02,357.0,47.5,910965888,GLD   261002C00357000,0.08213552361396304,30,0.886339937434828,0.03776969056007529,0.26424545477004724,11.380626084259424,402.78,2026-09-02,NSS,continuous_rate,-0.001196933340446035,0.03857268224405938,0.039650787456612456,0.15731369166361667,2.1532279899754223,16.810163806603725,2.060781659511834
2026-09-02,2026-09-02 20:00:00+00:00,2026-10-02,358.0,46.43,910965939,GLD   261002C00358000,0.08213552361396304,30,0.8888226823576146,0.03776969056007529,0.25284994049947707,10.756201058851875,402.78,2026-09-02,NSS,continuous_rate,-0.001196933340446035,0.03857268224405938,0.039650787456612456,0.15731369166361667,2.1532279899754223,16.810163806603725,2.060781659511834
2026-09-02,2026-09-02 20:00:00+00:00,2026-10-02,359.0,45.65,910966002,GLD   261002C00359000,0.08213552361396304,30,0.8913054272804013,0.03776969056007529,0.26618953313576055,13.069000406418784,402.78,2026-09-02,NSS,continuous_rate,-0.001196933340446035,0.03857268224405938,0.039650787456612456,0.15731369166361667,2.1532279899754223,16.810163806603725,2.060781659511834
2026-09-02,2026-09-02 20:00:00+00:00,2026-10-02,360.0,44.78,910966059,GLD   261002C00360000,0.08213552361396304,30,0.893788172203188,0.03776969056007529,0.27040121554574004,14.336122053721576,402.78,2026-09-02,NSS,continuous_rate,-0.001196933340446035,0.03857268224405938,0.039650787456612456,0.15731369166361667,2.1532279899754223,16.810163806603725,2.060781659511834
2026-09-02,2026-09-02 20:00:00+00:00,2026-10-02,361.0,44.08,910966105,GLD   261002C00361000,0.08213552361396304,30,0.8962709171259745,0.03776969056007529,0.2842734814447351,16.731354984228634,402.78,2026-09-02,NSS,continuous_rate,-0.001196933340446035,0.03857268224405938,0.039650787456612456,0.15731369166361667,2.1532279899754223,16.810163806603725,2.060781659511834
2026-09-02,2026-09-02 20:00:00+00:00,2026-10-02,362.0,42.83,910966148,GLD   261002C00362000,0.08213552361396304,30,0.8987536620487612,0.03776969056007529,0.26311618819814186,15.075685357279669,402.78,2026-09-02,NSS,continuous_rate,-0.001196933340446035,0.03857268224405938,0.039650787456612456,0.15731369166361667,2.1532279899754223,16.810163806603725,2.060781659511834
2026-09-02,2026-09-02 20:00:00+00:00,2026-10-02,363.0,41.98,910966200,GLD   261002C00363000,0.08213552361396304,30,0.9012364069715478,0.03776969056007529,0.2672304934673011,16.40974114167918,402.78,2026-09-02,NSS,continuous_rate,-0.001196933340446035,0.03857268224405938,0.039650787456612456,0.15731369166361667,2.1532279899754223,16.810163806603725,2.060781659511834
2026-09-02,2026-09-02 20:00:00+00:00,2026-10-02,364.0,41.05,910966247,GLD   261002C00364000,0.08213552361396304,30,0.9037191518943344,0.03776969056007529,0.26591423968868333,17.109436521919047,402.78,2026-09-02,NSS,continuous_rate,-0.001196933340446035,0.03857268224405938,0.039650787456612456,0.15731369166361667,2.1532279899754223,16.810163806603725,2.060781659511834
2026-09-02,2026-09-02 20:00:00+00:00,2026-10-02,365.0,40.1,910966289,GLD   261002C00365000,0.08213552361396304,30,0.906201896817121,0.03776969056007529,0.2632548360734247,17.66546762286636,402.78,2026-09-02,NSS,continuous_rate,-0.001196933340446035,0.03857268224405938,0.039650787456612456,0.15731369166361667,2.1532279899754223,16.810163806603725,2.060781659511834
2026-09-02,2026-09-02 20:00:00+00:00,2026-10-02,366.0,39.18,910966340,GLD   261002C00366000,0.08213552361396304,30,0.9086846417399077,0.03776969056007529,0.2621081494611688,18.42360076925964,402.78,2026-09-02,NSS,continuous_rate,-0.001196933340446035,0.03857268224405938,0.039650787456612456,0.15731369166361667,2.1532279899754223,16.810163806603725,2.060781659511834
2026-09-02,2026-09-02 20:00:00+00:00,2026-10-02,367.0,38.28,910966391,GLD   261002C00367000,0.08213552361396304,30,0.9111673866626944,0.03776969056007529,0.2617683026809247,19.298242301006212,402.78,2026-09-02,NSS,continuous_rate,-0.001196933340446035,0.03857268224405938,0.039650787456612456,0.15731369166361667,2.1532279899754223,16.810163806603725,2.060781659511834
2026-09-02,2026-09-02 20:00:00+00:00,2026-10-02,368.0,37.3,910966452,GLD   261002C00368000,0.08213552361396304,30,0.9136501315854809,0.03776969056007529,0.2571105862145313,19.665770413010826,402.78,2026-09-02,NSS,continuous_rate,-0.001196933340446035,0.03857268224405938,0.039650787456612456,0.15731369166361667,2.1532279899754223,16.810163806603725,2.060781659511834
2026-09-02,2026-09-02 20:00:00+00:00,2026-10-02,369.0,36.43,910966500,GLD   261002C00369000,0.08213552361396304,30,0.9161328765082676,0.03776969056007529,0.2578152620034293,20.705005275427585,402.78,2026-09-02,NSS,continuous_rate,-0.001196933340446035,0.03857268224405938,0.039650787456612456,0.15731369166361667,2.1532279899754223,16.810163806603725,2.060781659511834
2026-09-02,2026-09-02 20:00:00+00:00,2026-10-02,370.0,35.53,910966554,GLD   261002C00370000,0.08213552361396304,30,0.9186156214310542,0.03776969056007529,0.25673727302690963,21.543121693480757,402.78,2026-09-02,NSS,continuous_rate,-0.001196933340446035,0.03857268224405938,0.039650787456612456,0.15731369166361667,2.1532279899754223,16.810163806603725,2.060781659511834
2026-09-02,2026-09-02 20:00:00+00:00,2026-10-02,371.0,34.63,910966602,GLD   261002C00371000,0.08213552361396304,30,0.9210983663538409,0.03776969056007529,0.2554135827862658,22.36786451022172,402.78,2026-09-02,NSS,continuous_rate,-0.001196933340446035,0.03857268224405938,0.039650787456612456,0.15731369166361667,2.1532279899754223,16.810163806603725,2.060781659511834
2026-09-02,2026-09-02 20:00:00+00:00,2026-10-02,372.0,33.73,910966662,GLD   261002C00372000,0.08213552361396304,30,0.9235811112766275,0.03776969056007529,0.25385988840954377,23.181018290076754,402.78,2026-09-02,NSS,continuous_rate,-0.001196933340446035,0.03857268224405938,0.039650787456612456,0.15731369166361667,2.1532279899754223,16.810163806603725,2.060781659511834
2026-09-02,2026-09-02 20:00:00+00:00,2026-10-02,373.0,32.8,910966714,GLD   261002C00373000,0.08213552361396304,30,0.9260638561994141,0.03776969056007529,0.2508348455511965,23.83761167808927,402.78,2026-09-02,NSS,continuous_rate,-0.001196933340446035,0.03857268224405938,0.039650787456612456,0.15731369166361667,2.1532279899754223,16.810163806603725,2.060781659511834
2026-09-02,2026-09-02 20:00:00+00:00,2026-10-02,374.0,31.9,910966767,GLD   261002C00374000,0.08213552361396304,30,0.9285466011222008,0.03776969056007529,0.24889958663387224,24.638540886969043,402.78,2026-09-02,NSS,continuous_rate,-0.001196933340446035,0.03857268224405938,0.039650787456612456,0.15731369166361667,2.1532279899754223,16.810163806603725,2.060781659511834
2026-09-02,2026-09-02 20:00:00+00:00,2026-10-02,375.0,31.05,910966832,GLD   261002C00375000,0.08213552361396304,30,0.9310293460449874,0.03776969056007529,0.24872316972697156,25.65410530057169,402.78,2026-09-02,NSS,continuous_rate,-0.001196933340446035,0.03857268224405938,0.039650787456612456,0.15731369166361667,2.1532279899754223,16.810163806603725,2.060781659511834
2026-09-02,2026-09-02 20:00:00+00:00,2026-10-02,376.0,30.2,910966895,GLD   261002C00376000,0.08213552361396304,30,0.933512090967774,0.03776969056007529,0.24822537845363846,26.639066765032037,402.78,2026-09-02,NSS,continuous_rate,-0.001196933340446035,0.03857268224405938,0.039650787456612456,0.15731369166361667,2.1532279899754223,16.810163806603725,2.060781659511834
2026-09-02,2026-09-02 20:00:00+00:00,2026-10-02,377.0,29.35,910966950,GLD   261002C00377000,0.08213552361396304,30,0.9359948358905607,0.03776969056007529,0.24742945816041906,27.596740417733265,402.78,2026-09-02,NSS,continuous_rate,-0.001196933340446035,0.03857268224405938,0.039650787456612456,0.15731369166361667,2.1532279899754223,16.810163806603725,2.060781659511834
2026-09-02,2026-09-02 20:00:00+00:00,2026-10-02,378.0,28.5,910967006,GLD   261002C00378000,0.08213552361396304,30,0.9384775808133473,0.03776969056007529,0.24635471477815885,28.529919701771867,402.78,2026-09-02,NSS,continuous_rate,-0.001196933340446035,0.03857268224405938,0.039650787456612456,0.15731369166361667,2.1532279899754223,16.810163806603725,2.060781659511834
2026-09-02,2026-09-02 20:00:00+00:00,2026-10-02,379.0,27.63,910967062,GLD   261002C00379000,0.08213552361396304,30,0.940960325736134,0.03776969056007529,0.24433712859181686,29.373071220043755,402.78,2026-09-02,NSS,continuous_rate,-0.001196933340446035,0.03857268224405938,0.039650787456612456,0.15731369166361667,2.1532279899754223,16.810163806603725,2.060781659511834
2026-09-02,2026-09-02 20:00:00+00:00,2026-10-02,380.0,26.85,910967116,GLD   261002C00380000,0.08213552361396304,30,0.9434430706589205,0.03776969056007529,0.24507463750140746,30.488729844875532,402.78,2026-09-02,NSS,continuous_rate,-0.001196933340446035,0.03857268224405938,0.039650787456612456,0.15731369166361667,2.1532279899754223,16.810163806603725,2.060781659511834
2026-09-02,2026-09-02 20:00:00+00:00,2026-10-02,381.0,26.03,910967168,GLD   261002C00381000,0.08213552361396304,30,0.9459258155817072,0.03776969056007529,0.24415980832008646,31.43817523115689,402.78,2026-09-02,NSS,continuous_rate,-0.001196933340446035,0.03857268224405938,0.039650787456612456,0.15731369166361667,2.1532279899754223,16.810163806603725,2.060781659511834
2026-09-02,2026-09-02 20:00:00+00:00,2026-10-02,382.0,25.18,910967228,GLD   261002C00382000,0.08213552361396304,30,0.9484085605044938,0.03776969056007529,0.24203900571716952,32.2788473337763,402.78,2026-09-02,NSS,continuous_rate,-0.001196933340446035,0.03857268224405938,0.039650787456612456,0.15731369166361667,2.1532279899754223,16.810163806603725,2.060781659511834
2026-09-02,2026-09-02 20:00:00+00:00,2026-10-02,383.0,24.45,910967282,GLD   261002C00383000,0.08213552361396304,30,0.9508913054272805,0.03776969056007529,0.24331055224975573,33.40028139912685,402.78,2026-09-02,NSS,continuous_rate,-0.001196933340446035,0.03857268224405938,0.039650787456612456,0.15731369166361667,2.1532279899754223,16.810163806603725,2.060781659511834
2026-09-02,2026-09-02 20:00:00+00:00,2026-10-02,384.0,23.63,910967337,GLD   261002C00384000,0.08213552361396304,30,0.9533740503500671,0.03776969056007529,0.24155449018161748,34.259549714402965,402.78,2026-09-02,NSS,continuous_rate,-0.001196933340446035,0.03857268224405938,0.039650787456612456,0.15731369166361667,2.1532279899754223,16.810163806603725,2.060781659511834
2026-09-02,2026-09-02 20:00:00+00:00,2026-10-02,385.0,22.88,910967394,GLD   261002C00385000,0.08213552361396304,30,0.9558567952728537,0.03776969056007529,0.24154775219755253,35.2385916049455,402.78,2026-09-02,NSS,continuous_rate,-0.001196933340446035,0.03857268224405938,0.039650787456612456,0.15731369166361667,2.1532279899754223,16.810163806603725,2.060781659511834
2026-09-02,2026-09-02 20:00:00+00:00,2026-10-02,386.0,22.13,910967457,GLD   261002C00386000,0.08213552361396304,30,0.9583395401956404,0.03776969056007529,0.24121020108154045,36.17060570814542,402.78,2026-09-02,NSS,continuous_rate,-0.001196933340446035,0.03857268224405938,0.039650787456612456,0.15731369166361667,2.1532279899754223,16.810163806603725,2.060781659511834
2026-09-02,2026-09-02 20:00:00+00:00,2026-10-02,387.0,21.35,910967525,GLD   261002C00387000,0.08213552361396304,30,0.960822285118427,0.03776969056007529,0.23974902243902912,37.01017544351729,402.78,2026-09-02,NSS,continuous_rate,-0.001196933340446035,0.03857268224405938,0.039650787456612456,0.15731369166361667,2.1532279899754223,16.810163806603725,2.060781659511834
2026-09-02,2026-09-02 20:00:00+00:00,2026-10-02,388.0,20.63,910967582,GLD   261002C00388000,0.08213552361396304,30,0.9633050300412136,0.03776969056007529,0.2396084327950142,37.906271234461975,402.78,2026-09-02,NSS,continuous_rate,-0.001196933340446035,0.03857268224405938,0.039650787456612456,0.15731369166361667,2.1532279899754223,16.810163806603725,2.060781659511834
2026-09-02,2026-09-02 20:00:00+00:00,2026-10-02,389.0,19.93,910967630,GLD   261002C00389000,0.08213552361396304,30,0.9657877749640003,0.03776969056007529,0.23966012016413735,38.778525202746124,402.78,2026-09-02,NSS,continuous_rate,-0.001196933340446035,0.03857268224405938,0.039650787456612456,0.15731369166361667,2.1532279899754223,16.810163806603725,2.060781659511834
2026-09-02,2026-09-02 20:00:00+00:00,2026-10-02,390.0,19.23,910569075,GLD   261002C00390000,0.08213552361396304,30,0.9682705198867869,0.03776969056007529,0.23938090127091857,39.597937398917544,402.78,2026-09-02,NSS,continuous_rate,-0.001196933340446035,0.03857268224405938,0.039650787456612456,0.15731369166361667,2.1532279899754223,16.810163806603725,2.060781659511834
2026-09-02,2026-09-02 20:00:00+00:00,2026-10-02,391.0,18.55,910569141,GLD   261002C00391000,0.08213552361396304,30,0.9707532648095736,0.03776969056007529,0.2392802412836813,40.386538525970984,402.78,2026-09-02,NSS,continuous_rate,-0.001196933340446035,0.03857268224405938,0.039650787456612456,0.15731369166361667,2.1532279899754223,16.810163806603725,2.060781659511834
2026-09-02,2026-09-02 20:00:00+00:00,2026-10-02,392.0,17.75,910569204,GLD   261002C00392000,0.08213552361396304,30,0.9732360097323601,0.03776969056007529,0.23593491368452085,41.022827416388346,402.78,2026-09-02,NSS,continuous_rate,-0.001196933340446035,0.03857268224405938,0.039650787456612456,0.15731369166361667,2.1532279899754223,16.810163806603725,2.060781659511834
2026-09-02,2026-09-02 20:00:00+00:00,2026-10-02,393.0,17.2,910569261,GLD   261002C00393000,0.08213552361396304,30,0.9757187546551468,0.03776969056007529,0.23836047619143508,41.813692134604885,402.78,2026-09-02,NSS,continuous_rate,-0.001196933340446035,0.03857268224405938,0.039650787456612456,0.15731369166361667,2.1532279899754223,16.810163806603725,2.060781659511834
2026-09-02,2026-09-02 20:00:00+00:00,2026-10-02,394.0,16.55,910569335,GLD   261002C00394000,0.08213552361396304,30,0.9782014995779335,0.03776969056007529,0.23802557929167523,42.465370787989634,402.78,2026-09-02,NSS,continuous_rate,-0.001196933340446035,0.03857268224405938,0.039650787456612456,0.15731369166361667,2.1532279899754223,16.810163806603725,2.060781659511834
2026-09-02,2026-09-02 20:00:00+00:00,2026-10-02,395.0,15.95,910569393,GLD   261002C00395000,0.08213552361396304,30,0.9806842445007201,0.03776969056007529,0.23853642744636167,43.08581101145818,402.78,2026-09-02,NSS,continuous_rate,-0.001196933340446035,0.03857268224405938,0.039650787456612456,0.15731369166361667,2.1532279899754223,16.810163806603725,2.060781659511834
2026-09-02,2026-09-02 20:00:00+00:00,2026-10-02,396.0,15.25,910569454,GLD   261002C00396000,0.08213552361396304,30,0.9831669894235067,0.03776969056007529,0.23641843738136814,43.607924085567966,402.78,2026-09-02,NSS,continuous_rate,-0.001196933340446035,0.03857268224405938,0.039650787456612456,0.15731369166361667,2.1532279899754223,16.810163806603725,2.060781659511834
2026-09-02,2026-09-02 20:00:00+00:00,2026-10-02,397.0,14.65,910569507,GLD   261002C00397000,0.08213552361396304,30,0.9856497343462933,0.03776969056007529,0.23629307455690576,44.11512176185721,402.78,2026-09-02,NSS,continuous_rate,-0.001196933340446035,0.03857268224405938,0.039650787456612456,0.15731369166361667,2.1532279899754223,16.810163806603725,2.060781659511834
2026-09-02,2026-09-02 20:00:00+00:00,2026-10-02,398.0,14.1,910569566,GLD   261002C00398000,0.08213552361396304,30,0.98813247926908,0.03776969056007529,0.23696871694521981,44.57345612991115,402.78,2026-09-02,NSS,continuous_rate,-0.001196933340446035,0.03857268224405938,0.039650787456612456,0.15731369166361667,2.1532279899754223,16.810163806603725,2.060781659511834
2026-09-02,2026-09-02 20:00:00+00:00,2026-10-02,399.0,13.53,910569624,GLD   261002C00399000,0.08213552361396304,30,0.9906152241918667,0.03776969056007529,0.23686536083305254,44.9647797827298,402.78,2026-09-02,NSS,continuous_rate,-0.001196933340446035,0.03857268224405938,0.039650787456612456,0.15731369166361667,2.1532279899754223,16.810163806603725,2.060781659511834
2026-09-02,2026-09-02 20:00:00+00:00,2026-10-02,400.0,12.98,910569686,GLD   261002C00400000,0.08213552361396304,30,0.9930979691146532,0.03776969056007529,0.2368847319551744,45.29785971589759,402.78,2026-09-02,NSS,continuous_rate,-0.001196933340446035,0.03857268224405938,0.039650787456612456,0.15731369166361667,2.1532279899754223,16.810163806603725,2.060781659511834
2026-09-02,2026-09-02 20:00:00+00:00,2026-10-02,401.0,12.48,910569745,GLD   261002C00401000,0.08213552361396304,30,0.9955807140374399,0.03776969056007529,0.23768176050009207,45.57238320069302,402.78,2026-09-02,NSS,continuous_rate,-0.001196933340446035,0.03857268224405938,0.039650787456612456,0.15731369166361667,2.1532279899754223,16.810163806603725,2.060781659511834
2026-09-02,2026-09-02 20:00:00+00:00,2026-10-02,402.0,11.88,910569803,GLD   261002C00402000,0.08213552361396304,30,0.9980634589602265,0.03776969056007529,0.235969083226379,45.781946316780186,402.78,2026-09-02,NSS,continuous_rate,-0.001196933340446035,0.03857268224405938,0.039650787456612456,0.15731369166361667,2.1532279899754223,16.810163806603725,2.060781659511834
2026-09-02,2026-09-02 20:00:00+00:00,2026-10-02,403.0,11.43,910569853,GLD   261002C00403000,0.08213552361396304,30,1.000546203883013,0.03776969056007529,0.2372173471602611,45.93360371503333,402.78,2026-09-02,NSS,continuous_rate,-0.001196933340446035,0.03857268224405938,0.039650787456612456,0.15731369166361667,2.1532279899754223,16.810163806603725,2.060781659511834
2026-09-02,2026-09-02 20:00:00+00:00,2026-10-02,404.0,10.95,910569929,GLD   261002C00404000,0.08213552361396304,30,1.0030289488057997,0.03776969056007529,0.23749186762506147,46.0229863040931,402.78,2026-09-02,NSS,continuous_rate,-0.001196933340446035,0.03857268224405938,0.039650787456612456,0.15731369166361667,2.1532279899754223,16.810163806603725,2.060781659511834
2026-09-02,2026-09-02 20:00:00+00:00,2026-10-02,405.0,10.53,910569983,GLD   261002C00405000,0.08213552361396304,30,1.0055116937285864,0.03776969056007529,0.23875471577877183,46.05145397437111,402.78,2026-09-02,NSS,continuous_rate,-0.001196933340446035,0.03857268224405938,0.039650787456612456,0.15731369166361667,2.1532279899754223,16.810163806603725,2.060781659511834
2026-09-02,2026-09-02 20:00:00+00:00,2026-10-02,406.0,10.07,910570050,GLD   261002C00406000,0.08213552361396304,30,1.007994438651373,0.03776969056007529,0.23883737831721086,46.020324544713674,402.78,2026-09-02,NSS,continuous_rate,-0.001196933340446035,0.03857268224405938,0.039650787456612456,0.15731369166361667,2.1532279899754223,16.810163806603725,2.060781659511834
2026-09-02,2026-09-02 20:00:00+00:00,2026-10-02,407.0,9.63,910570113,GLD   261002C00407000,0.08213552361396304,30,1.0104771835741597,0.03776969056007529,0.23904587864512583,45.93026611956851,402.78,2026-09-02,NSS,continuous_rate,-0.001196933340446035,0.03857268224405938,0.039650787456612456,0.15731369166361667,2.1532279899754223,16.810163806603725,2.060781659511834
2026-09-02,2026-09-02 20:00:00+00:00,2026-10-02,408.0,9.2,910570167,GLD   261002C00408000,0.08213552361396304,30,1.0129599284969464,0.03776969056007529,0.23916545807207007,45.78203778727456,402.78,2026-09-02,NSS,continuous_rate,-0.001196933340446035,0.03857268224405938,0.039650787456612456,0.15731369166361667,2.1532279899754223,16.810163806603725,2.060781659511834
2026-09-02,2026-09-02 20:00:00+00:00,2026-10-02,409.0,8.78,910570227,GLD   261002C00409000,0.08213552361396304,30,1.0154426734197328,0.03776969056007529,0.2391982213449665,45.57636501535241,402.78,2026-09-02,NSS,continuous_rate,-0.001196933340446035,0.03857268224405938,0.039650787456612456,0.15731369166361667,2.1532279899754223,16.810163806603725,2.060781659511834
2026-09-02,2026-09-02 20:00:00+00:00,2026-10-02,410.0,8.4,910570299,GLD   261002C00410000,0.08213552361396304,30,1.0179254183425195,0.03776969056007529,0.23980800191806634,45.31951783680984,402.78,2026-09-02,NSS,continuous_rate,-0.001196933340446035,0.03857268224405938,0.039650787456612456,0.15731369166361667,2.1532279899754223,16.810163806603725,2.060781659511834
2026-09-02,2026-09-02 20:00:00+00:00,2026-10-02,411.0,8.03,910570350,GLD   261002C00411000,0.08213552361396304,30,1.0204081632653061,0.03776969056007529,0.24034361344473443,45.0106813318539,402.78,2026-09-02,NSS,continuous_rate,-0.001196933340446035,0.03857268224405938,0.039650787456612456,0.15731369166361667,2.1532279899754223,16.810163806603725,2.060781659511834
2026-09-02,2026-09-02 20:00:00+00:00,2026-10-02,412.0,7.68,910570408,GLD   261002C00412000,0.08213552361396304,30,1.0228909081880928,0.03776969056007529,0.24103294134456668,44.65471840002307,402.78,2026-09-02,NSS,continuous_rate,-0.001196933340446035,0.03857268224405938,0.039650787456612456,0.15731369166361667,2.1532279899754223,16.810163806603725,2.060781659511834
2026-09-02,2026-09-02 20:00:00+00:00,2026-10-02,413.0,7.3,910570476,GLD   261002C00413000,0.08213552361396304,30,1.0253736531108795,0.03776969056007529,0.24075586445042862,44.235124544758065,402.78,2026-09-02,NSS,continuous_rate,-0.001196933340446035,0.03857268224405938,0.039650787456612456,0.15731369166361667,2.1532279899754223,16.810163806603725,2.060781659511834
2026-09-02,2026-09-02 20:00:00+00:00,2026-10-02,414.0,7.0,910570547,GLD   261002C00414000,0.08213552361396304,30,1.0278563980336661,0.03776969056007529,0.24200091538568957,43.79833446609639,402.78,2026-09-02,NSS,continuous_rate,-0.001196933340446035,0.03857268224405938,0.039650787456612456,0.15731369166361667,2.1532279899754223,16.810163806603725,2.060781659511834
2026-09-02,2026-09-02 20:00:00+00:00,2026-10-02,415.0,6.68,910570604,GLD   261002C00415000,0.08213552361396304,30,1.0303391429564528,0.03776969056007529,0.2425144084435888,43.305762139616164,402.78,2026-09-02,NSS,continuous_rate,-0.001196933340446035,0.03857268224405938,0.039650787456612456,0.15731369166361667,2.1532279899754223,16.810163806603725,2.060781659511834
2026-09-02,2026-09-02 20:00:00+00:00,2026-10-02,416.0,6.35,910570666,GLD   261002C00416000,0.08213552361396304,30,1.0328218878792395,0.03776969056007529,0.24251139101879676,42.75739127345081,402.78,2026-09-02,NSS,continuous_rate,-0.001196933340446035,0.03857268224405938,0.039650787456612456,0.15731369166361667,2.1532279899754223,16.810163806603725,2.060781659511834
2026-09-02,2026-09-02 20:00:00+00:00,2026-10-02,417.0,6.05,910570736,GLD   261002C00417000,0.08213552361396304,30,1.035304632802026,0.03776969056007529,0.2429255325715058,42.18167881298049,402.78,2026-09-02,NSS,continuous_rate,-0.001196933340446035,0.03857268224405938,0.039650787456612456,0.15731369166361667,2.1532279899754223,16.810163806603725,2.060781659511834
2026-09-02,2026-09-02 20:00:00+00:00,2026-10-02,418.0,5.78,910570790,GLD   261002C00418000,0.08213552361396304,30,1.0377873777248126,0.03776969056007529,0.24378077692622324,41.58793032880017,402.78,2026-09-02,NSS,continuous_rate,-0.001196933340446035,0.03857268224405938,0.039650787456612456,0.15731369166361667,2.1532279899754223,16.810163806603725,2.060781659511834
2026-09-02,2026-09-02 20:00:00+00:00,2026-10-02,419.0,5.53,912707067,GLD   261002C00419000,0.08213552361396304,30,1.0402701226475992,0.03776969056007529,0.24486016751518475,40.975266864285906,402.78,2026-09-02,NSS,continuous_rate,-0.001196933340446035,0.03857268224405938,0.039650787456612456,0.15731369166361667,2.1532279899754223,16.810163806603725,2.060781659511834
2026-09-02,2026-09-02 20:00:00+00:00,2026-10-02,420.0,5.28,910967821,GLD   261002C00420000,0.08213552361396304,30,1.0427528675703859,0.03776969056007529,0.245686578699667,40.32592918332095,402.78,2026-09-02,NSS,continuous_rate,-0.001196933340446035,0.03857268224405938,0.039650787456612456,0.15731369166361667,2.1532279899754223,16.810163806603725,2.060781659511834
2026-09-02,2026-09-02 20:00:00+00:00,2026-10-02,421.0,5.03,912707154,GLD   261002C00421000,0.08213552361396304,30,1.0452356124931725,0.03776969056007529,0.24625567060327158,39.63868949663388,402.78,2026-09-02,NSS,continuous_rate,-0.001196933340446035,0.03857268224405938,0.039650787456612456,0.15731369166361667,2.1532279899754223,16.810163806603725,2.060781659511834
2026-09-02,2026-09-02 20:00:00+00:00,2026-10-02,422.0,4.78,912707227,GLD   261002C00422000,0.08213552361396304,30,1.0477183574159592,0.03776969056007529,0.2465615853241645,38.911926020972835,402.78,2026-09-02,NSS,continuous_rate,-0.001196933340446035,0.03857268224405938,0.039650787456612456,0.15731369166361667,2.1532279899754223,16.810163806603725,2.060781659511834
2026-09-02,2026-09-02 20:00:00+00:00,2026-10-02,423.0,4.55,912707295,GLD   261002C00423000,0.08213552361396304,30,1.0502011023387459,0.03776969056007529,0.24712080540591858,38.17755217086535,402.78,2026-09-02,NSS,continuous_rate,-0.001196933340446035,0.03857268224405938,0.039650787456612456,0.15731369166361667,2.1532279899754223,16.810163806603725,2.060781659511834
2026-09-02,2026-09-02 20:00:00+00:00,2026-10-02,424.0,4.33,912707361,GLD   261002C00424000,0.08213552361396304,30,1.0526838472615325,0.03776969056007529,0.24768912432724616,37.42484906078878,402.78,2026-09-02,NSS,continuous_rate,-0.001196933340446035,0.03857268224405938,0.039650787456612456,0.15731369166361667,2.1532279899754223,16.810163806603725,2.060781659511834
2026-09-02,2026-09-02 20:00:00+00:00,2026-10-02,425.0,4.13,910967884,GLD   261002C00425000,0.08213552361396304,30,1.055166592184319,0.03776969056007529,0.2485480380195193,36.677299077923124,402.78,2026-09-02,NSS,continuous_rate,-0.001196933340446035,0.03857268224405938,0.039650787456612456,0.15731369166361667,2.1532279899754223,16.810163806603725,2.060781659511834
2026-09-02,2026-09-02 20:00:00+00:00,2026-10-02,426.0,3.93,912707434,GLD   261002C00426000,0.08213552361396304,30,1.0576493371071056,0.03776969056007529,0.24916751346671956,35.8994628408386,402.78,2026-09-02,NSS,continuous_rate,-0.001196933340446035,0.03857268224405938,0.039650787456612456,0.15731369166361667,2.1532279899754223,16.810163806603725,2.060781659511834
2026-09-02,2026-09-02 20:00:00+00:00,2026-10-02,427.0,3.75,912707506,GLD   261002C00427000,0.08213552361396304,30,1.0601320820298923,0.03776969056007529,0.25010971367107704,35.1371947009022,402.78,2026-09-02,NSS,continuous_rate,-0.001196933340446035,0.03857268224405938,0.039650787456612456,0.15731369166361667,2.1532279899754223,16.810163806603725,2.060781659511834
2026-09-02,2026-09-02 20:00:00+00:00,2026-10-02,428.0,3.58,912707577,GLD   261002C00428000,0.08213552361396304,30,1.062614826952679,0.03776969056007529,0.251114050474856,34.37397533101283,402.78,2026-09-02,NSS,continuous_rate,-0.001196933340446035,0.03857268224405938,0.039650787456612456,0.15731369166361667,2.1532279899754223,16.810163806603725,2.060781659511834
2026-09-02,2026-09-02 20:00:00+00:00,2026-10-02,429.0,3.4,912707643,GLD   261002C00429000,0.08213552361396304,30,1.0650975718754656,0.03776969056007529,0.2515981050149537,33.55900816771296,402.78,2026-09-02,NSS,continuous_rate,-0.001196933340446035,0.03857268224405938,0.039650787456612456,0.15731369166361667,2.1532279899754223,16.810163806603725,2.060781659511834
2026-09-02,2026-09-02 20:00:00+00:00,2026-10-02,430.0,3.25,910967941,GLD   261002C00430000,0.08213552361396304,30,1.0675803167982523,0.03776969056007529,0.2527532013018615,32.802105574872066,402.78,2026-09-02,NSS,continuous_rate,-0.001196933340446035,0.03857268224405938,0.039650787456612456,0.15731369166361667,2.1532279899754223,16.810163806603725,2.060781659511834
2026-09-02,2026-09-02 20:00:00+00:00,2026-10-02,431.0,3.1,917783458,GLD   261002C00431000,0.08213552361396304,30,1.070063061721039,0.03776969056007529,0.2537000859650784,32.02519236992955,402.78,2026-09-02,NSS,continuous_rate,-0.001196933340446035,0.03857268224405938,0.039650787456612456,0.15731369166361667,2.1532279899754223,16.810163806603725,2.060781659511834
2026-09-02,2026-09-02 20:00:00+00:00,2026-10-02,432.0,2.92,917783529,GLD   261002C00432000,0.08213552361396304,30,1.0725458066438256,0.03776969056007529,0.2534698024378159,31.127097034290433,402.78,2026-09-02,NSS,continuous_rate,-0.001196933340446035,0.03857268224405938,0.039650787456612456,0.15731369166361667,2.1532279899754223,16.810163806603725,2.060781659511834
2026-09-02,2026-09-02 20:00:00+00:00,2026-10-02,433.0,2.81,917783591,GLD   261002C00433000,0.08213552361396304,30,1.075028551566612,0.03776969056007529,0.25526970563931395,30.440560396979127,402.78,2026-09-02,NSS,continuous_rate,-0.001196933340446035,0.03857268224405938,0.039650787456612456,0.15731369166361667,2.1532279899754223,16.810163806603725,2.060781659511834
2026-09-02,2026-09-02 20:00:00+00:00,2026-10-02,434.0,2.67,917783647,GLD   261002C00434000,0.08213552361396304,30,1.0775112964893987,0.03776969056007529,0.2558930180587806,29.633671042949373,402.78,2026-09-02,NSS,continuous_rate,-0.001196933340446035,0.03857268224405938,0.039650787456612456,0.15731369166361667,2.1532279899754223,16.810163806603725,2.060781659511834
2026-09-02,2026-09-02 20:00:00+00:00,2026-10-02,435.0,2.55,910967996,GLD   261002C00435000,0.08213552361396304,30,1.0799940414121854,0.03776969056007529,0.2569862757635304,28.882920662974854,402.78,2026-09-02,NSS,continuous_rate,-0.001196933340446035,0.03857268224405938,0.039650787456612456,0.15731369166361667,2.1532279899754223,16.810163806603725,2.060781659511834
2026-09-02,2026-09-02 20:00:00+00:00,2026-10-02,440.0,2.01,910968055,GLD   261002C00440000,0.08213552361396304,30,1.0924077660261184,0.03776969056007529,0.2617635670003482,25.16727153655395,402.78,2026-09-02,NSS,continuous_rate,-0.001196933340446035,0.03857268224405938,0.039650787456612456,0.15731369166361667,2.1532279899754223,16.810163806603725,2.060781659511834
2026-09-02,2026-09-02 20:00:00+00:00,2026-10-02,445.0,1.6,910968107,GLD   261002C00445000,0.08213552361396304,30,1.1048214906400518,0.03776969056007529,0.2672605606152676,21.809261150666426,402.78,2026-09-02,NSS,continuous_rate,-0.001196933340446035,0.03857268224405938,0.039650787456612456,0.15731369166361667,2.1532279899754223,16.810163806603725,2.060781659511834
2026-09-02,2026-09-02 20:00:00+00:00,2026-10-02,450.0,1.27,910968165,GLD   261002C00450000,0.08213552361396304,30,1.1172352152539848,0.03776969056007529,0.2724004177921452,18.733342453851915,402.78,2026-09-02,NSS,continuous_rate,-0.001196933340446035,0.03857268224405938,0.039650787456612456,0.15731369166361667,2.1532279899754223,16.810163806603725,2.060781659511834
2026-09-02,2026-09-02 20:00:00+00:00,2026-10-02,455.0,1.03,910968206,GLD   261002C00455000,0.08213552361396304,30,1.1296489398679181,0.03776969056007529,0.27876073016701275,16.161792893557482,402.78,2026-09-02,NSS,continuous_rate,-0.001196933340446035,0.03857268224405938,0.039650787456612456,0.15731369166361667,2.1532279899754223,16.810163806603725,2.060781659511834
2026-09-02,2026-09-02 20:00:00+00:00,2026-10-02,460.0,0.84,910968273,GLD   261002C00460000,0.08213552361396304,30,1.1420626644818512,0.03776969056007529,0.28513935197750107,13.924049649623957,402.78,2026-09-02,NSS,continuous_rate,-0.001196933340446035,0.03857268224405938,0.039650787456612456,0.15731369166361667,2.1532279899754223,16.810163806603725,2.060781659511834
2026-09-02,2026-09-02 20:00:00+00:00,2026-10-02,465.0,0.69,910968335,GLD   261002C00465000,0.08213552361396304,30,1.1544763890957843,0.03776969056007529,0.2916098422659561,12.002482772806358,402.78,2026-09-02,NSS,continuous_rate,-0.001196933340446035,0.03857268224405938,0.039650787456612456,0.15731369166361667,2.1532279899754223,16.810163806603725,2.060781659511834
2026-09-02,2026-09-02 20:00:00+00:00,2026-10-02,470.0,0.57,910968380,GLD   261002C00470000,0.08213552361396304,30,1.1668901137097176,0.03776969056007529,0.2980619905231521,10.351622177968641,402.78,2026-09-02,NSS,continuous_rate,-0.001196933340446035,0.03857268224405938,0.039650787456612456,0.15731369166361667,2.1532279899754223,16.810163806603725,2.060781659511834
2026-09-02,2026-09-02 20:00:00+00:00,2026-10-02,475.0,0.48,910968440,GLD   261002C00475000,0.08213552361396304,30,1.1793038383236507,0.03776969056007529,0.3052094037428499,9.01098092839836,402.78,2026-09-02,NSS,continuous_rate,-0.001196933340446035,0.03857268224405938,0.039650787456612456,0.15731369166361667,2.1532279899754223,16.810163806603725,2.060781659511834
2026-09-02,2026-09-02 20:00:00+00:00,2026-10-02,480.0,0.41,910968500,GLD   261002C00480000,0.08213552361396304,30,1.1917175629375838,0.03776969056007529,0.31272788105113436,7.902298656549308,402.78,2026-09-02,NSS,continuous_rate,-0.001196933340446035,0.03857268224405938,0.039650787456612456,0.15731369166361667,2.1532279899754223,16.810163806603725,2.060781659511834
2026-09-02,2026-09-02 20:00:00+00:00,2026-10-09,325.0,79.25,918881299,GLD   261009C00325000,0.10130047912388775,37,0.8068920999056558,0.037858526264851804,0.32337944644531236,4.8199238701970595,402.78,2026-09-02,NSS,continuous_rate,-0.001196933340446035,0.03857268224405938,0.039650787456612456,0.15731369166361667,2.1532279899754223,16.810163806603725,2.060781659511834
2026-09-02,2026-09-02 20:00:00+00:00,2026-10-09,330.0,74.45,918881350,GLD   261009C00330000,0.10130047912388775,37,0.8193058245195889,0.037858526264851804,0.33286372478390114,7.341020789266805,402.78,2026-09-02,NSS,continuous_rate,-0.001196933340446035,0.03857268224405938,0.039650787456612456,0.15731369166361667,2.1532279899754223,16.810163806603725,2.060781659511834
2026-09-02,2026-09-02 20:00:00+00:00,2026-10-09,335.0,69.07,918881402,GLD   261009C00335000,0.10130047912388775,37,0.8317195491335221,0.037858526264851804,0.1948074556775391,0.46699487973643855,402.78,2026-09-02,NSS,continuous_rate,-0.001196933340446035,0.03857268224405938,0.039650787456612456,0.15731369166361667,2.1532279899754223,16.810163806603725,2.060781659511834
2026-09-02,2026-09-02 20:00:00+00:00,2026-10-09,340.0,64.65,918881453,GLD   261009C00340000,0.10130047912388775,37,0.8441332737474553,0.037858526264851804,0.30886798008149485,9.907363224819115,402.78,2026-09-02,NSS,continuous_rate,-0.001196933340446035,0.03857268224405938,0.039650787456612456,0.15731369166361667,2.1532279899754223,16.810163806603725,2.060781659511834
2026-09-02,2026-09-02 20:00:00+00:00,2026-10-09,345.0,59.18,918881488,GLD   261009C00345000,0.10130047912388775,37,0.8565469983613884,0.037858526264851804,0.21218489818535746,2.986959587517234,402.78,2026-09-02,NSS,continuous_rate,-0.001196933340446035,0.03857268224405938,0.039650787456612456,0.15731369166361667,2.1532279899754223,16.810163806603725,2.060781659511834
2026-09-02,2026-09-02 20:00:00+00:00,2026-10-09,350.0,54.85,918881533,GLD   261009C00350000,0.10130047912388775,37,0.8689607229753216,0.037858526264851804,0.2791354309975169,12.712367597865551,402.78,2026-09-02,NSS,continuous_rate,-0.001196933340446035,0.03857268224405938,0.039650787456612456,0.15731369166361667,2.1532279899754223,16.810163806603725,2.060781659511834
2026-09-02,2026-09-02 20:00:00+00:00,2026-10-09,355.0,49.68,918881569,GLD   261009C00355000,0.10130047912388775,37,0.8813744475892548,0.037858526264851804,0.24162459408631554,11.446500756491174,402.78,2026-09-02,NSS,continuous_rate,-0.001196933340446035,0.03857268224405938,0.039650787456612456,0.15731369166361667,2.1532279899754223,16.810163806603725,2.060781659511834
2026-09-02,2026-09-02 20:00:00+00:00,2026-10-09,360.0,45.25,918881619,GLD   261009C00360000,0.10130047912388775,37,0.893788172203188,0.037858526264851804,0.2570630710870959,17.61141961710934,402.78,2026-09-02,NSS,continuous_rate,-0.001196933340446035,0.03857268224405938,0.039650787456612456,0.15731369166361667,2.1532279899754223,16.810163806603725,2.060781659511834
2026-09-02,2026-09-02 20:00:00+00:00,2026-10-09,365.0,40.65,918881668,GLD   261009C00365000,0.10130047912388775,37,0.906201896817121,0.037858526264851804,0.2521324453117326,21.534321417195645,402.78,2026-09-02,NSS,continuous_rate,-0.001196933340446035,0.03857268224405938,0.039650787456612456,0.15731369166361667,2.1532279899754223,16.810163806603725,2.060781659511834
2026-09-02,2026-09-02 20:00:00+00:00,2026-10-09,370.0,36.2,918881719,GLD   261009C00370000,0.10130047912388775,37,0.9186156214310542,0.037858526264851804,0.24857901318883524,26.06770584607272,402.78,2026-09-02,NSS,continuous_rate,-0.001196933340446035,0.03857268224405938,0.039650787456612456,0.15731369166361667,2.1532279899754223,16.810163806603725,2.060781659511834
2026-09-02,2026-09-02 20:00:00+00:00,2026-10-09,371.0,35.33,918881768,GLD   261009C00371000,0.10130047912388775,37,0.9210983663538409,0.037858526264851804,0.24795914659397678,27.02510447917163,402.78,2026-09-02,NSS,continuous_rate,-0.001196933340446035,0.03857268224405938,0.039650787456612456,0.15731369166361667,2.1532279899754223,16.810163806603725,2.060781659511834
2026-09-02,2026-09-02 20:00:00+00:00,2026-10-09,372.0,34.38,918881819,GLD   261009C00372000,0.10130047912388775,37,0.9235811112766275,0.037858526264851804,0.24422432440109548,27.592698969405152,402.78,2026-09-02,NSS,continuous_rate,-0.001196933340446035,0.03857268224405938,0.039650787456612456,0.15731369166361667,2.1532279899754223,16.810163806603725,2.060781659511834
2026-09-02,2026-09-02 20:00:00+00:00,2026-10-09,373.0,33.55,918881872,GLD   261009C00373000,0.10130047912388775,37,0.9260638561994141,0.037858526264851804,0.24463982100104914,28.707149533785838,402.78,2026-09-02,NSS,continuous_rate,-0.001196933340446035,0.03857268224405938,0.039650787456612456,0.15731369166361667,2.1532279899754223,16.810163806603725,2.060781659511834
2026-09-02,2026-09-02 20:00:00+00:00,2026-10-09,374.0,32.75,918881917,GLD   261009C00374000,0.10130047912388775,37,0.9285466011222008,0.037858526264851804,0.24575083867209035,29.904974900354492,402.78,2026-09-02,NSS,continuous_rate,-0.001196933340446035,0.03857268224405938,0.039650787456612456,0.15731369166361667,2.1532279899754223,16.810163806603725,2.060781659511834
2026-09-02,2026-09-02 20:00:00+00:00,2026-10-09,375.0,31.88,918881982,GLD   261009C00375000,0.10130047912388775,37,0.9310293460449874,0.037858526264851804,0.24424099939828742,30.78632406149549,402.78,2026-09-02,NSS,continuous_rate,-0.001196933340446035,0.03857268224405938,0.039650787456612456,0.15731369166361667,2.1532279899754223,16.810163806603725,2.060781659511834
2026-09-02,2026-09-02 20:00:00+00:00,2026-10-09,376.0,30.98,918882047,GLD   261009C00376000,0.10130047912388775,37,0.933512090967774,0.037858526264851804,0.24159529526410628,31.544600297286625,402.78,2026-09-02,NSS,continuous_rate,-0.001196933340446035,0.03857268224405938,0.039650787456612456,0.15731369166361667,2.1532279899754223,16.810163806603725,2.060781659511834
2026-09-02,2026-09-02 20:00:00+00:00,2026-10-09,377.0,30.13,918882098,GLD   261009C00377000,0.10130047912388775,37,0.9359948358905607,0.037858526264851804,0.24036158761093396,32.476220189286614,402.78,2026-09-02,NSS,continuous_rate,-0.001196933340446035,0.03857268224405938,0.039650787456612456,0.15731369166361667,2.1532279899754223,16.810163806603725,2.060781659511834
2026-09-02,2026-09-02 20:00:00+00:00,2026-10-09,378.0,29.38,918882146,GLD   261009C00378000,0.10130047912388775,37,0.9384775808133473,0.037858526264851804,0.2419016011326574,33.71067806169823,402.78,2026-09-02,NSS,continuous_rate,-0.001196933340446035,0.03857268224405938,0.039650787456612456,0.15731369166361667,2.1532279899754223,16.810163806603725,2.060781659511834
2026-09-02,2026-09-02 20:00:00+00:00,2026-10-09,379.0,28.58,918882188,GLD   261009C00379000,0.10130047912388775,37,0.940960325736134,0.037858526264851804,0.24162877564104276,34.73545024622313,402.78,2026-09-02,NSS,continuous_rate,-0.001196933340446035,0.03857268224405938,0.039650787456612456,0.15731369166361667,2.1532279899754223,16.810163806603725,2.060781659511834
2026-09-02,2026-09-02 20:00:00+00:00,2026-10-09,380.0,27.73,918882222,GLD   261009C00380000,0.10130047912388775,37,0.9434430706589205,0.037858526264851804,0.23969308832390235,35.58930549397211,402.78,2026-09-02,NSS,continuous_rate,-0.001196933340446035,0.03857268224405938,0.039650787456612456,0.15731369166361667,2.1532279899754223,16.810163806603725,2.060781659511834
2026-09-02,2026-09-02 20:00:00+00:00,2026-10-09,381.0,26.93,918882268,GLD   261009C00381000,0.10130047912388775,37,0.9459258155817072,0.037858526264851804,0.23894989846022804,36.55806941628275,402.78,2026-09-02,NSS,continuous_rate,-0.001196933340446035,0.03857268224405938,0.039650787456612456,0.15731369166361667,2.1532279899754223,16.810163806603725,2.060781659511834
2026-09-02,2026-09-02 20:00:00+00:00,2026-10-09,382.0,26.15,918882315,GLD   261009C00382000,0.10130047912388775,37,0.9484085605044938,0.037858526264851804,0.2385019505742006,37.54363624338054,402.78,2026-09-02,NSS,continuous_rate,-0.001196933340446035,0.03857268224405938,0.039650787456612456,0.15731369166361667,2.1532279899754223,16.810163806603725,2.060781659511834
2026-09-02,2026-09-02 20:00:00+00:00,2026-10-09,383.0,25.38,918882359,GLD   261009C00383000,0.10130047912388775,37,0.9508913054272805,0.037858526264851804,0.23806038212021813,38.514977859473994,402.78,2026-09-02,NSS,continuous_rate,-0.001196933340446035,0.03857268224405938,0.039650787456612456,0.15731369166361667,2.1532279899754223,16.810163806603725,2.060781659511834
2026-09-02,2026-09-02 20:00:00+00:00,2026-10-09,384.0,24.63,918882402,GLD   261009C00384000,0.10130047912388775,37,0.9533740503500671,0.037858526264851804,0.23787158818384635,39.488339566949634,402.78,2026-09-02,NSS,continuous_rate,-0.001196933340446035,0.03857268224405938,0.039650787456612456,0.15731369166361667,2.1532279899754223,16.810163806603725,2.060781659511834
2026-09-02,2026-09-02 20:00:00+00:00,2026-10-09,385.0,23.88,918882438,GLD   261009C00385000,0.10130047912388775,37,0.9558567952728537,0.037858526264851804,0.23741698147458956,40.41987195147872,402.78,2026-09-02,NSS,continuous_rate,-0.001196933340446035,0.03857268224405938,0.039650787456612456,0.15731369166361667,2.1532279899754223,16.810163806603725,2.060781659511834
2026-09-02,2026-09-02 20:00:00+00:00,2026-10-09,386.0,23.15,918882478,GLD   261009C00386000,0.10130047912388775,37,0.9583395401956404,0.037858526264851804,0.23719253722308203,41.34396433126342,402.78,2026-09-02,NSS,continuous_rate,-0.001196933340446035,0.03857268224405938,0.039650787456612456,0.15731369166361667,2.1532279899754223,16.810163806603725,2.060781659511834
2026-09-02,2026-09-02 20:00:00+00:00,2026-10-09,387.0,22.43,918882518,GLD   261009C00387000,0.10130047912388775,37,0.960822285118427,0.037858526264851804,0.23694119691355148,42.238680134734174,402.78,2026-09-02,NSS,continuous_rate,-0.001196933340446035,0.03857268224405938,0.039650787456612456,0.15731369166361667,2.1532279899754223,16.810163806603725,2.060781659511834
2026-09-02,2026-09-02 20:00:00+00:00,2026-10-09,388.0,21.7,918882548,GLD   261009C00388000,0.10130047912388775,37,0.9633050300412136,0.037858526264851804,0.23619548321617773,43.07645103357923,402.78,2026-09-02,NSS,continuous_rate,-0.001196933340446035,0.03857268224405938,0.039650787456612456,0.15731369166361667,2.1532279899754223,16.810163806603725,2.060781659511834
2026-09-02,2026-09-02 20:00:00+00:00,2026-10-09,389.0,21.0,918882590,GLD   261009C00389000,0.10130047912388775,37,0.9657877749640003,0.037858526264851804,0.23588945208229123,43.90860857521657,402.78,2026-09-02,NSS,continuous_rate,-0.001196933340446035,0.03857268224405938,0.039650787456612456,0.15731369166361667,2.1532279899754223,16.810163806603725,2.060781659511834
2026-09-02,2026-09-02 20:00:00+00:00,2026-10-09,390.0,20.33,918882620,GLD   261009C00390000,0.10130047912388775,37,0.9682705198867869,0.037858526264851804,0.23599405148522928,44.72414429346963,402.78,2026-09-02,NSS,continuous_rate,-0.001196933340446035,0.03857268224405938,0.039650787456612456,0.15731369166361667,2.1532279899754223,16.810163806603725,2.060781659511834
2026-09-02,2026-09-02 20:00:00+00:00,2026-10-09,391.0,19.63,918882668,GLD   261009C00391000,0.10130047912388775,37,0.9707532648095736,0.037858526264851804,0.2351649674584158,45.46263474504282,402.78,2026-09-02,NSS,continuous_rate,-0.001196933340446035,0.03857268224405938,0.039650787456612456,0.15731369166361667,2.1532279899754223,16.810163806603725,2.060781659511834
2026-09-02,2026-09-02 20:00:00+00:00,2026-10-09,392.0,19.02,918882707,GLD   261009C00392000,0.10130047912388775,37,0.9732360097323601,0.037858526264851804,0.23604039316968994,46.2238678596877,402.78,2026-09-02,NSS,continuous_rate,-0.001196933340446035,0.03857268224405938,0.039650787456612456,0.15731369166361667,2.1532279899754223,16.810163806603725,2.060781659511834
2026-09-02,2026-09-02 20:00:00+00:00,2026-10-09,393.0,18.35,918882770,GLD   261009C00393000,0.10130047912388775,37,0.9757187546551468,0.037858526264851804,0.23534172894777733,46.88751560024247,402.78,2026-09-02,NSS,continuous_rate,-0.001196933340446035,0.03857268224405938,0.039650787456612456,0.15731369166361667,2.1532279899754223,16.810163806603725,2.060781659511834
2026-09-02,2026-09-02 20:00:00+00:00,2026-10-09,394.0,17.75,918882822,GLD   261009C00394000,0.10130047912388775,37,0.9782014995779335,0.037858526264851804,0.23586725445268675,47.540400905700196,402.78,2026-09-02,NSS,continuous_rate,-0.001196933340446035,0.03857268224405938,0.039650787456612456,0.15731369166361667,2.1532279899754223,16.810163806603725,2.060781659511834
2026-09-02,2026-09-02 20:00:00+00:00,2026-10-09,395.0,17.1,918882879,GLD   261009C00395000,0.10130047912388775,37,0.9806842445007201,0.037858526264851804,0.2350740442539565,48.114969919266635,402.78,2026-09-02,NSS,continuous_rate,-0.001196933340446035,0.03857268224405938,0.039650787456612456,0.15731369166361667,2.1532279899754223,16.810163806603725,2.060781659511834
2026-09-02,2026-09-02 20:00:00+00:00,2026-10-09,396.0,16.45,918882939,GLD   261009C00396000,0.10130047912388775,37,0.9831669894235067,0.037858526264851804,0.23403292094422506,48.64212647922312,402.78,2026-09-02,NSS,continuous_rate,-0.001196933340446035,0.03857268224405938,0.039650787456612456,0.15731369166361667,2.1532279899754223,16.810163806603725,2.060781659511834
2026-09-02,2026-09-02 20:00:00+00:00,2026-10-09,397.0,15.9,918883000,GLD   261009C00397000,0.10130047912388775,37,0.9856497343462933,0.037858526264851804,0.23478246695734561,49.14747724490531,402.78,2026-09-02,NSS,continuous_rate,-0.001196933340446035,0.03857268224405938,0.039650787456612456,0.15731369166361667,2.1532279899754223,16.810163806603725,2.060781659511834
2026-09-02,2026-09-02 20:00:00+00:00,2026-10-09,398.0,15.3,918883048,GLD   261009C00398000,0.10130047912388775,37,0.98813247926908,0.037858526264851804,0.23424509060969578,49.583462226147326,402.78,2026-09-02,NSS,continuous_rate,-0.001196933340446035,0.03857268224405938,0.039650787456612456,0.15731369166361667,2.1532279899754223,16.810163806603725,2.060781659511834
2026-09-02,2026-09-02 20:00:00+00:00,2026-10-09,399.0,14.75,918883097,GLD   261009C00399000,0.10130047912388775,37,0.9906152241918667,0.037858526264851804,0.23445322772907096,49.97353722739368,402.78,2026-09-02,NSS,continuous_rate,-0.001196933340446035,0.03857268224405938,0.039650787456612456,0.15731369166361667,2.1532279899754223,16.810163806603725,2.060781659511834
2026-09-02,2026-09-02 20:00:00+00:00,2026-10-09,400.0,14.2,918883142,GLD   261009C00400000,0.10130047912388775,37,0.9930979691146532,0.037858526264851804,0.23439567314507442,50.306809690265005,402.78,2026-09-02,NSS,continuous_rate,-0.001196933340446035,0.03857268224405938,0.039650787456612456,0.15731369166361667,2.1532279899754223,16.810163806603725,2.060781659511834
2026-09-02,2026-09-02 20:00:00+00:00,2026-10-09,401.0,13.7,918883194,GLD   261009C00401000,0.10130047912388775,37,0.9955807140374399,0.037858526264851804,0.23506549488371237,50.58663712802986,402.78,2026-09-02,NSS,continuous_rate,-0.001196933340446035,0.03857268224405938,0.039650787456612456,0.15731369166361667,2.1532279899754223,16.810163806603725,2.060781659511834
2026-09-02,2026-09-02 20:00:00+00:00,2026-10-09,402.0,13.18,918883251,GLD   261009C00402000,0.10130047912388775,37,0.9980634589602265,0.037858526264851804,0.23507508731437848,50.808115856645806,402.78,2026-09-02,NSS,continuous_rate,-0.001196933340446035,0.03857268224405938,0.039650787456612456,0.15731369166361667,2.1532279899754223,16.810163806603725,2.060781659511834
2026-09-02,2026-09-02 20:00:00+00:00,2026-10-09,403.0,12.7,918883290,GLD   261009C00403000,0.10130047912388775,37,1.000546203883013,0.037858526264851804,0.23561033563250683,50.97374085253869,402.78,2026-09-02,NSS,continuous_rate,-0.001196933340446035,0.03857268224405938,0.039650787456612456,0.15731369166361667,2.1532279899754223,16.810163806603725,2.060781659511834
2026-09-02,2026-09-02 20:00:00+00:00,2026-10-09,404.0,12.2,918883338,GLD   261009C00404000,0.10130047912388775,37,1.0030289488057997,0.037858526264851804,0.2354937875999138,51.083105074750236,402.78,2026-09-02,NSS,continuous_rate,-0.001196933340446035,0.03857268224405938,0.039650787456612456,0.15731369166361667,2.1532279899754223,16.810163806603725,2.060781659511834
2026-09-02,2026-09-02 20:00:00+00:00,2026-10-09,405.0,11.73,918883393,GLD   261009C00405000,0.10130047912388775,37,1.0055116937285864,0.037858526264851804,0.23570773139940576,51.13667191565611,402.78,2026-09-02,NSS,continuous_rate,-0.001196933340446035,0.03857268224405938,0.039650787456612456,0.15731369166361667,2.1532279899754223,16.810163806603725,2.060781659511834
2026-09-02,2026-09-02 20:00:00+00:00,2026-10-09,406.0,11.28,918883447,GLD   261009C00406000,0.10130047912388775,37,1.007994438651373,0.037858526264851804,0.23605726839723068,51.13499075304842,402.78,2026-09-02,NSS,continuous_rate,-0.001196933340446035,0.03857268224405938,0.039650787456612456,0.15731369166361667,2.1532279899754223,16.810163806603725,2.060781659511834
2026-09-02,2026-09-02 20:00:00+00:00,2026-10-09,407.0,10.85,917783923,GLD   261009C00407000,0.10130047912388775,37,1.0104771835741597,0.037858526264851804,0.2365447873880156,51.079184776255936,402.78,2026-09-02,NSS,continuous_rate,-0.001196933340446035,0.03857268224405938,0.039650787456612456,0.15731369166361667,2.1532279899754223,16.810163806603725,2.060781659511834
2026-09-02,2026-09-02 20:00:00+00:00,2026-10-09,408.0,10.43,917783979,GLD   261009C00408000,0.10130047912388775,37,1.0129599284969464,0.037858526264851804,0.23697763883704326,50.97037042797355,402.78,2026-09-02,NSS,continuous_rate,-0.001196933340446035,0.03857268224405938,0.039650787456612456,0.15731369166361667,2.1532279899754223,16.810163806603725,2.060781659511834
2026-09-02,2026-09-02 20:00:00+00:00,2026-10-09,409.0,10.0,917784042,GLD   261009C00409000,0.10130047912388775,37,1.0154426734197328,0.037858526264851804,0.2369649544772692,50.807802425191355,402.78,2026-09-02,NSS,continuous_rate,-0.001196933340446035,0.03857268224405938,0.039650787456612456,0.15731369166361667,2.1532279899754223,16.810163806603725,2.060781659511834
2026-09-02,2026-09-02 20:00:00+00:00,2026-10-09,410.0,9.63,917784106,GLD   261009C00410000,0.10130047912388775,37,1.0179254183425195,0.037858526264851804,0.23788797913333404,50.599454932367756,402.78,2026-09-02,NSS,continuous_rate,-0.001196933340446035,0.03857268224405938,0.039650787456612456,0.15731369166361667,2.1532279899754223,16.810163806603725,2.060781659511834
2026-09-02,2026-09-02 20:00:00+00:00,2026-10-09,411.0,9.23,917784174,GLD   261009C00411000,0.10130047912388775,37,1.0204081632653061,0.037858526264851804,0.23797556826965888,50.33686891408696,402.78,2026-09-02,NSS,continuous_rate,-0.001196933340446035,0.03857268224405938,0.039650787456612456,0.15731369166361667,2.1532279899754223,16.810163806603725,2.060781659511834
2026-09-02,2026-09-02 20:00:00+00:00,2026-10-09,412.0,8.85,917784231,GLD   261009C00412000,0.10130047912388775,37,1.0228909081880928,0.037858526264851804,0.23821688774870708,50.02714560472741,402.78,2026-09-02,NSS,continuous_rate,-0.001196933340446035,0.03857268224405938,0.039650787456612456,0.15731369166361667,2.1532279899754223,16.810163806603725,2.060781659511834
2026-09-02,2026-09-02 20:00:00+00:00,2026-10-09,413.0,8.5,917784311,GLD   261009C00413000,0.10130047912388775,37,1.0253736531108795,0.037858526264851804,0.23881954384660348,49.67656183204081,402.78,2026-09-02,NSS,continuous_rate,-0.001196933340446035,0.03857268224405938,0.039650787456612456,0.15731369166361667,2.1532279899754223,16.810163806603725,2.060781659511834
2026-09-02,2026-09-02 20:00:00+00:00,2026-10-09,414.0,8.15,917784366,GLD   261009C00414000,0.10130047912388775,37,1.0278563980336661,0.037858526264851804,0.23918714814102277,49.279077683314675,402.78,2026-09-02,NSS,continuous_rate,-0.001196933340446035,0.03857268224405938,0.039650787456612456,0.15731369166361667,2.1532279899754223,16.810163806603725,2.060781659511834
2026-09-02,2026-09-02 20:00:00+00:00,2026-10-09,415.0,7.83,917784416,GLD   261009C00415000,0.10130047912388775,37,1.0303391429564528,0.037858526264851804,0.23993237756034363,48.84838538284668,402.78,2026-09-02,NSS,continuous_rate,-0.001196933340446035,0.03857268224405938,0.039650787456612456,0.15731369166361667,2.1532279899754223,16.810163806603725,2.060781659511834
2026-09-02,2026-09-02 20:00:00+00:00,2026-10-09,416.0,7.5,917784462,GLD   261009C00416000,0.10130047912388775,37,1.0328218878792395,0.037858526264851804,0.2402437869745307,48.36874794389292,402.78,2026-09-02,NSS,continuous_rate,-0.001196933340446035,0.03857268224405938,0.039650787456612456,0.15731369166361667,2.1532279899754223,16.810163806603725,2.060781659511834
2026-09-02,2026-09-02 20:00:00+00:00,2026-10-09,417.0,7.18,917784517,GLD   261009C00417000,0.10130047912388775,37,1.035304632802026,0.037858526264851804,0.2405307310339995,47.849801535200854,402.78,2026-09-02,NSS,continuous_rate,-0.001196933340446035,0.03857268224405938,0.039650787456612456,0.15731369166361667,2.1532279899754223,16.810163806603725,2.060781659511834
2026-09-02,2026-09-02 20:00:00+00:00,2026-10-09,418.0,6.9,917784588,GLD   261009C00418000,0.10130047912388775,37,1.0377873777248126,0.037858526264851804,0.24143110172152527,47.31653047584719,402.78,2026-09-02,NSS,continuous_rate,-0.001196933340446035,0.03857268224405938,0.039650787456612456,0.15731369166361667,2.1532279899754223,16.810163806603725,2.060781659511834
2026-09-02,2026-09-02 20:00:00+00:00,2026-10-09,419.0,6.63,917784659,GLD   261009C00419000,0.10130047912388775,37,1.0402701226475992,0.037858526264851804,0.2423302710269578,46.75422400514711,402.78,2026-09-02,NSS,continuous_rate,-0.001196933340446035,0.03857268224405938,0.039650787456612456,0.15731369166361667,2.1532279899754223,16.810163806603725,2.060781659511834
2026-09-02,2026-09-02 20:00:00+00:00,2026-10-09,420.0,6.33,917784718,GLD   261009C00420000,0.10130047912388775,37,1.0427528675703859,0.037858526264851804,0.2423673928023316,46.125783141568384,402.78,2026-09-02,NSS,continuous_rate,-0.001196933340446035,0.03857268224405938,0.039650787456612456,0.15731369166361667,2.1532279899754223,16.810163806603725,2.060781659511834
2026-09-02,2026-09-02 20:00:00+00:00,2026-10-09,421.0,6.08,917784768,GLD   261009C00421000,0.10130047912388775,37,1.0452356124931725,0.037858526264851804,0.24327065518861635,45.50850059608364,402.78,2026-09-02,NSS,continuous_rate,-0.001196933340446035,0.03857268224405938,0.039650787456612456,0.15731369166361667,2.1532279899754223,16.810163806603725,2.060781659511834
2026-09-02,2026-09-02 20:00:00+00:00,2026-10-09,422.0,5.83,917784825,GLD   261009C00422000,0.10130047912388775,37,1.0477183574159592,0.037858526264851804,0.2439679224546068,44.85755519678147,402.78,2026-09-02,NSS,continuous_rate,-0.001196933340446035,0.03857268224405938,0.039650787456612456,0.15731369166361667,2.1532279899754223,16.810163806603725,2.060781659511834
2026-09-02,2026-09-02 20:00:00+00:00,2026-10-09,423.0,5.58,917784869,GLD   261009C00423000,0.10130047912388775,37,1.0502011023387459,0.037858526264851804,0.24445600022776048,44.17190289321393,402.78,2026-09-02,NSS,continuous_rate,-0.001196933340446035,0.03857268224405938,0.039650787456612456,0.15731369166361667,2.1532279899754223,16.810163806603725,2.060781659511834
2026-09-02,2026-09-02 20:00:00+00:00,2026-10-09,424.0,5.33,917784925,GLD   261009C00424000,0.10130047912388775,37,1.0526838472615325,0.037858526264851804,0.24473066970119256,43.450204356026184,402.78,2026-09-02,NSS,continuous_rate,-0.001196933340446035,0.03857268224405938,0.039650787456612456,0.15731369166361667,2.1532279899754223,16.810163806603725,2.060781659511834
2026-09-02,2026-09-02 20:00:00+00:00,2026-10-09,425.0,5.13,917784999,GLD   261009C00425000,0.10130047912388775,37,1.055166592184319,0.037858526264851804,0.24595664753159507,42.77356082409399,402.78,2026-09-02,NSS,continuous_rate,-0.001196933340446035,0.03857268224405938,0.039650787456612456,0.15731369166361667,2.1532279899754223,16.810163806603725,2.060781659511834
2026-09-02,2026-09-02 20:00:00+00:00,2026-10-09,426.0,4.9,917785059,GLD   261009C00426000,0.10130047912388775,37,1.0576493371071056,0.037858526264851804,0.24628550026873125,42.018635126417166,402.78,2026-09-02,NSS,continuous_rate,-0.001196933340446035,0.03857268224405938,0.039650787456612456,0.15731369166361667,2.1532279899754223,16.810163806603725,2.060781659511834
2026-09-02,2026-09-02 20:00:00+00:00,2026-10-09,427.0,4.7,917785126,GLD   261009C00427000,0.10130047912388775,37,1.0601320820298923,0.037858526264851804,0.24712880530683326,41.287474905524064,402.78,2026-09-02,NSS,continuous_rate,-0.001196933340446035,0.03857268224405938,0.039650787456612456,0.15731369166361667,2.1532279899754223,16.810163806603725,2.060781659511834
2026-09-02,2026-09-02 20:00:00+00:00,2026-10-09,428.0,4.48,917785209,GLD   261009C00428000,0.10130047912388775,37,1.062614826952679,0.037858526264851804,0.24728731323881076,40.487462825853264,402.78,2026-09-02,NSS,continuous_rate,-0.001196933340446035,0.03857268224405938,0.039650787456612456,0.15731369166361667,2.1532279899754223,16.810163806603725,2.060781659511834
2026-09-02,2026-09-02 20:00:00+00:00,2026-10-09,429.0,4.3,917785282,GLD   261009C00429000,0.10130047912388775,37,1.0650975718754656,0.037858526264851804,0.24823748540496454,39.74333316975195,402.78,2026-09-02,NSS,continuous_rate,-0.001196933340446035,0.03857268224405938,0.039650787456612456,0.15731369166361667,2.1532279899754223,16.810163806603725,2.060781659511834
2026-09-02,2026-09-02 20:00:00+00:00,2026-10-09,430.0,4.13,917785342,GLD   261009C00430000,0.10130047912388775,37,1.0675803167982523,0.037858526264851804,0.24926236677384,39.00009931389524,402.78,2026-09-02,NSS,continuous_rate,-0.001196933340446035,0.03857268224405938,0.039650787456612456,0.15731369166361667,2.1532279899754223,16.810163806603725,2.060781659511834
2026-09-02,2026-09-02 20:00:00+00:00,2026-10-09,431.0,3.93,917785398,GLD   261009C00431000,0.10130047912388775,37,1.070063061721039,0.037858526264851804,0.24932594223786148,38.15826725066578,402.78,2026-09-02,NSS,continuous_rate,-0.001196933340446035,0.03857268224405938,0.039650787456612456,0.15731369166361667,2.1532279899754223,16.810163806603725,2.060781659511834
2026-09-02,2026-09-02 20:00:00+00:00,2026-10-09,432.0,3.78,917785458,GLD   261009C00432000,0.10130047912388775,37,1.0725458066438256,0.037858526264851804,0.2505129403415136,37.42155340523756,402.78,2026-09-02,NSS,continuous_rate,-0.001196933340446035,0.03857268224405938,0.039650787456612456,0.15731369166361667,2.1532279899754223,16.810163806603725,2.060781659511834
2026-09-02,2026-09-02 20:00:00+00:00,2026-10-09,433.0,3.63,917785519,GLD   261009C00433000,0.10130047912388775,37,1.075028551566612,0.037858526264851804,0.25153612208068377,36.66770388997034,402.78,2026-09-02,NSS,continuous_rate,-0.001196933340446035,0.03857268224405938,0.039650787456612456,0.15731369166361667,2.1532279899754223,16.810163806603725,2.060781659511834
2026-09-02,2026-09-02 20:00:00+00:00,2026-10-09,434.0,3.48,917785572,GLD   261009C00434000,0.10130047912388775,37,1.0775112964893987,0.037858526264851804,0.2523915946048684,35.8957345940405,402.78,2026-09-02,NSS,continuous_rate,-0.001196933340446035,0.03857268224405938,0.039650787456612456,0.15731369166361667,2.1532279899754223,16.810163806603725,2.060781659511834
2026-09-02,2026-09-02 20:00:00+00:00,2026-10-09,435.0,3.33,917785628,GLD   261009C00435000,0.10130047912388775,37,1.0799940414121854,0.037858526264851804,0.2530746920812876,35.10451796705236,402.78,2026-09-02,NSS,continuous_rate,-0.001196933340446035,0.03857268224405938,0.039650787456612456,0.15731369166361667,2.1532279899754223,16.810163806603725,2.060781659511834
2026-09-02,2026-09-02 20:00:00+00:00,2026-10-09,440.0,2.67,918883663,GLD   261009C00440000,0.10130047912388775,37,1.0924077660261184,0.037858526264851804,0.25657607828304174,31.18963803385822,402.78,2026-09-02,NSS,continuous_rate,-0.001196933340446035,0.03857268224405938,0.039650787456612456,0.15731369166361667,2.1532279899754223,16.810163806603725,2.060781659511834
2026-09-02,2026-09-02 20:00:00+00:00,2026-10-09,445.0,2.17,918883724,GLD   261009C00445000,0.10130047912388775,37,1.1048214906400518,0.037858526264851804,0.26129175910716884,27.591547396889645,402.78,2026-09-02,NSS,continuous_rate,-0.001196933340446035,0.03857268224405938,0.039650787456612456,0.15731369166361667,2.1532279899754223,16.810163806603725,2.060781659511834
2026-09-02,2026-09-02 20:00:00+00:00,2026-10-09,450.0,1.77,918883778,GLD   261009C00450000,0.10130047912388775,37,1.1172352152539848,0.037858526264851804,0.2661744832639582,24.271215067941604,402.78,2026-09-02,NSS,continuous_rate,-0.001196933340446035,0.03857268224405938,0.039650787456612456,0.15731369166361667,2.1532279899754223,16.810163806603725,2.060781659511834
2026-09-02,2026-09-02 20:00:00+00:00,2026-10-09,455.0,1.45,918883828,GLD   261009C00455000,0.10130047912388775,37,1.1296489398679181,0.037858526264851804,0.2712029937407934,21.26760535169571,402.78,2026-09-02,NSS,continuous_rate,-0.001196933340446035,0.03857268224405938,0.039650787456612456,0.15731369166361667,2.1532279899754223,16.810163806603725,2.060781659511834
2026-09-02,2026-09-02 20:00:00+00:00,2026-10-09,460.0,1.18,918883872,GLD   261009C00460000,0.10130047912388775,37,1.1420626644818512,0.037858526264851804,0.2756194140107372,18.484135968572236,402.78,2026-09-02,NSS,continuous_rate,-0.001196933340446035,0.03857268224405938,0.039650787456612456,0.15731369166361667,2.1532279899754223,16.810163806603725,2.060781659511834
2026-09-02,2026-09-02 20:00:00+00:00,2026-10-09,465.0,0.97,918883933,GLD   261009C00465000,0.10130047912388775,37,1.1544763890957843,0.037858526264851804,0.28051127425925815,16.076745185910752,402.78,2026-09-02,NSS,continuous_rate,-0.001196933340446035,0.03857268224405938,0.039650787456612456,0.15731369166361667,2.1532279899754223,16.810163806603725,2.060781659511834
2026-09-02,2026-09-02 20:00:00+00:00,2026-10-09,470.0,0.82,918883978,GLD   261009C00470000,0.10130047912388775,37,1.1668901137097176,0.037858526264851804,0.2868181484135799,14.14989656094952,402.78,2026-09-02,NSS,continuous_rate,-0.001196933340446035,0.03857268224405938,0.039650787456612456,0.15731369166361667,2.1532279899754223,16.810163806603725,2.060781659511834
2026-09-02,2026-09-02 20:00:00+00:00,2026-10-09,475.0,0.69,918884019,GLD   261009C00475000,0.10130047912388775,37,1.1793038383236507,0.037858526264851804,0.2925444383735769,12.39724180379077,402.78,2026-09-02,NSS,continuous_rate,-0.001196933340446035,0.03857268224405938,0.039650787456612456,0.15731369166361667,2.1532279899754223,16.810163806603725,2.060781659511834
2026-09-02,2026-09-02 20:00:00+00:00,2026-10-09,480.0,0.59,918884087,GLD   261009C00480000,0.10130047912388775,37,1.1917175629375838,0.037858526264851804,0.2988589492202738,10.943488267896074,402.78,2026-09-02,NSS,continuous_rate,-0.001196933340446035,0.03857268224405938,0.039650787456612456,0.15731369166361667,2.1532279899754223,16.810163806603725,2.060781659511834
2026-09-02,2026-09-02 20:00:00+00:00,2026-10-16,325.0,79.5,827013823,GLD   261016C00325000,0.12046543463381246,44,0.8068920999056558,0.03794622387154555,0.2996194566808642,5.4200775368278755,402.78,2026-09-02,NSS,continuous_rate,-0.001196933340446035,0.03857268224405938,0.039650787456612456,0.15731369166361667,2.1532279899754223,16.810163806603725,2.060781659511834
2026-09-02,2026-09-02 20:00:00+00:00,2026-10-16,330.0,74.83,827013883,GLD   261016C00330000,0.12046543463381246,44,0.8193058245195889,0.03794622387154555,0.3219616386276669,9.521705909604023,402.78,2026-09-02,NSS,continuous_rate,-0.001196933340446035,0.03857268224405938,0.039650787456612456,0.15731369166361667,2.1532279899754223,16.810163806603725,2.060781659511834
2026-09-02,2026-09-02 20:00:00+00:00,2026-10-16,335.0,69.83,827013908,GLD   261016C00335000,0.12046543463381246,44,0.8317195491335221,0.03794622387154555,0.2996086209594272,9.745157532442777,402.78,2026-09-02,NSS,continuous_rate,-0.001196933340446035,0.03857268224405938,0.039650787456612456,0.15731369166361667,2.1532279899754223,16.810163806603725,2.060781659511834
2026-09-02,2026-09-02 20:00:00+00:00,2026-10-16,340.0,64.9,827013990,GLD   261016C00340000,0.12046543463381246,44,0.8441332737474553,0.03794622387154555,0.2843058256308548,10.78424300346761,402.78,2026-09-02,NSS,continuous_rate,-0.001196933340446035,0.03857268224405938,0.039650787456612456,0.15731369166361667,2.1532279899754223,16.810163806603725,2.060781659511834
2026-09-02,2026-09-02 20:00:00+00:00,2026-10-16,341.0,63.5,897212988,GLD   261016C00341000,0.12046543463381246,44,0.8466160186702418,0.03794622387154555,0.229118639553152,5.057285689184344,402.78,2026-09-02,NSS,continuous_rate,-0.001196933340446035,0.03857268224405938,0.039650787456612456,0.15731369166361667,2.1532279899754223,16.810163806603725,2.060781659511834
2026-09-02,2026-09-02 20:00:00+00:00,2026-10-16,342.0,62.68,897213008,GLD   261016C00342000,0.12046543463381246,44,0.8490987635930285,0.03794622387154555,0.252350621887669,8.111956550396986,402.78,2026-09-02,NSS,continuous_rate,-0.001196933340446035,0.03857268224405938,0.039650787456612456,0.15731369166361667,2.1532279899754223,16.810163806603725,2.060781659511834
2026-09-02,2026-09-02 20:00:00+00:00,2026-10-16,343.0,61.38,897213027,GLD   261016C00343000,0.12046543463381246,44,0.8515815085158152,0.03794622387154555,0.18376052381824698,1.7903250678558262,402.78,2026-09-02,NSS,continuous_rate,-0.001196933340446035,0.03857268224405938,0.039650787456612456,0.15731369166361667,2.1532279899754223,16.810163806603725,2.060781659511834
2026-09-02,2026-09-02 20:00:00+00:00,2026-10-16,344.0,60.75,897213042,GLD   261016C00344000,0.12046543463381246,44,0.8540642534386018,0.03794622387154555,0.25188925856826827,9.166500615302512,402.78,2026-09-02,NSS,continuous_rate,-0.001196933340446035,0.03857268224405938,0.039650787456612456,0.15731369166361667,2.1532279899754223,16.810163806603725,2.060781659511834
2026-09-02,2026-09-02 20:00:00+00:00,2026-10-16,345.0,59.4,827014044,GLD   261016C00345000,0.12046543463381246,44,0.8565469983613884,0.03794622387154555,0.1832874493516981,2.228127843294132,402.78,2026-09-02,NSS,continuous_rate,-0.001196933340446035,0.03857268224405938,0.039650787456612456,0.15731369166361667,2.1532279899754223,16.810163806603725,2.060781659511834
2026-09-02,2026-09-02 20:00:00+00:00,2026-10-16,346.0,58.58,897213058,GLD   261016C00346000,0.12046543463381246,44,0.859029743284175,0.03794622387154555,0.22172098030606285,6.512871821428248,402.78,2026-09-02,NSS,continuous_rate,-0.001196933340446035,0.03857268224405938,0.039650787456612456,0.15731369166361667,2.1532279899754223,16.810163806603725,2.060781659511834
2026-09-02,2026-09-02 20:00:00+00:00,2026-10-16,347.0,57.53,897213075,GLD   261016C00347000,0.12046543463381246,44,0.8615124882069617,0.03794622387154555,0.20917776430193333,5.49977841930624,402.78,2026-09-02,NSS,continuous_rate,-0.001196933340446035,0.03857268224405938,0.039650787456612456,0.15731369166361667,2.1532279899754223,16.810163806603725,2.060781659511834
2026-09-02,2026-09-02 20:00:00+00:00,2026-10-16,348.0,56.9,897213093,GLD   261016C00348000,0.12046543463381246,44,0.8639952331297484,0.03794622387154555,0.24934068943588064,11.331408109354442,402.78,2026-09-02,NSS,continuous_rate,-0.001196933340446035,0.03857268224405938,0.039650787456612456,0.15731369166361667,2.1532279899754223,16.810163806603725,2.060781659511834
2026-09-02,2026-09-02 20:00:00+00:00,2026-10-16,349.0,55.65,897213105,GLD   261016C00349000,0.12046543463381246,44,0.8664779780525349,0.03794622387154555,0.21893737799627705,7.789256300901019,402.78,2026-09-02,NSS,continuous_rate,-0.001196933340446035,0.03857268224405938,0.039650787456612456,0.15731369166361667,2.1532279899754223,16.810163806603725,2.060781659511834
2026-09-02,2026-09-02 20:00:00+00:00,2026-10-16,350.0,55.48,827014109,GLD   261016C00350000,0.12046543463381246,44,0.8689607229753216,0.03794622387154555,0.2811078582554125,17.163580838073923,402.78,2026-09-02,NSS,continuous_rate,-0.001196933340446035,0.03857268224405938,0.039650787456612456,0.15731369166361667,2.1532279899754223,16.810163806603725,2.060781659511834
2026-09-02,2026-09-02 20:00:00+00:00,2026-10-16,351.0,53.83,897213123,GLD   261016C00351000,0.12046543463381246,44,0.8714434678981082,0.03794622387154555,0.2300996891017072,10.6413925130145,402.78,2026-09-02,NSS,continuous_rate,-0.001196933340446035,0.03857268224405938,0.039650787456612456,0.15731369166361667,2.1532279899754223,16.810163806603725,2.060781659511834
2026-09-02,2026-09-02 20:00:00+00:00,2026-10-16,352.0,53.0,897213132,GLD   261016C00352000,0.12046543463381246,44,0.8739262128208949,0.03794622387154555,0.24026808935105803,12.870913883964649,402.78,2026-09-02,NSS,continuous_rate,-0.001196933340446035,0.03857268224405938,0.039650787456612456,0.15731369166361667,2.1532279899754223,16.810163806603725,2.060781659511834
2026-09-02,2026-09-02 20:00:00+00:00,2026-10-16,353.0,52.55,897213144,GLD   261016C00353000,0.12046543463381246,44,0.8764089577436814,0.03794622387154555,0.2711556974697858,18.17767377775383,402.78,2026-09-02,NSS,continuous_rate,-0.001196933340446035,0.03857268224405938,0.039650787456612456,0.15731369166361667,2.1532279899754223,16.810163806603725,2.060781659511834
2026-09-02,2026-09-02 20:00:00+00:00,2026-10-16,354.0,50.8,897213163,GLD   261016C00354000,0.12046543463381246,44,0.8788917026664681,0.03794622387154555,0.21456029600510373,10.411648193617355,402.78,2026-09-02,NSS,continuous_rate,-0.001196933340446035,0.03857268224405938,0.039650787456612456,0.15731369166361667,2.1532279899754223,16.810163806603725,2.060781659511834
2026-09-02,2026-09-02 20:00:00+00:00,2026-10-16,355.0,50.48,827014181,GLD   261016C00355000,0.12046543463381246,44,0.8813744475892548,0.03794622387154555,0.2580347936266103,17.95019365943428,402.78,2026-09-02,NSS,continuous_rate,-0.001196933340446035,0.03857268224405938,0.039650787456612456,0.15731369166361667,2.1532279899754223,16.810163806603725,2.060781659511834
2026-09-02,2026-09-02 20:00:00+00:00,2026-10-16,356.0,49.85,897213173,GLD   261016C00356000,0.12046543463381246,44,0.8838571925120414,0.03794622387154555,0.2723917287263089,20.88777483766445,402.78,2026-09-02,NSS,continuous_rate,-0.001196933340446035,0.03857268224405938,0.039650787456612456,0.15731369166361667,2.1532279899754223,16.810163806603725,2.060781659511834
2026-09-02,2026-09-02 20:00:00+00:00,2026-10-16,357.0,48.65,897213185,GLD   261016C00357000,0.12046543463381246,44,0.886339937434828,0.03794622387154555,0.2578037650561893,19.655119368964066,402.78,2026-09-02,NSS,continuous_rate,-0.001196933340446035,0.03857268224405938,0.039650787456612456,0.15731369166361667,2.1532279899754223,16.810163806603725,2.060781659511834
2026-09-02,2026-09-02 20:00:00+00:00,2026-10-16,358.0,47.78,897213198,GLD   261016C00358000,0.12046543463381246,44,0.8888226823576146,0.03794622387154555,0.2595240697092377,20.80831573774571,402.78,2026-09-02,NSS,continuous_rate,-0.001196933340446035,0.03857268224405938,0.039650787456612456,0.15731369166361667,2.1532279899754223,16.810163806603725,2.060781659511834
2026-09-02,2026-09-02 20:00:00+00:00,2026-10-16,359.0,46.73,897213215,GLD   261016C00359000,0.12046543463381246,44,0.8913054272804013,0.03794622387154555,0.2523907331487164,20.652748665863793,402.78,2026-09-02,NSS,continuous_rate,-0.001196933340446035,0.03857268224405938,0.039650787456612456,0.15731369166361667,2.1532279899754223,16.810163806603725,2.060781659511834
2026-09-02,2026-09-02 20:00:00+00:00,2026-10-16,360.0,45.88,827014251,GLD   261016C00360000,0.12046543463381246,44,0.893788172203188,0.03794622387154555,0.2546929770433344,21.935320849070433,402.78,2026-09-02,NSS,continuous_rate,-0.001196933340446035,0.03857268224405938,0.039650787456612456,0.15731369166361667,2.1532279899754223,16.810163806603725,2.060781659511834
2026-09-02,2026-09-02 20:00:00+00:00,2026-10-16,361.0,45.0,897213225,GLD   261016C00361000,0.12046543463381246,44,0.8962709171259745,0.03794622387154555,0.25523534052362673,22.965788800519967,402.78,2026-09-02,NSS,continuous_rate,-0.001196933340446035,0.03857268224405938,0.039650787456612456,0.15731369166361667,2.1532279899754223,16.810163806603725,2.060781659511834
2026-09-02,2026-09-02 20:00:00+00:00,2026-10-16,362.0,43.98,897213239,GLD   261016C00362000,0.12046543463381246,44,0.8987536620487612,0.03794622387154555,0.24954220498418433,23.07438694651164,402.78,2026-09-02,NSS,continuous_rate,-0.001196933340446035,0.03857268224405938,0.039650787456612456,0.15731369166361667,2.1532279899754223,16.810163806603725,2.060781659511834
2026-09-02,2026-09-02 20:00:00+00:00,2026-10-16,363.0,43.18,897213248,GLD   261016C00363000,0.12046543463381246,44,0.9012364069715478,0.03794622387154555,0.25307092495681727,24.587973812126155,402.78,2026-09-02,NSS,continuous_rate,-0.001196933340446035,0.03857268224405938,0.039650787456612456,0.15731369166361667,2.1532279899754223,16.810163806603725,2.060781659511834
2026-09-02,2026-09-02 20:00:00+00:00,2026-10-16,364.0,42.25,897213265,GLD   261016C00364000,0.12046543463381246,44,0.9037191518943344,0.03794622387154555,0.25095675323801125,25.269339510759224,402.78,2026-09-02,NSS,continuous_rate,-0.001196933340446035,0.03857268224405938,0.039650787456612456,0.15731369166361667,2.1532279899754223,16.810163806603725,2.060781659511834
2026-09-02,2026-09-02 20:00:00+00:00,2026-10-16,365.0,41.38,827014302,GLD   261016C00365000,0.12046543463381246,44,0.906201896817121,0.03794622387154555,0.2510343960481697,26.289279450392748,402.78,2026-09-02,NSS,continuous_rate,-0.001196933340446035,0.03857268224405938,0.039650787456612456,0.15731369166361667,2.1532279899754223,16.810163806603725,2.060781659511834
2026-09-02,2026-09-02 20:00:00+00:00,2026-10-16,366.0,40.48,897213278,GLD   261016C00366000,0.12046543463381246,44,0.9086846417399077,0.03794622387154555,0.24976446998445317,27.124335347593803,402.78,2026-09-02,NSS,continuous_rate,-0.001196933340446035,0.03857268224405938,0.039650787456612456,0.15731369166361667,2.1532279899754223,16.810163806603725,2.060781659511834
2026-09-02,2026-09-02 20:00:00+00:00,2026-10-16,367.0,39.5,897213293,GLD   261016C00367000,0.12046543463381246,44,0.9111673866626944,0.03794622387154555,0.24545493546864017,27.530898335439957,402.78,2026-09-02,NSS,continuous_rate,-0.001196933340446035,0.03857268224405938,0.039650787456612456,0.15731369166361667,2.1532279899754223,16.810163806603725,2.060781659511834
2026-09-02,2026-09-02 20:00:00+00:00,2026-10-16,368.0,38.67,897213308,GLD   261016C00368000,0.12046543463381246,44,0.9136501315854809,0.03794622387154555,0.24641672565154737,28.719487863339115,402.78,2026-09-02,NSS,continuous_rate,-0.001196933340446035,0.03857268224405938,0.039650787456612456,0.15731369166361667,2.1532279899754223,16.810163806603725,2.060781659511834
2026-09-02,2026-09-02 20:00:00+00:00,2026-10-16,369.0,37.75,897213330,GLD   261016C00369000,0.12046543463381246,44,0.9161328765082676,0.03794622387154555,0.24403215448791166,29.436727771472373,402.78,2026-09-02,NSS,continuous_rate,-0.001196933340446035,0.03857268224405938,0.039650787456612456,0.15731369166361667,2.1532279899754223,16.810163806603725,2.060781659511834
2026-09-02,2026-09-02 20:00:00+00:00,2026-10-16,370.0,36.88,827014362,GLD   261016C00370000,0.12046543463381246,44,0.9186156214310542,0.03794622387154555,0.24319695179415868,30.387263734702955,402.78,2026-09-02,NSS,continuous_rate,-0.001196933340446035,0.03857268224405938,0.039650787456612456,0.15731369166361667,2.1532279899754223,16.810163806603725,2.060781659511834
2026-09-02,2026-09-02 20:00:00+00:00,2026-10-16,371.0,36.05,897213345,GLD   261016C00371000,0.12046543463381246,44,0.9210983663538409,0.03794622387154555,0.24344753774749117,31.495217179634196,402.78,2026-09-02,NSS,continuous_rate,-0.001196933340446035,0.03857268224405938,0.039650787456612456,0.15731369166361667,2.1532279899754223,16.810163806603725,2.060781659511834
2026-09-02,2026-09-02 20:00:00+00:00,2026-10-16,372.0,35.15,897213360,GLD   261016C00372000,0.12046543463381246,44,0.9235811112766275,0.03794622387154555,0.24128311286764226,32.28106258497091,402.78,2026-09-02,NSS,continuous_rate,-0.001196933340446035,0.03857268224405938,0.039650787456612456,0.15731369166361667,2.1532279899754223,16.810163806603725,2.060781659511834
2026-09-02,2026-09-02 20:00:00+00:00,2026-10-16,373.0,34.35,897213378,GLD   261016C00373000,0.12046543463381246,44,0.9260638561994141,0.03794622387154555,0.24200521800993013,33.458230990281386,402.78,2026-09-02,NSS,continuous_rate,-0.001196933340446035,0.03857268224405938,0.039650787456612456,0.15731369166361667,2.1532279899754223,16.810163806603725,2.060781659511834
2026-09-02,2026-09-02 20:00:00+00:00,2026-10-16,374.0,33.48,897213395,GLD   261016C00374000,0.12046543463381246,44,0.9285466011222008,0.03794622387154555,0.24041087221587082,34.33557340124907,402.78,2026-09-02,NSS,continuous_rate,-0.001196933340446035,0.03857268224405938,0.039650787456612456,0.15731369166361667,2.1532279899754223,16.810163806603725,2.060781659511834
2026-09-02,2026-09-02 20:00:00+00:00,2026-10-16,375.0,32.65,827014423,GLD   261016C00375000,0.12046543463381246,44,0.9310293460449874,0.03794622387154555,0.23979880994809794,35.341995414557324,402.78,2026-09-02,NSS,continuous_rate,-0.001196933340446035,0.03857268224405938,0.039650787456612456,0.15731369166361667,2.1532279899754223,16.810163806603725,2.060781659511834
2026-09-02,2026-09-02 20:00:00+00:00,2026-10-16,376.0,31.83,897213408,GLD   261016C00376000,0.12046543463381246,44,0.933512090967774,0.03794622387154555,0.2392576664759778,36.35629093098644,402.78,2026-09-02,NSS,continuous_rate,-0.001196933340446035,0.03857268224405938,0.039650787456612456,0.15731369166361667,2.1532279899754223,16.810163806603725,2.060781659511834
2026-09-02,2026-09-02 20:00:00+00:00,2026-10-16,377.0,31.03,897213423,GLD   261016C00377000,0.12046543463381246,44,0.9359948358905607,0.03794622387154555,0.23904308473328134,37.40462009304746,402.78,2026-09-02,NSS,continuous_rate,-0.001196933340446035,0.03857268224405938,0.039650787456612456,0.15731369166361667,2.1532279899754223,16.810163806603725,2.060781659511834
2026-09-02,2026-09-02 20:00:00+00:00,2026-10-16,378.0,30.23,897213438,GLD   261016C00378000,0.12046543463381246,44,0.9384775808133473,0.03794622387154555,0.23860251277452332,38.420149301771986,402.78,2026-09-02,NSS,continuous_rate,-0.001196933340446035,0.03857268224405938,0.039650787456612456,0.15731369166361667,2.1532279899754223,16.810163806603725,2.060781659511834
2026-09-02,2026-09-02 20:00:00+00:00,2026-10-16,379.0,29.43,897213449,GLD   261016C00379000,0.12046543463381246,44,0.940960325736134,0.03794622387154555,0.23794776884680613,39.40532065415318,402.78,2026-09-02,NSS,continuous_rate,-0.001196933340446035,0.03857268224405938,0.039650787456612456,0.15731369166361667,2.1532279899754223,16.810163806603725,2.060781659511834
2026-09-02,2026-09-02 20:00:00+00:00,2026-10-16,380.0,28.6,827014471,GLD   261016C00380000,0.12046543463381246,44,0.9434430706589205,0.03794622387154555,0.2363449481868185,40.28839587962545,402.78,2026-09-02,NSS,continuous_rate,-0.001196933340446035,0.03857268224405938,0.039650787456612456,0.15731369166361667,2.1532279899754223,16.810163806603725,2.060781659511834
2026-09-02,2026-09-02 20:00:00+00:00,2026-10-16,381.0,27.88,897213469,GLD   261016C00381000,0.12046543463381246,44,0.9459258155817072,0.03794622387154555,0.2372436844359152,41.40556581185497,402.78,2026-09-02,NSS,continuous_rate,-0.001196933340446035,0.03857268224405938,0.039650787456612456,0.15731369166361667,2.1532279899754223,16.810163806603725,2.060781659511834
2026-09-02,2026-09-02 20:00:00+00:00,2026-10-16,382.0,27.15,897213486,GLD   261016C00382000,0.12046543463381246,44,0.9484085605044938,0.03794622387154555,0.2376271115844138,42.44725089812026,402.78,2026-09-02,NSS,continuous_rate,-0.001196933340446035,0.03857268224405938,0.039650787456612456,0.15731369166361667,2.1532279899754223,16.810163806603725,2.060781659511834
2026-09-02,2026-09-02 20:00:00+00:00,2026-10-16,383.0,26.4,897213503,GLD   261016C00383000,0.12046543463381246,44,0.9508913054272805,0.03794622387154555,0.23729825884727765,43.40477727910781,402.78,2026-09-02,NSS,continuous_rate,-0.001196933340446035,0.03857268224405938,0.039650787456612456,0.15731369166361667,2.1532279899754223,16.810163806603725,2.060781659511834
2026-09-02,2026-09-02 20:00:00+00:00,2026-10-16,384.0,25.65,897213517,GLD   261016C00384000,0.12046543463381246,44,0.9533740503500671,0.03794622387154555,0.2367501864737831,44.325256044869995,402.78,2026-09-02,NSS,continuous_rate,-0.001196933340446035,0.03857268224405938,0.039650787456612456,0.15731369166361667,2.1532279899754223,16.810163806603725,2.060781659511834
2026-09-02,2026-09-02 20:00:00+00:00,2026-10-16,385.0,24.93,827014526,GLD   261016C00385000,0.12046543463381246,44,0.9558567952728537,0.03794622387154555,0.23665483026253065,45.25709420967956,402.78,2026-09-02,NSS,continuous_rate,-0.001196933340446035,0.03857268224405938,0.039650787456612456,0.15731369166361667,2.1532279899754223,16.810163806603725,2.060781659511834
2026-09-02,2026-09-02 20:00:00+00:00,2026-10-16,386.0,24.15,897213532,GLD   261016C00386000,0.12046543463381246,44,0.9583395401956404,0.03794622387154555,0.23502987250769514,46.06262337334457,402.78,2026-09-02,NSS,continuous_rate,-0.001196933340446035,0.03857268224405938,0.039650787456612456,0.15731369166361667,2.1532279899754223,16.810163806603725,2.060781659511834
2026-09-02,2026-09-02 20:00:00+00:00,2026-10-16,387.0,23.48,897213551,GLD   261016C00387000,0.12046543463381246,44,0.960822285118427,0.03794622387154555,0.2355756259343587,46.98371362339247,402.78,2026-09-02,NSS,continuous_rate,-0.001196933340446035,0.03857268224405938,0.039650787456612456,0.15731369166361667,2.1532279899754223,16.810163806603725,2.060781659511834
2026-09-02,2026-09-02 20:00:00+00:00,2026-10-16,388.0,22.75,897213556,GLD   261016C00388000,0.12046543463381246,44,0.9633050300412136,0.03794622387154555,0.234615498128999,47.78502427476012,402.78,2026-09-02,NSS,continuous_rate,-0.001196933340446035,0.03857268224405938,0.039650787456612456,0.15731369166361667,2.1532279899754223,16.810163806603725,2.060781659511834
2026-09-02,2026-09-02 20:00:00+00:00,2026-10-16,389.0,22.1,897213572,GLD   261016C00389000,0.12046543463381246,44,0.9657877749640003,0.03794622387154555,0.2351026725373231,48.631286053054474,402.78,2026-09-02,NSS,continuous_rate,-0.001196933340446035,0.03857268224405938,0.039650787456612456,0.15731369166361667,2.1532279899754223,16.810163806603725,2.060781659511834
2026-09-02,2026-09-02 20:00:00+00:00,2026-10-16,390.0,21.45,827014584,GLD   261016C00390000,0.12046543463381246,44,0.9682705198867869,0.03794622387154555,0.23534428072059527,49.4245876829192,402.78,2026-09-02,NSS,continuous_rate,-0.001196933340446035,0.03857268224405938,0.039650787456612456,0.15731369166361667,2.1532279899754223,16.810163806603725,2.060781659511834
2026-09-02,2026-09-02 20:00:00+00:00,2026-10-16,391.0,20.75,897213584,GLD   261016C00391000,0.12046543463381246,44,0.9707532648095736,0.03794622387154555,0.23435302873728797,50.13043746915235,402.78,2026-09-02,NSS,continuous_rate,-0.001196933340446035,0.03857268224405938,0.039650787456612456,0.15731369166361667,2.1532279899754223,16.810163806603725,2.060781659511834
2026-09-02,2026-09-02 20:00:00+00:00,2026-10-16,392.0,20.15,897213599,GLD   261016C00392000,0.12046543463381246,44,0.9732360097323601,0.03794622387154555,0.23512815301334483,50.862773744711724,402.78,2026-09-02,NSS,continuous_rate,-0.001196933340446035,0.03857268224405938,0.039650787456612456,0.15731369166361667,2.1532279899754223,16.810163806603725,2.060781659511834
2026-09-02,2026-09-02 20:00:00+00:00,2026-10-16,393.0,19.5,897213609,GLD   261016C00393000,0.12046543463381246,44,0.9757187546551468,0.03794622387154555,0.23468526210775603,51.51158607669303,402.78,2026-09-02,NSS,continuous_rate,-0.001196933340446035,0.03857268224405938,0.039650787456612456,0.15731369166361667,2.1532279899754223,16.810163806603725,2.060781659511834
2026-09-02,2026-09-02 20:00:00+00:00,2026-10-16,394.0,18.88,897213624,GLD   261016C00394000,0.12046543463381246,44,0.9782014995779335,0.03794622387154555,0.23460239468244834,52.1288968439961,402.78,2026-09-02,NSS,continuous_rate,-0.001196933340446035,0.03857268224405938,0.039650787456612456,0.15731369166361667,2.1532279899754223,16.810163806603725,2.060781659511834
2026-09-02,2026-09-02 20:00:00+00:00,2026-10-16,395.0,18.25,827014632,GLD   261016C00395000,0.12046543463381246,44,0.9806842445007201,0.03794622387154555,0.2341061866258271,52.693605973900674,402.78,2026-09-02,NSS,continuous_rate,-0.001196933340446035,0.03857268224405938,0.039650787456612456,0.15731369166361667,2.1532279899754223,16.810163806603725,2.060781659511834
2026-09-02,2026-09-02 20:00:00+00:00,2026-10-16,396.0,17.65,897213637,GLD   261016C00396000,0.12046543463381246,44,0.9831669894235067,0.03794622387154555,0.23395891953250392,53.22090780158082,402.78,2026-09-02,NSS,continuous_rate,-0.001196933340446035,0.03857268224405938,0.039650787456612456,0.15731369166361667,2.1532279899754223,16.810163806603725,2.060781659511834
2026-09-02,2026-09-02 20:00:00+00:00,2026-10-16,397.0,17.05,897213649,GLD   261016C00397000,0.12046543463381246,44,0.9856497343462933,0.03794622387154555,0.23359018836030737,53.69863165967972,402.78,2026-09-02,NSS,continuous_rate,-0.001196933340446035,0.03857268224405938,0.039650787456612456,0.15731369166361667,2.1532279899754223,16.810163806603725,2.060781659511834
2026-09-02,2026-09-02 20:00:00+00:00,2026-10-16,398.0,16.5,897213662,GLD   261016C00398000,0.12046543463381246,44,0.98813247926908,0.03794622387154555,0.2339276835980825,54.13619257438583,402.78,2026-09-02,NSS,continuous_rate,-0.001196933340446035,0.03857268224405938,0.039650787456612456,0.15731369166361667,2.1532279899754223,16.810163806603725,2.060781659511834
2026-09-02,2026-09-02 20:00:00+00:00,2026-10-16,399.0,15.95,897213672,GLD   261016C00399000,0.12046543463381246,44,0.9906152241918667,0.03794622387154555,0.23403767990740018,54.52056380930235,402.78,2026-09-02,NSS,continuous_rate,-0.001196933340446035,0.03857268224405938,0.039650787456612456,0.15731369166361667,2.1532279899754223,16.810163806603725,2.060781659511834
2026-09-02,2026-09-02 20:00:00+00:00,2026-10-16,400.0,15.43,827014701,GLD   261016C00400000,0.12046543463381246,44,0.9930979691146532,0.03794622387154555,0.23447171876896172,54.855356365470094,402.78,2026-09-02,NSS,continuous_rate,-0.001196933340446035,0.03857268224405938,0.039650787456612456,0.15731369166361667,2.1532279899754223,16.810163806603725,2.060781659511834
2026-09-02,2026-09-02 20:00:00+00:00,2026-10-16,401.0,14.9,897213686,GLD   261016C00401000,0.12046543463381246,44,0.9955807140374399,0.03794622387154555,0.23449942040489985,55.13658177813047,402.78,2026-09-02,NSS,continuous_rate,-0.001196933340446035,0.03857268224405938,0.039650787456612456,0.15731369166361667,2.1532279899754223,16.810163806603725,2.060781659511834
2026-09-02,2026-09-02 20:00:00+00:00,2026-10-16,402.0,14.4,897213698,GLD   261016C00402000,0.12046543463381246,44,0.9980634589602265,0.03794622387154555,0.2348495068720542,55.36687730181082,402.78,2026-09-02,NSS,continuous_rate,-0.001196933340446035,0.03857268224405938,0.039650787456612456,0.15731369166361667,2.1532279899754223,16.810163806603725,2.060781659511834
2026-09-02,2026-09-02 20:00:00+00:00,2026-10-16,403.0,13.9,897213709,GLD   261016C00403000,0.12046543463381246,44,1.000546203883013,0.03794622387154555,0.23497900468604643,55.54501881933377,402.78,2026-09-02,NSS,continuous_rate,-0.001196933340446035,0.03857268224405938,0.039650787456612456,0.15731369166361667,2.1532279899754223,16.810163806603725,2.060781659511834
2026-09-02,2026-09-02 20:00:00+00:00,2026-10-16,404.0,13.43,897213728,GLD   261016C00404000,0.12046543463381246,44,1.0030289488057997,0.03794622387154555,0.2354296719796024,55.67151085623403,402.78,2026-09-02,NSS,continuous_rate,-0.001196933340446035,0.03857268224405938,0.039650787456612456,0.15731369166361667,2.1532279899754223,16.810163806603725,2.060781659511834
2026-09-02,2026-09-02 20:00:00+00:00,2026-10-16,405.0,12.95,827014751,GLD   261016C00405000,0.12046543463381246,44,1.0055116937285864,0.03794622387154555,0.2354835944782011,55.74676244750432,402.78,2026-09-02,NSS,continuous_rate,-0.001196933340446035,0.03857268224405938,0.039650787456612456,0.15731369166361667,2.1532279899754223,16.810163806603725,2.060781659511834
2026-09-02,2026-09-02 20:00:00+00:00,2026-10-16,406.0,12.5,897213743,GLD   261016C00406000,0.12046543463381246,44,1.007994438651373,0.03794622387154555,0.235860530438181,55.77109040936585,402.78,2026-09-02,NSS,continuous_rate,-0.001196933340446035,0.03857268224405938,0.039650787456612456,0.15731369166361667,2.1532279899754223,16.810163806603725,2.060781659511834
2026-09-02,2026-09-02 20:00:00+00:00,2026-10-16,407.0,12.05,897213758,GLD   261016C00407000,0.12046543463381246,44,1.0104771835741597,0.03794622387154555,0.236023881150689,55.745214131290965,402.78,2026-09-02,NSS,continuous_rate,-0.001196933340446035,0.03857268224405938,0.039650787456612456,0.15731369166361667,2.1532279899754223,16.810163806603725,2.060781659511834
2026-09-02,2026-09-02 20:00:00+00:00,2026-10-16,408.0,11.63,897213769,GLD   261016C00408000,0.12046543463381246,44,1.0129599284969464,0.03794622387154555,0.23651382153173905,55.67036204380127,402.78,2026-09-02,NSS,continuous_rate,-0.001196933340446035,0.03857268224405938,0.039650787456612456,0.15731369166361667,2.1532279899754223,16.810163806603725,2.060781659511834
2026-09-02,2026-09-02 20:00:00+00:00,2026-10-16,409.0,11.2,897213784,GLD   261016C00409000,0.12046543463381246,44,1.0154426734197328,0.03794622387154555,0.23661418815823274,55.54628686100124,402.78,2026-09-02,NSS,continuous_rate,-0.001196933340446035,0.03857268224405938,0.039650787456612456,0.15731369166361667,2.1532279899754223,16.810163806603725,2.060781659511834
2026-09-02,2026-09-02 20:00:00+00:00,2026-10-16,410.0,10.8,827014809,GLD   261016C00410000,0.12046543463381246,44,1.0179254183425195,0.03794622387154555,0.23704649945097045,55.37598110899596,402.78,2026-09-02,NSS,continuous_rate,-0.001196933340446035,0.03857268224405938,0.039650787456612456,0.15731369166361667,2.1532279899754223,16.810163806603725,2.060781659511834
2026-09-02,2026-09-02 20:00:00+00:00,2026-10-16,411.0,10.43,912708356,GLD   261016C00411000,0.12046543463381246,44,1.0204081632653061,0.03794622387154555,0.23781659468570732,55.16275783279255,402.78,2026-09-02,NSS,continuous_rate,-0.001196933340446035,0.03857268224405938,0.039650787456612456,0.15731369166361667,2.1532279899754223,16.810163806603725,2.060781659511834
2026-09-02,2026-09-02 20:00:00+00:00,2026-10-16,412.0,10.03,912708461,GLD   261016C00412000,0.12046543463381246,44,1.0228909081880928,0.03794622387154555,0.23783932781508194,54.89919191500493,402.78,2026-09-02,NSS,continuous_rate,-0.001196933340446035,0.03857268224405938,0.039650787456612456,0.15731369166361667,2.1532279899754223,16.810163806603725,2.060781659511834
2026-09-02,2026-09-02 20:00:00+00:00,2026-10-16,413.0,9.68,912708526,GLD   261016C00413000,0.12046543463381246,44,1.0253736531108795,0.03794622387154555,0.2385713885965757,54.60019874533325,402.78,2026-09-02,NSS,continuous_rate,-0.001196933340446035,0.03857268224405938,0.039650787456612456,0.15731369166361667,2.1532279899754223,16.810163806603725,2.060781659511834
2026-09-02,2026-09-02 20:00:00+00:00,2026-10-16,414.0,9.33,912708596,GLD   261016C00414000,0.12046543463381246,44,1.0278563980336661,0.03794622387154555,0.23910691630588848,54.25861765577256,402.78,2026-09-02,NSS,continuous_rate,-0.001196933340446035,0.03857268224405938,0.039650787456612456,0.15731369166361667,2.1532279899754223,16.810163806603725,2.060781659511834
2026-09-02,2026-09-02 20:00:00+00:00,2026-10-16,415.0,9.0,827014881,GLD   261016C00415000,0.12046543463381246,44,1.0303391429564528,0.03794622387154555,0.23981693777944893,53.881780678022125,402.78,2026-09-02,NSS,continuous_rate,-0.001196933340446035,0.03857268224405938,0.039650787456612456,0.15731369166361667,2.1532279899754223,16.810163806603725,2.060781659511834
2026-09-02,2026-09-02 20:00:00+00:00,2026-10-16,416.0,8.63,912708680,GLD   261016C00416000,0.12046543463381246,44,1.0328218878792395,0.03794622387154555,0.2395868172303774,53.44634221042195,402.78,2026-09-02,NSS,continuous_rate,-0.001196933340446035,0.03857268224405938,0.039650787456612456,0.15731369166361667,2.1532279899754223,16.810163806603725,2.060781659511834
2026-09-02,2026-09-02 20:00:00+00:00,2026-10-16,417.0,8.32,912708757,GLD   261016C00417000,0.12046543463381246,44,1.035304632802026,0.03794622387154555,0.2402832556358539,52.99569336527361,402.78,2026-09-02,NSS,continuous_rate,-0.001196933340446035,0.03857268224405938,0.039650787456612456,0.15731369166361667,2.1532279899754223,16.810163806603725,2.060781659511834
2026-09-02,2026-09-02 20:00:00+00:00,2026-10-16,418.0,8.0,912708830,GLD   261016C00418000,0.12046543463381246,44,1.0377873777248126,0.03794622387154555,0.24060137975150725,52.50037140646124,402.78,2026-09-02,NSS,continuous_rate,-0.001196933340446035,0.03857268224405938,0.039650787456612456,0.15731369166361667,2.1532279899754223,16.810163806603725,2.060781659511834
2026-09-02,2026-09-02 20:00:00+00:00,2026-10-16,419.0,7.7,912708896,GLD   261016C00419000,0.12046543463381246,44,1.0402701226475992,0.03794622387154555,0.2411111755327322,51.97840018615696,402.78,2026-09-02,NSS,continuous_rate,-0.001196933340446035,0.03857268224405938,0.039650787456612456,0.15731369166361667,2.1532279899754223,16.810163806603725,2.060781659511834
2026-09-02,2026-09-02 20:00:00+00:00,2026-10-16,420.0,7.38,827014933,GLD   261016C00420000,0.12046543463381246,44,1.0427528675703859,0.03794622387154555,0.24104457333087925,51.40201934651805,402.78,2026-09-02,NSS,continuous_rate,-0.001196933340446035,0.03857268224405938,0.039650787456612456,0.15731369166361667,2.1532279899754223,16.810163806603725,2.060781659511834
2026-09-02,2026-09-02 20:00:00+00:00,2026-10-16,421.0,7.13,912708991,GLD   261016C00421000,0.12046543463381246,44,1.0452356124931725,0.03794622387154555,0.24215638726679609,50.8466176772431,402.78,2026-09-02,NSS,continuous_rate,-0.001196933340446035,0.03857268224405938,0.039650787456612456,0.15731369166361667,2.1532279899754223,16.810163806603725,2.060781659511834
2026-09-02,2026-09-02 20:00:00+00:00,2026-10-16,422.0,6.88,912709070,GLD   261016C00422000,0.12046543463381246,44,1.0477183574159592,0.03794622387154555,0.24309874579282478,50.26148396211425,402.78,2026-09-02,NSS,continuous_rate,-0.001196933340446035,0.03857268224405938,0.039650787456612456,0.15731369166361667,2.1532279899754223,16.810163806603725,2.060781659511834
2026-09-02,2026-09-02 20:00:00+00:00,2026-10-16,423.0,6.6,912709158,GLD   261016C00423000,0.12046543463381246,44,1.0502011023387459,0.03794622387154555,0.24326604523407297,49.61237317750729,402.78,2026-09-02,NSS,continuous_rate,-0.001196933340446035,0.03857268224405938,0.039650787456612456,0.15731369166361667,2.1532279899754223,16.810163806603725,2.060781659511834
2026-09-02,2026-09-02 20:00:00+00:00,2026-10-16,424.0,6.35,912709235,GLD   261016C00424000,0.12046543463381246,44,1.0526838472615325,0.03794622387154555,0.2438574884324335,48.96271339074735,402.78,2026-09-02,NSS,continuous_rate,-0.001196933340446035,0.03857268224405938,0.039650787456612456,0.15731369166361667,2.1532279899754223,16.810163806603725,2.060781659511834
2026-09-02,2026-09-02 20:00:00+00:00,2026-10-16,425.0,6.1,827395259,GLD   261016C00425000,0.12046543463381246,44,1.055166592184319,0.03794622387154555,0.24427353915823624,48.28105924414866,402.78,2026-09-02,NSS,continuous_rate,-0.001196933340446035,0.03857268224405938,0.039650787456612456,0.15731369166361667,2.1532279899754223,16.810163806603725,2.060781659511834
2026-09-02,2026-09-02 20:00:00+00:00,2026-10-16,426.0,5.88,912709314,GLD   261016C00426000,0.12046543463381246,44,1.0576493371071056,0.03794622387154555,0.2451414026814513,47.611022006505785,402.78,2026-09-02,NSS,continuous_rate,-0.001196933340446035,0.03857268224405938,0.039650787456612456,0.15731369166361667,2.1532279899754223,16.810163806603725,2.060781659511834
2026-09-02,2026-09-02 20:00:00+00:00,2026-10-16,427.0,5.68,912709403,GLD   261016C00427000,0.12046543463381246,44,1.0601320820298923,0.03794622387154555,0.24627227575266736,46.94652625831346,402.78,2026-09-02,NSS,continuous_rate,-0.001196933340446035,0.03857268224405938,0.039650787456612456,0.15731369166361667,2.1532279899754223,16.810163806603725,2.060781659511834
2026-09-02,2026-09-02 20:00:00+00:00,2026-10-16,428.0,5.43,912709471,GLD   261016C00428000,0.12046543463381246,44,1.062614826952679,0.03794622387154555,0.2461685005537234,46.17281490631815,402.78,2026-09-02,NSS,continuous_rate,-0.001196933340446035,0.03857268224405938,0.039650787456612456,0.15731369166361667,2.1532279899754223,16.810163806603725,2.060781659511834
2026-09-02,2026-09-02 20:00:00+00:00,2026-10-16,429.0,5.23,912709553,GLD   261016C00429000,0.12046543463381246,44,1.0650975718754656,0.03794622387154555,0.24697492595547815,45.45637378095378,402.78,2026-09-02,NSS,continuous_rate,-0.001196933340446035,0.03857268224405938,0.039650787456612456,0.15731369166361667,2.1532279899754223,16.810163806603725,2.060781659511834
2026-09-02,2026-09-02 20:00:00+00:00,2026-10-16,430.0,5.03,827395322,GLD   261016C00430000,0.12046543463381246,44,1.0675803167982523,0.03794622387154555,0.24762298312084752,44.715695026273075,402.78,2026-09-02,NSS,continuous_rate,-0.001196933340446035,0.03857268224405938,0.039650787456612456,0.15731369166361667,2.1532279899754223,16.810163806603725,2.060781659511834
2026-09-02,2026-09-02 20:00:00+00:00,2026-10-16,435.0,4.13,827395402,GLD   261016C00435000,0.12046543463381246,44,1.0799940414121854,0.03794622387154555,0.25080371206020946,40.88558207303869,402.78,2026-09-02,NSS,continuous_rate,-0.001196933340446035,0.03857268224405938,0.039650787456612456,0.15731369166361667,2.1532279899754223,16.810163806603725,2.060781659511834
2026-09-02,2026-09-02 20:00:00+00:00,2026-10-16,440.0,3.38,827395449,GLD   261016C00440000,0.12046543463381246,44,1.0924077660261184,0.03794622387154555,0.25390212304359305,36.963152189986026,402.78,2026-09-02,NSS,continuous_rate,-0.001196933340446035,0.03857268224405938,0.039650787456612456,0.15731369166361667,2.1532279899754223,16.810163806603725,2.060781659511834
2026-09-02,2026-09-02 20:00:00+00:00,2026-10-16,445.0,2.8,827395514,GLD   261016C00445000,0.12046543463381246,44,1.1048214906400518,0.03794622387154555,0.2581841654668563,33.26575607477525,402.78,2026-09-02,NSS,continuous_rate,-0.001196933340446035,0.03857268224405938,0.039650787456612456,0.15731369166361667,2.1532279899754223,16.810163806603725,2.060781659511834
2026-09-02,2026-09-02 20:00:00+00:00,2026-10-16,450.0,2.31,827395582,GLD   261016C00450000,0.12046543463381246,44,1.1172352152539848,0.03794622387154555,0.262075591075141,29.686811627957155,402.78,2026-09-02,NSS,continuous_rate,-0.001196933340446035,0.03857268224405938,0.039650787456612456,0.15731369166361667,2.1532279899754223,16.810163806603725,2.060781659511834
2026-09-02,2026-09-02 20:00:00+00:00,2026-10-16,455.0,1.93,827395643,GLD   261016C00455000,0.12046543463381246,44,1.1296489398679181,0.03794622387154555,0.26683999306531614,26.477956475968455,402.78,2026-09-02,NSS,continuous_rate,-0.001196933340446035,0.03857268224405938,0.039650787456612456,0.15731369166361667,2.1532279899754223,16.810163806603725,2.060781659511834
2026-09-02,2026-09-02 20:00:00+00:00,2026-10-16,460.0,1.59,827395672,GLD   261016C00460000,0.12046543463381246,44,1.1420626644818512,0.03794622387154555,0.2704640506231226,23.354984246698397,402.78,2026-09-02,NSS,continuous_rate,-0.001196933340446035,0.03857268224405938,0.039650787456612456,0.15731369166361667,2.1532279899754223,16.810163806603725,2.060781659511834
2026-09-02,2026-09-02 20:00:00+00:00,2026-10-16,465.0,1.36,827395727,GLD   261016C00465000,0.12046543463381246,44,1.1544763890957843,0.03794622387154555,0.2764497646109201,20.888265888404707,402.78,2026-09-02,NSS,continuous_rate,-0.001196933340446035,0.03857268224405938,0.039650787456612456,0.15731369166361667,2.1532279899754223,16.810163806603725,2.060781659511834
2026-09-02,2026-09-02 20:00:00+00:00,2026-10-16,470.0,1.17,827395802,GLD   261016C00470000,0.12046543463381246,44,1.1668901137097176,0.03794622387154555,0.2824854151164181,18.694107934479984,402.78,2026-09-02,NSS,continuous_rate,-0.001196933340446035,0.03857268224405938,0.039650787456612456,0.15731369166361667,2.1532279899754223,16.810163806603725,2.060781659511834
2026-09-02,2026-09-02 20:00:00+00:00,2026-10-16,475.0,0.99,827395864,GLD   261016C00475000,0.12046543463381246,44,1.1793038383236507,0.03794622387154555,0.287217556737829,16.551392636656406,402.78,2026-09-02,NSS,continuous_rate,-0.001196933340446035,0.03857268224405938,0.039650787456612456,0.15731369166361667,2.1532279899754223,16.810163806603725,2.060781659511834
2026-09-02,2026-09-02 20:00:00+00:00,2026-10-16,480.0,0.84,827395917,GLD   261016C00480000,0.12046543463381246,44,1.1917175629375838,0.03794622387154555,0.291904725691583,14.642910256388998,402.78,2026-09-02,NSS,continuous_rate,-0.001196933340446035,0.03857268224405938,0.039650787456612456,0.15731369166361667,2.1532279899754223,16.810163806603725,2.060781659511834
2026-09-02,2026-09-02 20:00:00+00:00,2026-11-20,325.0,81.47,838421482,GLD   261120C00325000,0.216290212183436,79,0.8068920999056558,0.038368107844808666,0.29051350660165776,17.11111956585086,402.78,2026-09-02,NSS,continuous_rate,-0.001196933340446035,0.03857268224405938,0.039650787456612456,0.15731369166361667,2.1532279899754223,16.810163806603725,2.060781659511834
2026-09-02,2026-09-02 20:00:00+00:00,2026-11-20,330.0,76.68,838421537,GLD   261120C00330000,0.216290212183436,79,0.8193058245195889,0.038368107844808666,0.2831650760812684,19.402970913094165,402.78,2026-09-02,NSS,continuous_rate,-0.001196933340446035,0.03857268224405938,0.039650787456612456,0.15731369166361667,2.1532279899754223,16.810163806603725,2.060781659511834
2026-09-02,2026-09-02 20:00:00+00:00,2026-11-20,335.0,71.8,838421587,GLD   261120C00335000,0.216290212183436,79,0.8317195491335221,0.038368107844808666,0.27031288136625664,20.95873614268959,402.78,2026-09-02,NSS,continuous_rate,-0.001196933340446035,0.03857268224405938,0.039650787456612456,0.15731369166361667,2.1532279899754223,16.810163806603725,2.060781659511834
2026-09-02,2026-09-02 20:00:00+00:00,2026-11-20,340.0,67.25,838421643,GLD   261120C00340000,0.216290212183436,79,0.8441332737474553,0.038368107844808666,0.2709029369217344,25.225817478737795,402.78,2026-09-02,NSS,continuous_rate,-0.001196933340446035,0.03857268224405938,0.039650787456612456,0.15731369166361667,2.1532279899754223,16.810163806603725,2.060781659511834
2026-09-02,2026-09-02 20:00:00+00:00,2026-11-20,345.0,62.68,838421701,GLD   261120C00345000,0.216290212183436,79,0.8565469983613884,0.038368107844808666,0.2674771167223342,29.089092226949873,402.78,2026-09-02,NSS,continuous_rate,-0.001196933340446035,0.03857268224405938,0.039650787456612456,0.15731369166361667,2.1532279899754223,16.810163806603725,2.060781659511834
2026-09-02,2026-09-02 20:00:00+00:00,2026-11-20,350.0,58.1,838421767,GLD   261120C00350000,0.216290212183436,79,0.8689607229753216,0.038368107844808666,0.2614460947974586,32.76255926302787,402.78,2026-09-02,NSS,continuous_rate,-0.001196933340446035,0.03857268224405938,0.039650787456612456,0.15731369166361667,2.1532279899754223,16.810163806603725,2.060781659511834
2026-09-02,2026-09-02 20:00:00+00:00,2026-11-20,355.0,53.68,838421807,GLD   261120C00355000,0.216290212183436,79,0.8813744475892548,0.038368107844808666,0.25797205167962245,37.17878879860843,402.78,2026-09-02,NSS,continuous_rate,-0.001196933340446035,0.03857268224405938,0.039650787456612456,0.15731369166361667,2.1532279899754223,16.810163806603725,2.060781659511834
2026-09-02,2026-09-02 20:00:00+00:00,2026-11-20,360.0,49.28,838421860,GLD   261120C00360000,0.216290212183436,79,0.893788172203188,0.038368107844808666,0.2526102088936605,41.475371454651885,402.78,2026-09-02,NSS,continuous_rate,-0.001196933340446035,0.03857268224405938,0.039650787456612456,0.15731369166361667,2.1532279899754223,16.810163806603725,2.060781659511834
2026-09-02,2026-09-02 20:00:00+00:00,2026-11-20,365.0,45.05,838421927,GLD   261120C00365000,0.216290212183436,79,0.906201896817121,0.038368107844808666,0.24888801983883607,46.21086058150625,402.78,2026-09-02,NSS,continuous_rate,-0.001196933340446035,0.03857268224405938,0.039650787456612456,0.15731369166361667,2.1532279899754223,16.810163806603725,2.060781659511834
2026-09-02,2026-09-02 20:00:00+00:00,2026-11-20,370.0,40.98,838421990,GLD   261120C00370000,0.216290212183436,79,0.9186156214310542,0.038368107844808666,0.2458827206241898,51.091866416655684,402.78,2026-09-02,NSS,continuous_rate,-0.001196933340446035,0.03857268224405938,0.039650787456612456,0.15731369166361667,2.1532279899754223,16.810163806603725,2.060781659511834
2026-09-02,2026-09-02 20:00:00+00:00,2026-11-20,375.0,37.08,838422047,GLD   261120C00375000,0.216290212183436,79,0.9310293460449874,0.038368107844808666,0.2433239723396488,55.92398617211841,402.78,2026-09-02,NSS,continuous_rate,-0.001196933340446035,0.03857268224405938,0.039650787456612456,0.15731369166361667,2.1532279899754223,16.810163806603725,2.060781659511834
2026-09-02,2026-09-02 20:00:00+00:00,2026-11-20,380.0,33.42,838422090,GLD   261120C00380000,0.216290212183436,79,0.9434430706589205,0.038368107844808666,0.24202140407254924,60.60750959177887,402.78,2026-09-02,NSS,continuous_rate,-0.001196933340446035,0.03857268224405938,0.039650787456612456,0.15731369166361667,2.1532279899754223,16.810163806603725,2.060781659511834
2026-09-02,2026-09-02 20:00:00+00:00,2026-11-20,385.0,29.95,838422120,GLD   261120C00385000,0.216290212183436,79,0.9558567952728537,0.038368107844808666,0.24074173656953501,64.8229597284498,402.78,2026-09-02,NSS,continuous_rate,-0.001196933340446035,0.03857268224405938,0.039650787456612456,0.15731369166361667,2.1532279899754223,16.810163806603725,2.060781659511834
2026-09-02,2026-09-02 20:00:00+00:00,2026-11-20,390.0,26.73,838422150,GLD   261120C00390000,0.216290212183436,79,0.9682705198867869,0.038368107844808666,0.2401978736898862,68.45625826501062,402.78,2026-09-02,NSS,continuous_rate,-0.001196933340446035,0.03857268224405938,0.039650787456612456,0.15731369166361667,2.1532279899754223,16.810163806603725,2.060781659511834
2026-09-02,2026-09-02 20:00:00+00:00,2026-11-20,395.0,23.7,838422190,GLD   261120C00395000,0.216290212183436,79,0.9806842445007201,0.038368107844808666,0.239334415234346,71.32430300141799,402.78,2026-09-02,NSS,continuous_rate,-0.001196933340446035,0.03857268224405938,0.039650787456612456,0.15731369166361667,2.1532279899754223,16.810163806603725,2.060781659511834
2026-09-02,2026-09-02 20:00:00+00:00,2026-11-20,400.0,21.0,838422240,GLD   261120C00400000,0.216290212183436,79,0.9930979691146532,0.038368107844808666,0.2400210470092483,73.36258567748203,402.78,2026-09-02,NSS,continuous_rate,-0.001196933340446035,0.03857268224405938,0.039650787456612456,0.15731369166361667,2.1532279899754223,16.810163806603725,2.060781659511834
2026-09-02,2026-09-02 20:00:00+00:00,2026-11-20,405.0,18.52,838422292,GLD   261120C00405000,0.216290212183436,79,1.0055116937285864,0.038368107844808666,0.24067087365211923,74.48549883177087,402.78,2026-09-02,NSS,continuous_rate,-0.001196933340446035,0.03857268224405938,0.039650787456612456,0.15731369166361667,2.1532279899754223,16.810163806603725,2.060781659511834
2026-09-02,2026-09-02 20:00:00+00:00,2026-11-20,410.0,16.27,838422347,GLD   261120C00410000,0.216290212183436,79,1.0179254183425195,0.038368107844808666,0.2414713200825267,74.70062226704607,402.78,2026-09-02,NSS,continuous_rate,-0.001196933340446035,0.03857268224405938,0.039650787456612456,0.15731369166361667,2.1532279899754223,16.810163806603725,2.060781659511834
2026-09-02,2026-09-02 20:00:00+00:00,2026-11-20,415.0,14.25,838422419,GLD   261120C00415000,0.216290212183436,79,1.0303391429564528,0.038368107844808666,0.24251252720961347,74.05208412842042,402.78,2026-09-02,NSS,continuous_rate,-0.001196933340446035,0.03857268224405938,0.039650787456612456,0.15731369166361667,2.1532279899754223,16.810163806603725,2.060781659511834
2026-09-02,2026-09-02 20:00:00+00:00,2026-11-20,420.0,12.43,838422473,GLD   261120C00420000,0.216290212183436,79,1.0427528675703859,0.038368107844808666,0.24351815852588043,72.61305984366396,402.78,2026-09-02,NSS,continuous_rate,-0.001196933340446035,0.03857268224405938,0.039650787456612456,0.15731369166361667,2.1532279899754223,16.810163806603725,2.060781659511834
2026-09-02,2026-09-02 20:00:00+00:00,2026-11-20,425.0,10.9,838422532,GLD   261120C00425000,0.216290212183436,79,1.055166592184319,0.038368107844808666,0.24591897628689185,70.5387112677175,402.78,2026-09-02,NSS,continuous_rate,-0.001196933340446035,0.03857268224405938,0.039650787456612456,0.15731369166361667,2.1532279899754223,16.810163806603725,2.060781659511834
2026-09-02,2026-09-02 20:00:00+00:00,2026-11-20,430.0,9.53,838422584,GLD   261120C00430000,0.216290212183436,79,1.0675803167982523,0.038368107844808666,0.24814374966258185,67.9233717446651,402.78,2026-09-02,NSS,continuous_rate,-0.001196933340446035,0.03857268224405938,0.039650787456612456,0.15731369166361667,2.1532279899754223,16.810163806603725,2.060781659511834
2026-09-02,2026-09-02 20:00:00+00:00,2026-11-20,435.0,8.25,838422631,GLD   261120C00435000,0.216290212183436,79,1.0799940414121854,0.038368107844808666,0.24931760241100565,64.79492840520427,402.78,2026-09-02,NSS,continuous_rate,-0.001196933340446035,0.03857268224405938,0.039650787456612456,0.15731369166361667,2.1532279899754223,16.810163806603725,2.060781659511834
2026-09-02,2026-09-02 20:00:00+00:00,2026-11-20,440.0,7.15,838422685,GLD   261120C00440000,0.216290212183436,79,1.0924077660261184,0.038368107844808666,0.25096721178134906,61.36404614755906,402.78,2026-09-02,NSS,continuous_rate,-0.001196933340446035,0.03857268224405938,0.039650787456612456,0.15731369166361667,2.1532279899754223,16.810163806603725,2.060781659511834
2026-09-02,2026-09-02 20:00:00+00:00,2026-11-20,445.0,6.23,838422733,GLD   261120C00445000,0.216290212183436,79,1.1048214906400518,0.038368107844808666,0.2534140126748011,57.81323303892352,402.78,2026-09-02,NSS,continuous_rate,-0.001196933340446035,0.03857268224405938,0.039650787456612456,0.15731369166361667,2.1532279899754223,16.810163806603725,2.060781659511834
2026-09-02,2026-09-02 20:00:00+00:00,2026-11-20,450.0,5.43,838422769,GLD   261120C00450000,0.216290212183436,79,1.1172352152539848,0.038368107844808666,0.2559581162047573,54.176789300161865,402.78,2026-09-02,NSS,continuous_rate,-0.001196933340446035,0.03857268224405938,0.039650787456612456,0.15731369166361667,2.1532279899754223,16.810163806603725,2.060781659511834
2026-09-02,2026-09-02 20:00:00+00:00,2026-11-20,455.0,4.7,838422824,GLD   261120C00455000,0.216290212183436,79,1.1296489398679181,0.038368107844808666,0.257882478865888,50.412506890391846,402.78,2026-09-02,NSS,continuous_rate,-0.001196933340446035,0.03857268224405938,0.039650787456612456,0.15731369166361667,2.1532279899754223,16.810163806603725,2.060781659511834
2026-09-02,2026-09-02 20:00:00+00:00,2026-11-20,460.0,4.1,838422879,GLD   261120C00460000,0.216290212183436,79,1.1420626644818512,0.038368107844808666,0.2605750089625829,46.81847431542326,402.78,2026-09-02,NSS,continuous_rate,-0.001196933340446035,0.03857268224405938,0.039650787456612456,0.15731369166361667,2.1532279899754223,16.810163806603725,2.060781659511834
2026-09-02,2026-09-02 20:00:00+00:00,2026-11-20,465.0,3.6,838422937,GLD   261120C00465000,0.216290212183436,79,1.1544763890957843,0.038368107844808666,0.26378080860422926,43.4256220196352,402.78,2026-09-02,NSS,continuous_rate,-0.001196933340446035,0.03857268224405938,0.039650787456612456,0.15731369166361667,2.1532279899754223,16.810163806603725,2.060781659511834
2026-09-02,2026-09-02 20:00:00+00:00,2026-11-20,470.0,3.15,838422999,GLD   261120C00470000,0.216290212183436,79,1.1668901137097176,0.038368107844808666,0.2666199166293256,40.10010731760546,402.78,2026-09-02,NSS,continuous_rate,-0.001196933340446035,0.03857268224405938,0.039650787456612456,0.15731369166361667,2.1532279899754223,16.810163806603725,2.060781659511834
2026-09-02,2026-09-02 20:00:00+00:00,2026-11-20,475.0,2.79,838423049,GLD   261120C00475000,0.216290212183436,79,1.1793038383236507,0.038368107844808666,0.2703054961259477,37.11666420357644,402.78,2026-09-02,NSS,continuous_rate,-0.001196933340446035,0.03857268224405938,0.039650787456612456,0.15731369166361667,2.1532279899754223,16.810163806603725,2.060781659511834
2026-09-02,2026-09-02 20:00:00+00:00,2026-11-20,480.0,2.46,838423086,GLD   261120C00480000,0.216290212183436,79,1.1917175629375838,0.038368107844808666,0.2735181129124946,34.21399641915241,402.78,2026-09-02,NSS,continuous_rate,-0.001196933340446035,0.03857268224405938,0.039650787456612456,0.15731369166361667,2.1532279899754223,16.810163806603725,2.060781659511834
2026-09-02,2026-09-02 20:00:00+00:00,2026-12-18,325.0,83.65,843266837,GLD   261218C00325000,0.2929500342231348,107,0.8068920999056558,0.0386864685303056,0.3009761011117139,29.601682804899006,402.78,2026-09-02,NSS,continuous_rate,-0.001196933340446035,0.03857268224405938,0.039650787456612456,0.15731369166361667,2.1532279899754223,16.810163806603725,2.060781659511834
2026-09-02,2026-09-02 20:00:00+00:00,2026-12-18,330.0,78.22,843266880,GLD   261218C00330000,0.2929500342231348,107,0.8193058245195889,0.0386864685303056,0.2682548393364065,27.25827931169224,402.78,2026-09-02,NSS,continuous_rate,-0.001196933340446035,0.03857268224405938,0.039650787456612456,0.15731369166361667,2.1532279899754223,16.810163806603725,2.060781659511834
2026-09-02,2026-09-02 20:00:00+00:00,2026-12-18,335.0,73.7,843266934,GLD   261218C00335000,0.2929500342231348,107,0.8317195491335221,0.0386864685303056,0.2671936417700722,31.518150607120145,402.78,2026-09-02,NSS,continuous_rate,-0.001196933340446035,0.03857268224405938,0.039650787456612456,0.15731369166361667,2.1532279899754223,16.810163806603725,2.060781659511834
2026-09-02,2026-09-02 20:00:00+00:00,2026-12-18,340.0,69.08,843266977,GLD   261218C00340000,0.2929500342231348,107,0.8441332737474553,0.0386864685303056,0.2610597899197601,34.9615312078839,402.78,2026-09-02,NSS,continuous_rate,-0.001196933340446035,0.03857268224405938,0.039650787456612456,0.15731369166361667,2.1532279899754223,16.810163806603725,2.060781659511834
2026-09-02,2026-09-02 20:00:00+00:00,2026-12-18,345.0,64.55,843267030,GLD   261218C00345000,0.2929500342231348,107,0.8565469983613884,0.0386864685303056,0.25603744467506195,38.90389741559544,402.78,2026-09-02,NSS,continuous_rate,-0.001196933340446035,0.03857268224405938,0.039650787456612456,0.15731369166361667,2.1532279899754223,16.810163806603725,2.060781659511834
2026-09-02,2026-09-02 20:00:00+00:00,2026-12-18,350.0,60.1,843267095,GLD   261218C00350000,0.2929500342231348,107,0.8689607229753216,0.0386864685303056,0.251416910518799,43.174125441551155,402.78,2026-09-02,NSS,continuous_rate,-0.001196933340446035,0.03857268224405938,0.039650787456612456,0.15731369166361667,2.1532279899754223,16.810163806603725,2.060781659511834
2026-09-02,2026-09-02 20:00:00+00:00,2026-12-18,355.0,55.78,843267155,GLD   261218C00355000,0.2929500342231348,107,0.8813744475892548,0.0386864685303056,0.24795449938727543,47.88770973976574,402.78,2026-09-02,NSS,continuous_rate,-0.001196933340446035,0.03857268224405938,0.039650787456612456,0.15731369166361667,2.1532279899754223,16.810163806603725,2.060781659511834
2026-09-02,2026-09-02 20:00:00+00:00,2026-12-18,360.0,51.63,843267204,GLD   261218C00360000,0.2929500342231348,107,0.893788172203188,0.0386864685303056,0.24590637574447322,52.996124354841804,402.78,2026-09-02,NSS,continuous_rate,-0.001196933340446035,0.03857268224405938,0.039650787456612456,0.15731369166361667,2.1532279899754223,16.810163806603725,2.060781659511834
2026-09-02,2026-09-02 20:00:00+00:00,2026-12-18,365.0,47.58,843267244,GLD   261218C00365000,0.2929500342231348,107,0.906201896817121,0.0386864685303056,0.24351149970265107,58.05054014882812,402.78,2026-09-02,NSS,continuous_rate,-0.001196933340446035,0.03857268224405938,0.039650787456612456,0.15731369166361667,2.1532279899754223,16.810163806603725,2.060781659511834
2026-09-02,2026-09-02 20:00:00+00:00,2026-12-18,370.0,43.68,843267291,GLD   261218C00370000,0.2929500342231348,107,0.9186156214310542,0.0386864685303056,0.24147099412614487,63.074775086707106,402.78,2026-09-02,NSS,continuous_rate,-0.001196933340446035,0.03857268224405938,0.039650787456612456,0.15731369166361667,2.1532279899754223,16.810163806603725,2.060781659511834
2026-09-02,2026-09-02 20:00:00+00:00,2026-12-18,375.0,40.0,843267336,GLD   261218C00375000,0.2929500342231348,107,0.9310293460449874,0.0386864685303056,0.24057752905739477,68.02624869546166,402.78,2026-09-02,NSS,continuous_rate,-0.001196933340446035,0.03857268224405938,0.039650787456612456,0.15731369166361667,2.1532279899754223,16.810163806603725,2.060781659511834
2026-09-02,2026-09-02 20:00:00+00:00,2026-12-18,380.0,36.45,843267377,GLD   261218C00380000,0.2929500342231348,107,0.9434430706589205,0.0386864685303056,0.23923125469600787,72.561673187456,402.78,2026-09-02,NSS,continuous_rate,-0.001196933340446035,0.03857268224405938,0.039650787456612456,0.15731369166361667,2.1532279899754223,16.810163806603725,2.060781659511834
2026-09-02,2026-09-02 20:00:00+00:00,2026-12-18,385.0,33.13,843267421,GLD   261218C00385000,0.2929500342231348,107,0.9558567952728537,0.0386864685303056,0.23870205985354265,76.68394802264251,402.78,2026-09-02,NSS,continuous_rate,-0.001196933340446035,0.03857268224405938,0.039650787456612456,0.15731369166361667,2.1532279899754223,16.810163806603725,2.060781659511834
2026-09-02,2026-09-02 20:00:00+00:00,2026-12-18,390.0,29.98,843267461,GLD   261218C00390000,0.2929500342231348,107,0.9682705198867869,0.0386864685303056,0.23803887831205506,80.19908788200009,402.78,2026-09-02,NSS,continuous_rate,-0.001196933340446035,0.03857268224405938,0.039650787456612456,0.15731369166361667,2.1532279899754223,16.810163806603725,2.060781659511834
2026-09-02,2026-09-02 20:00:00+00:00,2026-12-18,395.0,27.05,843267516,GLD   261218C00395000,0.2929500342231348,107,0.9806842445007201,0.0386864685303056,0.23780142374439162,83.0450480830487,402.78,2026-09-02,NSS,continuous_rate,-0.001196933340446035,0.03857268224405938,0.039650787456612456,0.15731369166361667,2.1532279899754223,16.810163806603725,2.060781659511834
2026-09-02,2026-09-02 20:00:00+00:00,2026-12-18,400.0,24.4,843267561,GLD   261218C00400000,0.2929500342231348,107,0.9930979691146532,0.0386864685303056,0.23862478025192396,85.14599660207723,402.78,2026-09-02,NSS,continuous_rate,-0.001196933340446035,0.03857268224405938,0.039650787456612456,0.15731369166361667,2.1532279899754223,16.810163806603725,2.060781659511834
2026-09-02,2026-09-02 20:00:00+00:00,2026-12-18,405.0,21.93,843267622,GLD   261218C00405000,0.2929500342231348,107,1.0055116937285864,0.0386864685303056,0.23929816888468342,86.44814492996247,402.78,2026-09-02,NSS,continuous_rate,-0.001196933340446035,0.03857268224405938,0.039650787456612456,0.15731369166361667,2.1532279899754223,16.810163806603725,2.060781659511834
2026-09-02,2026-09-02 20:00:00+00:00,2026-12-18,410.0,19.63,843267653,GLD   261218C00410000,0.2929500342231348,107,1.0179254183425195,0.0386864685303056,0.23975261727226904,86.9608691077356,402.78,2026-09-02,NSS,continuous_rate,-0.001196933340446035,0.03857268224405938,0.039650787456612456,0.15731369166361667,2.1532279899754223,16.810163806603725,2.060781659511834
2026-09-02,2026-09-02 20:00:00+00:00,2026-12-18,415.0,17.5,843267705,GLD   261218C00415000,0.2929500342231348,107,1.0303391429564528,0.0386864685303056,0.24004409678196537,86.70789435475837,402.78,2026-09-02,NSS,continuous_rate,-0.001196933340446035,0.03857268224405938,0.039650787456612456,0.15731369166361667,2.1532279899754223,16.810163806603725,2.060781659511834
2026-09-02,2026-09-02 20:00:00+00:00,2026-12-18,420.0,15.68,843267745,GLD   261218C00420000,0.2929500342231348,107,1.0427528675703859,0.0386864685303056,0.24186903343359012,85.75574539958893,402.78,2026-09-02,NSS,continuous_rate,-0.001196933340446035,0.03857268224405938,0.039650787456612456,0.15731369166361667,2.1532279899754223,16.810163806603725,2.060781659511834
2026-09-02,2026-09-02 20:00:00+00:00,2026-12-18,425.0,13.98,843267789,GLD   261218C00425000,0.2929500342231348,107,1.055166592184319,0.0386864685303056,0.24313842865405608,84.16455299661334,402.78,2026-09-02,NSS,continuous_rate,-0.001196933340446035,0.03857268224405938,0.039650787456612456,0.15731369166361667,2.1532279899754223,16.810163806603725,2.060781659511834
2026-09-02,2026-09-02 20:00:00+00:00,2026-12-18,430.0,12.43,843267838,GLD   261218C00430000,0.2929500342231348,107,1.0675803167982523,0.0386864685303056,0.24430211156336593,82.01001590028503,402.78,2026-09-02,NSS,continuous_rate,-0.001196933340446035,0.03857268224405938,0.039650787456612456,0.15731369166361667,2.1532279899754223,16.810163806603725,2.060781659511834
2026-09-02,2026-09-02 20:00:00+00:00,2026-12-18,435.0,11.05,843267905,GLD   261218C00435000,0.2929500342231348,107,1.0799940414121854,0.0386864685303056,0.24572739775171504,79.39635531788329,402.78,2026-09-02,NSS,continuous_rate,-0.001196933340446035,0.03857268224405938,0.039650787456612456,0.15731369166361667,2.1532279899754223,16.810163806603725,2.060781659511834
2026-09-02,2026-09-02 20:00:00+00:00,2026-12-18,440.0,9.82,843267970,GLD   261218C00440000,0.2929500342231348,107,1.0924077660261184,0.0386864685303056,0.2473159508352168,76.41635724780342,402.78,2026-09-02,NSS,continuous_rate,-0.001196933340446035,0.03857268224405938,0.039650787456612456,0.15731369166361667,2.1532279899754223,16.810163806603725,2.060781659511834
2026-09-02,2026-09-02 20:00:00+00:00,2026-12-18,445.0,8.8,843268027,GLD   261218C00445000,0.2929500342231348,107,1.1048214906400518,0.0386864685303056,0.250051954200212,73.28712578257388,402.78,2026-09-02,NSS,continuous_rate,-0.001196933340446035,0.03857268224405938,0.039650787456612456,0.15731369166361667,2.1532279899754223,16.810163806603725,2.060781659511834
2026-09-02,2026-09-02 20:00:00+00:00,2026-12-18,450.0,7.8,843268078,GLD   261218C00450000,0.2929500342231348,107,1.1172352152539848,0.0386864685303056,0.2515318706781604,69.81265311260194,402.78,2026-09-02,NSS,continuous_rate,-0.001196933340446035,0.03857268224405938,0.039650787456612456,0.15731369166361667,2.1532279899754223,16.810163806603725,2.060781659511834
2026-09-02,2026-09-02 20:00:00+00:00,2026-12-18,455.0,6.93,843268128,GLD   261218C00455000,0.2929500342231348,107,1.1296489398679181,0.0386864685303056,0.2533720434623772,66.25109034716955,402.78,2026-09-02,NSS,continuous_rate,-0.001196933340446035,0.03857268224405938,0.039650787456612456,0.15731369166361667,2.1532279899754223,16.810163806603725,2.060781659511834
2026-09-02,2026-09-02 20:00:00+00:00,2026-12-18,460.0,6.18,843268193,GLD   261218C00460000,0.2929500342231348,107,1.1420626644818512,0.0386864685303056,0.2556273170423694,62.69842077764584,402.78,2026-09-02,NSS,continuous_rate,-0.001196933340446035,0.03857268224405938,0.039650787456612456,0.15731369166361667,2.1532279899754223,16.810163806603725,2.060781659511834
2026-09-02,2026-09-02 20:00:00+00:00,2026-12-18,465.0,5.48,843268254,GLD   261218C00465000,0.2929500342231348,107,1.1544763890957843,0.0386864685303056,0.2573417358544655,59.03383595113184,402.78,2026-09-02,NSS,continuous_rate,-0.001196933340446035,0.03857268224405938,0.039650787456612456,0.15731369166361667,2.1532279899754223,16.810163806603725,2.060781659511834
2026-09-02,2026-09-02 20:00:00+00:00,2026-12-18,470.0,4.9,843268302,GLD   261218C00470000,0.2929500342231348,107,1.1668901137097176,0.0386864685303056,0.2598233162938618,55.56429119867854,402.78,2026-09-02,NSS,continuous_rate,-0.001196933340446035,0.03857268224405938,0.039650787456612456,0.15731369166361667,2.1532279899754223,16.810163806603725,2.060781659511834
2026-09-02,2026-09-02 20:00:00+00:00,2026-12-18,475.0,4.43,843268355,GLD   261218C00475000,0.2929500342231348,107,1.1793038383236507,0.0386864685303056,0.2631793818275444,52.38019623979396,402.78,2026-09-02,NSS,continuous_rate,-0.001196933340446035,0.03857268224405938,0.039650787456612456,0.15731369166361667,2.1532279899754223,16.810163806603725,2.060781659511834
2026-09-02,2026-09-02 20:00:00+00:00,2026-12-18,480.0,3.95,843268405,GLD   261218C00480000,0.2929500342231348,107,1.1917175629375838,0.0386864685303056,0.26527915558731174,49.01945935434075,402.78,2026-09-02,NSS,continuous_rate,-0.001196933340446035,0.03857268224405938,0.039650787456612456,0.15731369166361667,2.1532279899754223,16.810163806603725,2.060781659511834
2026-09-02,2026-09-02 20:00:00+00:00,2026-12-31,325.0,83.65,843069639,GLD   261231C00325000,0.32854209445585214,120,0.8068920999056558,0.03882874111132038,0.2701540474778973,27.901843445342962,402.78,2026-09-02,NSS,continuous_rate,-0.001196933340446035,0.03857268224405938,0.039650787456612456,0.15731369166361667,2.1532279899754223,16.810163806603725,2.060781659511834
2026-09-02,2026-09-02 20:00:00+00:00,2026-12-31,330.0,79.1,843069691,GLD   261231C00330000,0.32854209445585214,120,0.8193058245195889,0.03882874111132038,0.26835639337543404,31.933104036035665,402.78,2026-09-02,NSS,continuous_rate,-0.001196933340446035,0.03857268224405938,0.039650787456612456,0.15731369166361667,2.1532279899754223,16.810163806603725,2.060781659511834
2026-09-02,2026-09-02 20:00:00+00:00,2026-12-31,335.0,74.72,843069756,GLD   261231C00335000,0.32854209445585214,120,0.8317195491335221,0.03882874111132038,0.2693643156994134,36.86514123876317,402.78,2026-09-02,NSS,continuous_rate,-0.001196933340446035,0.03857268224405938,0.039650787456612456,0.15731369166361667,2.1532279899754223,16.810163806603725,2.060781659511834
2026-09-02,2026-09-02 20:00:00+00:00,2026-12-31,340.0,70.15,843069801,GLD   261231C00340000,0.32854209445585214,120,0.8441332737474553,0.03882874111132038,0.26327270779618994,40.44940165721797,402.78,2026-09-02,NSS,continuous_rate,-0.001196933340446035,0.03857268224405938,0.039650787456612456,0.15731369166361667,2.1532279899754223,16.810163806603725,2.060781659511834
2026-09-02,2026-09-02 20:00:00+00:00,2026-12-31,345.0,65.7,843069849,GLD   261231C00345000,0.32854209445585214,120,0.8565469983613884,0.03882874111132038,0.25880437664417555,44.61599348610126,402.78,2026-09-02,NSS,continuous_rate,-0.001196933340446035,0.03857268224405938,0.039650787456612456,0.15731369166361667,2.1532279899754223,16.810163806603725,2.060781659511834
2026-09-02,2026-09-02 20:00:00+00:00,2026-12-31,350.0,61.35,843069906,GLD   261231C00350000,0.32854209445585214,120,0.8689607229753216,0.03882874111132038,0.25499374165339395,49.1163566000597,402.78,2026-09-02,NSS,continuous_rate,-0.001196933340446035,0.03857268224405938,0.039650787456612456,0.15731369166361667,2.1532279899754223,16.810163806603725,2.060781659511834
2026-09-02,2026-09-02 20:00:00+00:00,2026-12-31,355.0,57.1,843069951,GLD   261231C00355000,0.32854209445585214,120,0.8813744475892548,0.03882874111132038,0.2515227811516263,53.82882144494483,402.78,2026-09-02,NSS,continuous_rate,-0.001196933340446035,0.03857268224405938,0.039650787456612456,0.15731369166361667,2.1532279899754223,16.810163806603725,2.060781659511834
2026-09-02,2026-09-02 20:00:00+00:00,2026-12-31,360.0,52.93,843070010,GLD   261231C00360000,0.32854209445585214,120,0.893788172203188,0.03882874111132038,0.24781624731617052,58.579849389694466,402.78,2026-09-02,NSS,continuous_rate,-0.001196933340446035,0.03857268224405938,0.039650787456612456,0.15731369166361667,2.1532279899754223,16.810163806603725,2.060781659511834
2026-09-02,2026-09-02 20:00:00+00:00,2026-12-31,361.0,52.1,843070041,GLD   261231C00361000,0.32854209445585214,120,0.8962709171259745,0.03882874111132038,0.24694382040360946,59.51174166230757,402.78,2026-09-02,NSS,continuous_rate,-0.001196933340446035,0.03857268224405938,0.039650787456612456,0.15731369166361667,2.1532279899754223,16.810163806603725,2.060781659511834
2026-09-02,2026-09-02 20:00:00+00:00,2026-12-31,362.0,51.35,843070091,GLD   261231C00362000,0.32854209445585214,120,0.8987536620487612,0.03882874111132038,0.2473286910732277,60.66386787008104,402.78,2026-09-02,NSS,continuous_rate,-0.001196933340446035,0.03857268224405938,0.039650787456612456,0.15731369166361667,2.1532279899754223,16.810163806603725,2.060781659511834
2026-09-02,2026-09-02 20:00:00+00:00,2026-12-31,363.0,50.5,843070136,GLD   261231C00363000,0.32854209445585214,120,0.9012364069715478,0.03882874111132038,0.24598545276271178,61.513426526470695,402.78,2026-09-02,NSS,continuous_rate,-0.001196933340446035,0.03857268224405938,0.039650787456612456,0.15731369166361667,2.1532279899754223,16.810163806603725,2.060781659511834
2026-09-02,2026-09-02 20:00:00+00:00,2026-12-31,364.0,49.75,843070178,GLD   261231C00364000,0.32854209445585214,120,0.9037191518943344,0.03882874111132038,0.24619141994388777,62.6233796146639,402.78,2026-09-02,NSS,continuous_rate,-0.001196933340446035,0.03857268224405938,0.039650787456612456,0.15731369166361667,2.1532279899754223,16.810163806603725,2.060781659511834
2026-09-02,2026-09-02 20:00:00+00:00,2026-12-31,365.0,49.05,843070227,GLD   261231C00365000,0.32854209445585214,120,0.906201896817121,0.03882874111132038,0.24708271973095836,63.83149233103462,402.78,2026-09-02,NSS,continuous_rate,-0.001196933340446035,0.03857268224405938,0.039650787456612456,0.15731369166361667,2.1532279899754223,16.810163806603725,2.060781659511834
2026-09-02,2026-09-02 20:00:00+00:00,2026-12-31,366.0,48.2,843070260,GLD   261231C00366000,0.32854209445585214,120,0.9086846417399077,0.03882874111132038,0.24553837098935616,64.64627470058424,402.78,2026-09-02,NSS,continuous_rate,-0.001196933340446035,0.03857268224405938,0.039650787456612456,0.15731369166361667,2.1532279899754223,16.810163806603725,2.060781659511834
2026-09-02,2026-09-02 20:00:00+00:00,2026-12-31,367.0,47.38,843070284,GLD   261231C00367000,0.32854209445585214,120,0.9111673866626944,0.03882874111132038,0.24440487164100633,65.52628250475212,402.78,2026-09-02,NSS,continuous_rate,-0.001196933340446035,0.03857268224405938,0.039650787456612456,0.15731369166361667,2.1532279899754223,16.810163806603725,2.060781659511834
2026-09-02,2026-09-02 20:00:00+00:00,2026-12-31,368.0,46.6,843070325,GLD   261231C00368000,0.32854209445585214,120,0.9136501315854809,0.03882874111132038,0.24381513272887095,66.48602949217202,402.78,2026-09-02,NSS,continuous_rate,-0.001196933340446035,0.03857268224405938,0.039650787456612456,0.15731369166361667,2.1532279899754223,16.810163806603725,2.060781659511834
2026-09-02,2026-09-02 20:00:00+00:00,2026-12-31,369.0,45.85,843070366,GLD   261231C00369000,0.32854209445585214,120,0.9161328765082676,0.03882874111132038,0.2435967047008686,67.49290775146272,402.78,2026-09-02,NSS,continuous_rate,-0.001196933340446035,0.03857268224405938,0.039650787456612456,0.15731369166361667,2.1532279899754223,16.810163806603725,2.060781659511834
2026-09-02,2026-09-02 20:00:00+00:00,2026-12-31,370.0,45.08,843070396,GLD   261231C00370000,0.32854209445585214,120,0.9186156214310542,0.03882874111132038,0.2430021788864397,68.43828810790589,402.78,2026-09-02,NSS,continuous_rate,-0.001196933340446035,0.03857268224405938,0.039650787456612456,0.15731369166361667,2.1532279899754223,16.810163806603725,2.060781659511834
2026-09-02,2026-09-02 20:00:00+00:00,2026-12-31,371.0,44.38,843070455,GLD   261231C00371000,0.32854209445585214,120,0.9210983663538409,0.03882874111132038,0.24334239353174347,69.49961651959494,402.78,2026-09-02,NSS,continuous_rate,-0.001196933340446035,0.03857268224405938,0.039650787456612456,0.15731369166361667,2.1532279899754223,16.810163806603725,2.060781659511834
2026-09-02,2026-09-02 20:00:00+00:00,2026-12-31,372.0,43.6,843070491,GLD   261231C00372000,0.32854209445585214,120,0.9235811112766275,0.03882874111132038,0.24244773639393974,70.38768153879974,402.78,2026-09-02,NSS,continuous_rate,-0.001196933340446035,0.03857268224405938,0.039650787456612456,0.15731369166361667,2.1532279899754223,16.810163806603725,2.060781659511834
2026-09-02,2026-09-02 20:00:00+00:00,2026-12-31,373.0,42.83,843070539,GLD   261231C00373000,0.32854209445585214,120,0.9260638561994141,0.03882874111132038,0.24162742525031794,71.27899823862283,402.78,2026-09-02,NSS,continuous_rate,-0.001196933340446035,0.03857268224405938,0.039650787456612456,0.15731369166361667,2.1532279899754223,16.810163806603725,2.060781659511834
2026-09-02,2026-09-02 20:00:00+00:00,2026-12-31,374.0,42.18,843070578,GLD   261231C00374000,0.32854209445585214,120,0.9285466011222008,0.03882874111132038,0.2423998580579646,72.34834865612231,402.78,2026-09-02,NSS,continuous_rate,-0.001196933340446035,0.03857268224405938,0.039650787456612456,0.15731369166361667,2.1532279899754223,16.810163806603725,2.060781659511834
2026-09-02,2026-09-02 20:00:00+00:00,2026-12-31,375.0,41.4,843070629,GLD   261231C00375000,0.32854209445585214,120,0.9310293460449874,0.03882874111132038,0.2412885330566205,73.18481400862757,402.78,2026-09-02,NSS,continuous_rate,-0.001196933340446035,0.03857268224405938,0.039650787456612456,0.15731369166361667,2.1532279899754223,16.810163806603725,2.060781659511834
2026-09-02,2026-09-02 20:00:00+00:00,2026-12-31,376.0,40.68,843070679,GLD   261231C00376000,0.32854209445585214,120,0.933512090967774,0.03882874111132038,0.240925641160179,74.09462959860232,402.78,2026-09-02,NSS,continuous_rate,-0.001196933340446035,0.03857268224405938,0.039650787456612456,0.15731369166361667,2.1532279899754223,16.810163806603725,2.060781659511834
2026-09-02,2026-09-02 20:00:00+00:00,2026-12-31,377.0,40.03,843070741,GLD   261231C00377000,0.32854209445585214,120,0.9359948358905607,0.03882874111132038,0.24141634521046662,75.07581172160133,402.78,2026-09-02,NSS,continuous_rate,-0.001196933340446035,0.03857268224405938,0.039650787456612456,0.15731369166361667,2.1532279899754223,16.810163806603725,2.060781659511834
2026-09-02,2026-09-02 20:00:00+00:00,2026-12-31,378.0,39.33,843070801,GLD   261231C00378000,0.32854209445585214,120,0.9384775808133473,0.03882874111132038,0.2411492984598503,75.96131033658261,402.78,2026-09-02,NSS,continuous_rate,-0.001196933340446035,0.03857268224405938,0.039650787456612456,0.15731369166361667,2.1532279899754223,16.810163806603725,2.060781659511834
2026-09-02,2026-09-02 20:00:00+00:00,2026-12-31,379.0,38.6,843070854,GLD   261231C00379000,0.32854209445585214,120,0.940960325736134,0.03882874111132038,0.24041049969429157,76.78802937971251,402.78,2026-09-02,NSS,continuous_rate,-0.001196933340446035,0.03857268224405938,0.039650787456612456,0.15731369166361667,2.1532279899754223,16.810163806603725,2.060781659511834
2026-09-02,2026-09-02 20:00:00+00:00,2026-12-31,380.0,37.9,843070906,GLD   261231C00380000,0.32854209445585214,120,0.9434430706589205,0.03882874111132038,0.23998727792808788,77.62879644121756,402.78,2026-09-02,NSS,continuous_rate,-0.001196933340446035,0.03857268224405938,0.039650787456612456,0.15731369166361667,2.1532279899754223,16.810163806603725,2.060781659511834
2026-09-02,2026-09-02 20:00:00+00:00,2026-12-31,381.0,37.28,843070940,GLD   261231C00381000,0.32854209445585214,120,0.9459258155817072,0.03882874111132038,0.24050559514043857,78.52753152919718,402.78,2026-09-02,NSS,continuous_rate,-0.001196933340446035,0.03857268224405938,0.039650787456612456,0.15731369166361667,2.1532279899754223,16.810163806603725,2.060781659511834
2026-09-02,2026-09-02 20:00:00+00:00,2026-12-31,382.0,36.55,843070984,GLD   261231C00382000,0.32854209445585214,120,0.9484085605044938,0.03882874111132038,0.23953996332874522,79.28962545403267,402.78,2026-09-02,NSS,continuous_rate,-0.001196933340446035,0.03857268224405938,0.039650787456612456,0.15731369166361667,2.1532279899754223,16.810163806603725,2.060781659511834
2026-09-02,2026-09-02 20:00:00+00:00,2026-12-31,383.0,35.85,843071018,GLD   261231C00383000,0.32854209445585214,120,0.9508913054272805,0.03882874111132038,0.23888195052416997,80.06016937936069,402.78,2026-09-02,NSS,continuous_rate,-0.001196933340446035,0.03857268224405938,0.039650787456612456,0.15731369166361667,2.1532279899754223,16.810163806603725,2.060781659511834
2026-09-02,2026-09-02 20:00:00+00:00,2026-12-31,384.0,35.2,843071063,GLD   261231C00384000,0.32854209445585214,120,0.9533740503500671,0.03882874111132038,0.2387692627464421,80.8494572946335,402.78,2026-09-02,NSS,continuous_rate,-0.001196933340446035,0.03857268224405938,0.039650787456612456,0.15731369166361667,2.1532279899754223,16.810163806603725,2.060781659511834
2026-09-02,2026-09-02 20:00:00+00:00,2026-12-31,385.0,34.63,843071103,GLD   261231C00385000,0.32854209445585214,120,0.9558567952728537,0.03882874111132038,0.2395530015840195,81.6693919186591,402.78,2026-09-02,NSS,continuous_rate,-0.001196933340446035,0.03857268224405938,0.039650787456612456,0.15731369166361667,2.1532279899754223,16.810163806603725,2.060781659511834
2026-09-02,2026-09-02 20:00:00+00:00,2026-12-31,386.0,33.98,843071143,GLD   261231C00386000,0.32854209445585214,120,0.9583395401956404,0.03882874111132038,0.23926642073309057,82.39921811042386,402.78,2026-09-02,NSS,continuous_rate,-0.001196933340446035,0.03857268224405938,0.039650787456612456,0.15731369166361667,2.1532279899754223,16.810163806603725,2.060781659511834
2026-09-02,2026-09-02 20:00:00+00:00,2026-12-31,387.0,33.35,843071179,GLD   261231C00387000,0.32854209445585214,120,0.960822285118427,0.03882874111132038,0.23914085302175958,83.11498532885768,402.78,2026-09-02,NSS,continuous_rate,-0.001196933340446035,0.03857268224405938,0.039650787456612456,0.15731369166361667,2.1532279899754223,16.810163806603725,2.060781659511834
2026-09-02,2026-09-02 20:00:00+00:00,2026-12-31,388.0,32.75,843071224,GLD   261231C00388000,0.32854209445585214,120,0.9633050300412136,0.03882874111132038,0.23929107234859842,83.81907622890412,402.78,2026-09-02,NSS,continuous_rate,-0.001196933340446035,0.03857268224405938,0.039650787456612456,0.15731369166361667,2.1532279899754223,16.810163806603725,2.060781659511834
2026-09-02,2026-09-02 20:00:00+00:00,2026-12-31,389.0,32.08,843071265,GLD   261231C00389000,0.32854209445585214,120,0.9657877749640003,0.03882874111132038,0.23852638798980044,84.45856019283438,402.78,2026-09-02,NSS,continuous_rate,-0.001196933340446035,0.03857268224405938,0.039650787456612456,0.15731369166361667,2.1532279899754223,16.810163806603725,2.060781659511834
2026-09-02,2026-09-02 20:00:00+00:00,2026-12-31,390.0,31.5,843071309,GLD   261231C00390000,0.32854209445585214,120,0.9682705198867869,0.03882874111132038,0.23874722809502857,85.1145241970161,402.78,2026-09-02,NSS,continuous_rate,-0.001196933340446035,0.03857268224405938,0.039650787456612456,0.15731369166361667,2.1532279899754223,16.810163806603725,2.060781659511834
2026-09-02,2026-09-02 20:00:00+00:00,2026-12-31,391.0,30.93,843071333,GLD   261231C00391000,0.32854209445585214,120,0.9707532648095736,0.03882874111132038,0.23899821450905878,85.74284594289433,402.78,2026-09-02,NSS,continuous_rate,-0.001196933340446035,0.03857268224405938,0.039650787456612456,0.15731369166361667,2.1532279899754223,16.810163806603725,2.060781659511834
2026-09-02,2026-09-02 20:00:00+00:00,2026-12-31,392.0,30.28,843071386,GLD   261231C00392000,0.32854209445585214,120,0.9732360097323601,0.03882874111132038,0.23823621230563152,86.31261632608114,402.78,2026-09-02,NSS,continuous_rate,-0.001196933340446035,0.03857268224405938,0.039650787456612456,0.15731369166361667,2.1532279899754223,16.810163806603725,2.060781659511834
2026-09-02,2026-09-02 20:00:00+00:00,2026-12-31,393.0,29.73,843071441,GLD   261231C00393000,0.32854209445585214,120,0.9757187546551468,0.03882874111132038,0.23855268801329654,86.88784894780868,402.78,2026-09-02,NSS,continuous_rate,-0.001196933340446035,0.03857268224405938,0.039650787456612456,0.15731369166361667,2.1532279899754223,16.810163806603725,2.060781659511834
2026-09-02,2026-09-02 20:00:00+00:00,2026-12-31,394.0,29.13,843071489,GLD   261231C00394000,0.32854209445585214,120,0.9782014995779335,0.03882874111132038,0.23821113229030744,87.41833054261218,402.78,2026-09-02,NSS,continuous_rate,-0.001196933340446035,0.03857268224405938,0.039650787456612456,0.15731369166361667,2.1532279899754223,16.810163806603725,2.060781659511834
2026-09-02,2026-09-02 20:00:00+00:00,2026-12-31,395.0,28.55,843071544,GLD   261231C00395000,0.32854209445585214,120,0.9806842445007201,0.03882874111132038,0.2380192557378672,87.92551546130473,402.78,2026-09-02,NSS,continuous_rate,-0.001196933340446035,0.03857268224405938,0.039650787456612456,0.15731369166361667,2.1532279899754223,16.810163806603725,2.060781659511834
2026-09-02,2026-09-02 20:00:00+00:00,2026-12-31,396.0,27.95,843071597,GLD   261231C00396000,0.32854209445585214,120,0.9831669894235067,0.03882874111132038,0.237521771794837,88.40028425990563,402.78,2026-09-02,NSS,continuous_rate,-0.001196933340446035,0.03857268224405938,0.039650787456612456,0.15731369166361667,2.1532279899754223,16.810163806603725,2.060781659511834
2026-09-02,2026-09-02 20:00:00+00:00,2026-12-31,397.0,27.35,843071640,GLD   261231C00397000,0.32854209445585214,120,0.9856497343462933,0.03882874111132038,0.2369482096322812,88.84779659649284,402.78,2026-09-02,NSS,continuous_rate,-0.001196933340446035,0.03857268224405938,0.039650787456612456,0.15731369166361667,2.1532279899754223,16.810163806603725,2.060781659511834
2026-09-02,2026-09-02 20:00:00+00:00,2026-12-31,398.0,26.93,843071687,GLD   261231C00398000,0.32854209445585214,120,0.98813247926908,0.03882874111132038,0.2383153079499491,89.2895691386322,402.78,2026-09-02,NSS,continuous_rate,-0.001196933340446035,0.03857268224405938,0.039650787456612456,0.15731369166361667,2.1532279899754223,16.810163806603725,2.060781659511834
2026-09-02,2026-09-02 20:00:00+00:00,2026-12-31,399.0,26.38,843071732,GLD   261231C00399000,0.32854209445585214,120,0.9906152241918667,0.03882874111132038,0.23813998998170716,89.68251518288093,402.78,2026-09-02,NSS,continuous_rate,-0.001196933340446035,0.03857268224405938,0.039650787456612456,0.15731369166361667,2.1532279899754223,16.810163806603725,2.060781659511834
2026-09-02,2026-09-02 20:00:00+00:00,2026-12-31,400.0,25.8,843071784,GLD   261231C00400000,0.32854209445585214,120,0.9930979691146532,0.03882874111132038,0.23755302635533737,90.04413043663868,402.78,2026-09-02,NSS,continuous_rate,-0.001196933340446035,0.03857268224405938,0.039650787456612456,0.15731369166361667,2.1532279899754223,16.810163806603725,2.060781659511834
2026-09-02,2026-09-02 20:00:00+00:00,2026-12-31,401.0,25.35,843071839,GLD   261231C00401000,0.32854209445585214,120,0.9955807140374399,0.03882874111132038,0.2383291843787767,90.38403069750682,402.78,2026-09-02,NSS,continuous_rate,-0.001196933340446035,0.03857268224405938,0.039650787456612456,0.15731369166361667,2.1532279899754223,16.810163806603725,2.060781659511834
2026-09-02,2026-09-02 20:00:00+00:00,2026-12-31,402.0,24.83,843071894,GLD   261231C00402000,0.32854209445585214,120,0.9980634589602265,0.03882874111132038,0.2382488128480502,90.6891861904843,402.78,2026-09-02,NSS,continuous_rate,-0.001196933340446035,0.03857268224405938,0.039650787456612456,0.15731369166361667,2.1532279899754223,16.810163806603725,2.060781659511834
2026-09-02,2026-09-02 20:00:00+00:00,2026-12-31,403.0,24.33,843071934,GLD   261231C00403000,0.32854209445585214,120,1.000546203883013,0.03882874111132038,0.23831001814352348,90.9648786756991,402.78,2026-09-02,NSS,continuous_rate,-0.001196933340446035,0.03857268224405938,0.039650787456612456,0.15731369166361667,2.1532279899754223,16.810163806603725,2.060781659511834
2026-09-02,2026-09-02 20:00:00+00:00,2026-12-31,404.0,23.88,843071994,GLD   261231C00404000,0.32854209445585214,120,1.0030289488057997,0.03882874111132038,0.23884061925495043,91.21057322397179,402.78,2026-09-02,NSS,continuous_rate,-0.001196933340446035,0.03857268224405938,0.039650787456612456,0.15731369166361667,2.1532279899754223,16.810163806603725,2.060781659511834
2026-09-02,2026-09-02 20:00:00+00:00,2026-12-31,405.0,23.38,843072046,GLD   261231C00405000,0.32854209445585214,120,1.0055116937285864,0.03882874111132038,0.2387437636443414,91.42586547478247,402.78,2026-09-02,NSS,continuous_rate,-0.001196933340446035,0.03857268224405938,0.039650787456612456,0.15731369166361667,2.1532279899754223,16.810163806603725,2.060781659511834
2026-09-02,2026-09-02 20:00:00+00:00,2026-12-31,406.0,22.88,843072092,GLD   261231C00406000,0.32854209445585214,120,1.007994438651373,0.03882874111132038,0.2385697588146664,91.61158394037741,402.78,2026-09-02,NSS,continuous_rate,-0.001196933340446035,0.03857268224405938,0.039650787456612456,0.15731369166361667,2.1532279899754223,16.810163806603725,2.060781659511834
2026-09-02,2026-09-02 20:00:00+00:00,2026-12-31,407.0,22.43,843072139,GLD   261231C00407000,0.32854209445585214,120,1.0104771835741597,0.03882874111132038,0.23886399964056915,91.7668599190002,402.78,2026-09-02,NSS,continuous_rate,-0.001196933340446035,0.03857268224405938,0.039650787456612456,0.15731369166361667,2.1532279899754223,16.810163806603725,2.060781659511834
2026-09-02,2026-09-02 20:00:00+00:00,2026-12-31,408.0,22.0,843072184,GLD   261231C00408000,0.32854209445585214,120,1.0129599284969464,0.03882874111132038,0.23929816888468342,91.89206170081394,402.78,2026-09-02,NSS,continuous_rate,-0.001196933340446035,0.03857268224405938,0.039650787456612456,0.15731369166361667,2.1532279899754223,16.810163806603725,2.060781659511834
2026-09-02,2026-09-02 20:00:00+00:00,2026-12-31,409.0,21.53,843072231,GLD   261231C00409000,0.32854209445585214,120,1.0154426734197328,0.03882874111132038,0.23922011630078782,91.98865052209122,402.78,2026-09-02,NSS,continuous_rate,-0.001196933340446035,0.03857268224405938,0.039650787456612456,0.15731369166361667,2.1532279899754223,16.810163806603725,2.060781659511834
2026-09-02,2026-09-02 20:00:00+00:00,2026-12-31,410.0,21.05,843072278,GLD   261231C00410000,0.32854209445585214,120,1.0179254183425195,0.03882874111132038,0.23895758171780035,92.05606462176516,402.78,2026-09-02,NSS,continuous_rate,-0.001196933340446035,0.03857268224405938,0.039650787456612456,0.15731369166361667,2.1532279899754223,16.810163806603725,2.060781659511834
2026-09-02,2026-09-02 20:00:00+00:00,2026-12-31,411.0,20.63,843072326,GLD   261231C00411000,0.32854209445585214,120,1.0204081632653061,0.03882874111132038,0.23927110519194983,92.09354239395894,402.78,2026-09-02,NSS,continuous_rate,-0.001196933340446035,0.03857268224405938,0.039650787456612456,0.15731369166361667,2.1532279899754223,16.810163806603725,2.060781659511834
2026-09-02,2026-09-02 20:00:00+00:00,2026-12-31,412.0,20.2,843072366,GLD   261231C00412000,0.32854209445585214,120,1.0228909081880928,0.03882874111132038,0.23940060300594196,92.10241578428419,402.78,2026-09-02,NSS,continuous_rate,-0.001196933340446035,0.03857268224405938,0.039650787456612456,0.15731369166361667,2.1532279899754223,16.810163806603725,2.060781659511834
2026-09-02,2026-09-02 20:00:00+00:00,2026-12-31,413.0,19.7,843072414,GLD   261231C00413000,0.32854209445585214,120,1.0253736531108795,0.03882874111132038,0.23869500056961557,92.08166177514467,402.78,2026-09-02,NSS,continuous_rate,-0.001196933340446035,0.03857268224405938,0.039650787456612456,0.15731369166361667,2.1532279899754223,16.810163806603725,2.060781659511834
2026-09-02,2026-09-02 20:00:00+00:00,2026-12-31,414.0,19.38,843072459,GLD   261231C00414000,0.32854209445585214,120,1.0278563980336661,0.03882874111132038,0.23986988706542184,92.03538344773486,402.78,2026-09-02,NSS,continuous_rate,-0.001196933340446035,0.03857268224405938,0.039650787456612456,0.15731369166361667,2.1532279899754223,16.810163806603725,2.060781659511834
2026-09-02,2026-09-02 20:00:00+00:00,2026-12-31,415.0,18.95,843072512,GLD   261231C00415000,0.32854209445585214,120,1.0303391429564528,0.03882874111132038,0.23977607681872326,91.958993322367,402.78,2026-09-02,NSS,continuous_rate,-0.001196933340446035,0.03857268224405938,0.039650787456612456,0.15731369166361667,2.1532279899754223,16.810163806603725,2.060781659511834
2026-09-02,2026-09-02 20:00:00+00:00,2026-12-31,416.0,18.55,843072566,GLD   261231C00416000,0.32854209445585214,120,1.0328218878792395,0.03882874111132038,0.2399348827679642,91.85582634750386,402.78,2026-09-02,NSS,continuous_rate,-0.001196933340446035,0.03857268224405938,0.039650787456612456,0.15731369166361667,2.1532279899754223,16.810163806603725,2.060781659511834
2026-09-02,2026-09-02 20:00:00+00:00,2026-12-31,417.0,18.2,843072617,GLD   261231C00417000,0.32854209445585214,120,1.035304632802026,0.03882874111132038,0.24056578531460843,91.72934547349386,402.78,2026-09-02,NSS,continuous_rate,-0.001196933340446035,0.03857268224405938,0.039650787456612456,0.15731369166361667,2.1532279899754223,16.810163806603725,2.060781659511834
2026-09-02,2026-09-02 20:00:00+00:00,2026-12-31,418.0,17.77,843072659,GLD   261231C00418000,0.32854209445585214,120,1.0377873777248126,0.03882874111132038,0.24025214077094575,91.56882186023064,402.78,2026-09-02,NSS,continuous_rate,-0.001196933340446035,0.03857268224405938,0.039650787456612456,0.15731369166361667,2.1532279899754223,16.810163806603725,2.060781659511834
2026-09-02,2026-09-02 20:00:00+00:00,2026-12-31,419.0,17.43,843072716,GLD   261231C00419000,0.32854209445585214,120,1.0402701226475992,0.03882874111132038,0.24084948843633763,91.39130786736617,402.78,2026-09-02,NSS,continuous_rate,-0.001196933340446035,0.03857268224405938,0.039650787456612456,0.15731369166361667,2.1532279899754223,16.810163806603725,2.060781659511834
2026-09-02,2026-09-02 20:00:00+00:00,2026-12-31,420.0,17.02,843072784,GLD   261231C00420000,0.32854209445585214,120,1.0427528675703859,0.03882874111132038,0.24060954728713263,91.17776064924318,402.78,2026-09-02,NSS,continuous_rate,-0.001196933340446035,0.03857268224405938,0.039650787456612456,0.15731369166361667,2.1532279899754223,16.810163806603725,2.060781659511834
2026-09-02,2026-09-02 20:00:00+00:00,2026-12-31,421.0,16.67,843072842,GLD   261231C00421000,0.32854209445585214,120,1.0452356124931725,0.03882874111132038,0.24095627174703407,90.94729628762425,402.78,2026-09-02,NSS,continuous_rate,-0.001196933340446035,0.03857268224405938,0.039650787456612456,0.15731369166361667,2.1532279899754223,16.810163806603725,2.060781659511834
2026-09-02,2026-09-02 20:00:00+00:00,2026-12-31,422.0,16.33,843072889,GLD   261231C00422000,0.32854209445585214,120,1.0477183574159592,0.03882874111132038,0.24134366625035186,90.69403342496632,402.78,2026-09-02,NSS,continuous_rate,-0.001196933340446035,0.03857268224405938,0.039650787456612456,0.15731369166361667,2.1532279899754223,16.810163806603725,2.060781659511834
2026-09-02,2026-09-02 20:00:00+00:00,2026-12-31,423.0,15.95,843072949,GLD   261231C00423000,0.32854209445585214,120,1.0502011023387459,0.03882874111132038,0.2412199052686803,90.40578314126338,402.78,2026-09-02,NSS,continuous_rate,-0.001196933340446035,0.03857268224405938,0.039650787456612456,0.15731369166361667,2.1532279899754223,16.810163806603725,2.060781659511834
2026-09-02,2026-09-02 20:00:00+00:00,2026-12-31,424.0,15.68,843073002,GLD   261231C00424000,0.32854209445585214,120,1.0526838472615325,0.03882874111132038,0.24224533610688526,90.12316764754969,402.78,2026-09-02,NSS,continuous_rate,-0.001196933340446035,0.03857268224405938,0.039650787456612456,0.15731369166361667,2.1532279899754223,16.810163806603725,2.060781659511834
2026-09-02,2026-09-02 20:00:00+00:00,2026-12-31,425.0,15.33,843073052,GLD   261231C00425000,0.32854209445585214,120,1.055166592184319,0.03882874111132038,0.24231682299794632,89.79423342987067,402.78,2026-09-02,NSS,continuous_rate,-0.001196933340446035,0.03857268224405938,0.039650787456612456,0.15731369166361667,2.1532279899754223,16.810163806603725,2.060781659511834
2026-09-02,2026-09-02 20:00:00+00:00,2026-12-31,426.0,14.95,843073111,GLD   261231C00426000,0.32854209445585214,120,1.0576493371071056,0.03882874111132038,0.2419835838192143,89.42833973263242,402.78,2026-09-02,NSS,continuous_rate,-0.001196933340446035,0.03857268224405938,0.039650787456612456,0.15731369166361667,2.1532279899754223,16.810163806603725,2.060781659511834
2026-09-02,2026-09-02 20:00:00+00:00,2026-12-31,427.0,14.65,843073169,GLD   261231C00427000,0.32854209445585214,120,1.0601320820298923,0.03882874111132038,0.24247630879906942,89.06805976759397,402.78,2026-09-02,NSS,continuous_rate,-0.001196933340446035,0.03857268224405938,0.039650787456612456,0.15731369166361667,2.1532279899754223,16.810163806603725,2.060781659511834
2026-09-02,2026-09-02 20:00:00+00:00,2026-12-31,428.0,14.35,843073212,GLD   261231C00428000,0.32854209445585214,120,1.062614826952679,0.03882874111132038,0.24290410326765854,88.68612219819143,402.78,2026-09-02,NSS,continuous_rate,-0.001196933340446035,0.03857268224405938,0.039650787456612456,0.15731369166361667,2.1532279899754223,16.810163806603725,2.060781659511834
2026-09-02,2026-09-02 20:00:00+00:00,2026-12-31,429.0,14.05,843073266,GLD   261231C00429000,0.32854209445585214,120,1.0650975718754656,0.03882874111132038,0.24326706035537649,88.28245910162478,402.78,2026-09-02,NSS,continuous_rate,-0.001196933340446035,0.03857268224405938,0.039650787456612456,0.15731369166361667,2.1532279899754223,16.810163806603725,2.060781659511834
2026-09-02,2026-09-02 20:00:00+00:00,2026-12-31,430.0,13.73,843073313,GLD   261231C00430000,0.32854209445585214,120,1.0675803167982523,0.03882874111132038,0.24333752281209453,87.84565945302353,402.78,2026-09-02,NSS,continuous_rate,-0.001196933340446035,0.03857268224405938,0.039650787456612456,0.15731369166361667,2.1532279899754223,16.810163806603725,2.060781659511834
2026-09-02,2026-09-02 20:00:00+00:00,2026-12-31,431.0,13.43,843073357,GLD   261231C00431000,0.32854209445585214,120,1.070063061721039,0.03882874111132038,0.24356956650381906,87.39711105249907,402.78,2026-09-02,NSS,continuous_rate,-0.001196933340446035,0.03857268224405938,0.039650787456612456,0.15731369166361667,2.1532279899754223,16.810163806603725,2.060781659511834
2026-09-02,2026-09-02 20:00:00+00:00,2026-12-31,432.0,13.15,843073393,GLD   261231C00432000,0.32854209445585214,120,1.0725458066438256,0.03882874111132038,0.24396651618564502,86.93963848443587,402.78,2026-09-02,NSS,continuous_rate,-0.001196933340446035,0.03857268224405938,0.039650787456612456,0.15731369166361667,2.1532279899754223,16.810163806603725,2.060781659511834
2026-09-02,2026-09-02 20:00:00+00:00,2026-12-31,433.0,12.8,843073463,GLD   261231C00433000,0.32854209445585214,120,1.075028551566612,0.03882874111132038,0.24349078750284395,86.41102566532186,402.78,2026-09-02,NSS,continuous_rate,-0.001196933340446035,0.03857268224405938,0.039650787456612456,0.15731369166361667,2.1532279899754223,16.810163806603725,2.060781659511834
2026-09-02,2026-09-02 20:00:00+00:00,2026-12-31,434.0,12.58,843073489,GLD   261231C00434000,0.32854209445585214,120,1.0775112964893987,0.03882874111132038,0.24445544144539164,85.95554296681735,402.78,2026-09-02,NSS,continuous_rate,-0.001196933340446035,0.03857268224405938,0.039650787456612456,0.15731369166361667,2.1532279899754223,16.810163806603725,2.060781659511834
2026-09-02,2026-09-02 20:00:00+00:00,2026-12-31,435.0,12.25,843073545,GLD   261231C00435000,0.32854209445585214,120,1.0799940414121854,0.03882874111132038,0.2440772854772397,85.39369573692258,402.78,2026-09-02,NSS,continuous_rate,-0.001196933340446035,0.03857268224405938,0.039650787456612456,0.15731369166361667,2.1532279899754223,16.810163806603725,2.060781659511834
2026-09-02,2026-09-02 20:00:00+00:00,2026-12-31,436.0,12.03,843073608,GLD   261231C00436000,0.32854209445585214,120,1.082476786334972,0.03882874111132038,0.24492413878338415,84.90362147040193,402.78,2026-09-02,NSS,continuous_rate,-0.001196933340446035,0.03857268224405938,0.039650787456612456,0.15731369166361667,2.1532279899754223,16.810163806603725,2.060781659511834
2026-09-02,2026-09-02 20:00:00+00:00,2026-12-31,437.0,11.78,843073649,GLD   261231C00437000,0.32854209445585214,120,1.0849595312577587,0.03882874111132038,0.24536029636142775,84.37044797927722,402.78,2026-09-02,NSS,continuous_rate,-0.001196933340446035,0.03857268224405938,0.039650787456612456,0.15731369166361667,2.1532279899754223,16.810163806603725,2.060781659511834
2026-09-02,2026-09-02 20:00:00+00:00,2026-12-31,438.0,11.53,843073690,GLD   261231C00438000,0.32854209445585214,120,1.0874422761805453,0.03882874111132038,0.2457368691128679,83.81921516025875,402.78,2026-09-02,NSS,continuous_rate,-0.001196933340446035,0.03857268224405938,0.039650787456612456,0.15731369166361667,2.1532279899754223,16.810163806603725,2.060781659511834
2026-09-02,2026-09-02 20:00:00+00:00,2026-12-31,440.0,11.0,843073728,GLD   261231C00440000,0.32854209445585214,120,1.0924077660261184,0.03882874111132038,0.24594725998779754,82.62720482463342,402.78,2026-09-02,NSS,continuous_rate,-0.001196933340446035,0.03857268224405938,0.039650787456612456,0.15731369166361667,2.1532279899754223,16.810163806603725,2.060781659511834
2026-09-02,2026-09-02 20:00:00+00:00,2026-12-31,445.0,9.88,843073788,GLD   261231C00445000,0.32854209445585214,120,1.1048214906400518,0.03882874111132038,0.24793294901391488,79.58052986967473,402.78,2026-09-02,NSS,continuous_rate,-0.001196933340446035,0.03857268224405938,0.039650787456612456,0.15731369166361667,2.1532279899754223,16.810163806603725,2.060781659511834
2026-09-02,2026-09-02 20:00:00+00:00,2026-12-31,450.0,8.8,843073841,GLD   261231C00450000,0.32854209445585214,120,1.1172352152539848,0.03882874111132038,0.2489962932358496,76.18631607711991,402.78,2026-09-02,NSS,continuous_rate,-0.001196933340446035,0.03857268224405938,0.039650787456612456,0.15731369166361667,2.1532279899754223,16.810163806603725,2.060781659511834
2026-09-02,2026-09-02 20:00:00+00:00,2026-12-31,455.0,7.88,843073889,GLD   261231C00455000,0.32854209445585214,120,1.1296489398679181,0.03882874111132038,0.25078373559052125,72.71953263381351,402.78,2026-09-02,NSS,continuous_rate,-0.001196933340446035,0.03857268224405938,0.039650787456612456,0.15731369166361667,2.1532279899754223,16.810163806603725,2.060781659511834
2026-09-02,2026-09-02 20:00:00+00:00,2026-12-31,460.0,7.05,843073930,GLD   261231C00460000,0.32854209445585214,120,1.1420626644818512,0.03882874111132038,0.2525207385233603,69.14458884224993,402.78,2026-09-02,NSS,continuous_rate,-0.001196933340446035,0.03857268224405938,0.039650787456612456,0.15731369166361667,2.1532279899754223,16.810163806603725,2.060781659511834
2026-09-02,2026-09-02 20:00:00+00:00,2026-12-31,465.0,6.33,843073971,GLD   261231C00465000,0.32854209445585214,120,1.1544763890957843,0.03882874111132038,0.25463273099092765,65.59908430988756,402.78,2026-09-02,NSS,continuous_rate,-0.001196933340446035,0.03857268224405938,0.039650787456612456,0.15731369166361667,2.1532279899754223,16.810163806603725,2.060781659511834
2026-09-02,2026-09-02 20:00:00+00:00,2026-12-31,470.0,5.7,843074015,GLD   261231C00470000,0.32854209445585214,120,1.1668901137097176,0.03882874111132038,0.25698933044048033,62.11873356136579,402.78,2026-09-02,NSS,continuous_rate,-0.001196933340446035,0.03857268224405938,0.039650787456612456,0.15731369166361667,2.1532279899754223,16.810163806603725,2.060781659511834
2026-09-02,2026-09-02 20:00:00+00:00,2026-12-31,475.0,5.13,843074064,GLD   261231C00475000,0.32854209445585214,120,1.1793038383236507,0.03882874111132038,0.25924738861927765,58.66913940565813,402.78,2026-09-02,NSS,continuous_rate,-0.001196933340446035,0.03857268224405938,0.039650787456612456,0.15731369166361667,2.1532279899754223,16.810163806603725,2.060781659511834
2026-09-02,2026-09-02 20:00:00+00:00,2026-12-31,480.0,4.63,843074117,GLD   261231C00480000,0.32854209445585214,120,1.1917175629375838,0.03882874111132038,0.26169072040552277,55.344972281035794,402.78,2026-09-02,NSS,continuous_rate,-0.001196933340446035,0.03857268224405938,0.039650787456612456,0.15731369166361667,2.1532279899754223,16.810163806603725,2.060781659511834
2026-09-02,2026-09-02 20:00:00+00:00,2027-01-15,323.0,86.6,776885187,GLD   270115C00323000,0.36960985626283366,135,0.8019266100600825,0.03898867687800379,0.276237008223962,32.473450199081526,402.78,2026-09-02,NSS,continuous_rate,-0.001196933340446035,0.03857268224405938,0.039650787456612456,0.15731369166361667,2.1532279899754223,16.810163806603725,2.060781659511834
2026-09-02,2026-09-02 20:00:00+00:00,2027-01-15,324.0,85.6,776885208,GLD   270115C00324000,0.36960985626283366,135,0.8044093549828691,0.03898867687800379,0.27294649251867087,32.606067953162146,402.78,2026-09-02,NSS,continuous_rate,-0.001196933340446035,0.03857268224405938,0.039650787456612456,0.15731369166361667,2.1532279899754223,16.810163806603725,2.060781659511834
2026-09-02,2026-09-02 20:00:00+00:00,2027-01-15,325.0,84.6,731137385,GLD   270115C00325000,0.36960985626283366,135,0.8068920999056558,0.03898867687800379,0.26966554130492737,32.740490025410665,402.78,2026-09-02,NSS,continuous_rate,-0.001196933340446035,0.03857268224405938,0.039650787456612456,0.15731369166361667,2.1532279899754223,16.810163806603725,2.060781659511834
2026-09-02,2026-09-02 20:00:00+00:00,2027-01-15,326.0,83.68,776885237,GLD   270115C00326000,0.36960985626283366,135,0.8093748448284424,0.03898867687800379,0.2688062830301934,33.451209116533526,402.78,2026-09-02,NSS,continuous_rate,-0.001196933340446035,0.03857268224405938,0.039650787456612456,0.15731369166361667,2.1532279899754223,16.810163806603725,2.060781659511834
2026-09-02,2026-09-02 20:00:00+00:00,2027-01-15,327.0,82.9,776885267,GLD   270115C00327000,0.36960985626283366,135,0.811857589751229,0.03898867687800379,0.2719372896517628,35.112515374627144,402.78,2026-09-02,NSS,continuous_rate,-0.001196933340446035,0.03857268224405938,0.039650787456612456,0.15731369166361667,2.1532279899754223,16.810163806603725,2.060781659511834
2026-09-02,2026-09-02 20:00:00+00:00,2027-01-15,328.0,81.95,776885310,GLD   270115C00328000,0.36960985626283366,135,0.8143403346740157,0.03898867687800379,0.2700566982761956,35.605679433404596,402.78,2026-09-02,NSS,continuous_rate,-0.001196933340446035,0.03857268224405938,0.039650787456612456,0.15731369166361667,2.1532279899754223,16.810163806603725,2.060781659511834
2026-09-02,2026-09-02 20:00:00+00:00,2027-01-15,329.0,81.1,776885341,GLD   270115C00329000,0.36960985626283366,135,0.8168230795968022,0.03898867687800379,0.2709043711298146,36.74857829172515,402.78,2026-09-02,NSS,continuous_rate,-0.001196933340446035,0.03857268224405938,0.039650787456612456,0.15731369166361667,2.1532279899754223,16.810163806603725,2.060781659511834
2026-09-02,2026-09-02 20:00:00+00:00,2027-01-15,330.0,80.22,731137430,GLD   270115C00330000,0.36960985626283366,135,0.8193058245195889,0.03898867687800379,0.2708214757653886,37.68205672058232,402.78,2026-09-02,NSS,continuous_rate,-0.001196933340446035,0.03857268224405938,0.039650787456612456,0.15731369166361667,2.1532279899754223,16.810163806603725,2.060781659511834
2026-09-02,2026-09-02 20:00:00+00:00,2027-01-15,331.0,79.33,811874759,GLD   270115C00331000,0.36960985626283366,135,0.8217885694423755,0.03898867687800379,0.27039389549670745,38.5439959389069,402.78,2026-09-02,NSS,continuous_rate,-0.001196933340446035,0.03857268224405938,0.039650787456612456,0.15731369166361667,2.1532279899754223,16.810163806603725,2.060781659511834
2026-09-02,2026-09-02 20:00:00+00:00,2027-01-15,332.0,78.43,811874818,GLD   270115C00332000,0.36960985626283366,135,0.8242713143651622,0.03898867687800379,0.2696428547407501,39.33938903270403,402.78,2026-09-02,NSS,continuous_rate,-0.001196933340446035,0.03857268224405938,0.039650787456612456,0.15731369166361667,2.1532279899754223,16.810163806603725,2.060781659511834
2026-09-02,2026-09-02 20:00:00+00:00,2027-01-15,333.0,77.55,811874868,GLD   270115C00333000,0.36960985626283366,135,0.8267540592879488,0.03898867687800379,0.2693334476300516,40.24632963580905,402.78,2026-09-02,NSS,continuous_rate,-0.001196933340446035,0.03857268224405938,0.039650787456612456,0.15731369166361667,2.1532279899754223,16.810163806603725,2.060781659511834
2026-09-02,2026-09-02 20:00:00+00:00,2027-01-15,334.0,76.55,811874933,GLD   270115C00334000,0.36960985626283366,135,0.8292368042107354,0.03898867687800379,0.26600863665686914,40.457195800511904,402.78,2026-09-02,NSS,continuous_rate,-0.001196933340446035,0.03857268224405938,0.039650787456612456,0.15731369166361667,2.1532279899754223,16.810163806603725,2.060781659511834
2026-09-02,2026-09-02 20:00:00+00:00,2027-01-15,335.0,75.65,731137475,GLD   270115C00335000,0.36960985626283366,135,0.8317195491335221,0.03898867687800379,0.26513305262392384,41.249904323439964,402.78,2026-09-02,NSS,continuous_rate,-0.001196933340446035,0.03857268224405938,0.039650787456612456,0.15731369166361667,2.1532279899754223,16.810163806603725,2.060781659511834
2026-09-02,2026-09-02 20:00:00+00:00,2027-01-15,336.0,74.78,811874983,GLD   270115C00336000,0.36960985626283366,135,0.8342022940563087,0.03898867687800379,0.264917958664056,42.20621896870535,402.78,2026-09-02,NSS,continuous_rate,-0.001196933340446035,0.03857268224405938,0.039650787456612456,0.15731369166361667,2.1532279899754223,16.810163806603725,2.060781659511834
2026-09-02,2026-09-02 20:00:00+00:00,2027-01-15,337.0,73.88,811875034,GLD   270115C00337000,0.36960985626283366,135,0.8366850389790953,0.03898867687800379,0.26392768454989424,42.98899904269616,402.78,2026-09-02,NSS,continuous_rate,-0.001196933340446035,0.03857268224405938,0.039650787456612456,0.15731369166361667,2.1532279899754223,16.810163806603725,2.060781659511834
2026-09-02,2026-09-02 20:00:00+00:00,2027-01-15,338.0,72.97,811875095,GLD   270115C00338000,0.36960985626283366,135,0.839167783901882,0.03898867687800379,0.2626609947673977,43.71555511064208,402.78,2026-09-02,NSS,continuous_rate,-0.001196933340446035,0.03857268224405938,0.039650787456612456,0.15731369166361667,2.1532279899754223,16.810163806603725,2.060781659511834
2026-09-02,2026-09-02 20:00:00+00:00,2027-01-15,339.0,72.08,811875143,GLD   270115C00339000,0.36960985626283366,135,0.8416505288246686,0.03898867687800379,0.26180522422594954,44.546520553496265,402.78,2026-09-02,NSS,continuous_rate,-0.001196933340446035,0.03857268224405938,0.039650787456612456,0.15731369166361667,2.1532279899754223,16.810163806603725,2.060781659511834
2026-09-02,2026-09-02 20:00:00+00:00,2027-01-15,340.0,71.22,731137508,GLD   270115C00340000,0.36960985626283366,135,0.8441332737474553,0.03898867687800379,0.2615565008805134,45.526343468331774,402.78,2026-09-02,NSS,continuous_rate,-0.001196933340446035,0.03857268224405938,0.039650787456612456,0.15731369166361667,2.1532279899754223,16.810163806603725,2.060781659511834
2026-09-02,2026-09-02 20:00:00+00:00,2027-01-15,341.0,70.25,811875201,GLD   270115C00341000,0.36960985626283366,135,0.8466160186702418,0.03898867687800379,0.25885106291109705,45.94330869754609,402.78,2026-09-02,NSS,continuous_rate,-0.001196933340446035,0.03857268224405938,0.039650787456612456,0.15731369166361667,2.1532279899754223,16.810163806603725,2.060781659511834
2026-09-02,2026-09-02 20:00:00+00:00,2027-01-15,342.0,69.43,811875255,GLD   270115C00342000,0.36960985626283366,135,0.8490987635930285,0.03898867687800379,0.25935162947019574,47.11284925567723,402.78,2026-09-02,NSS,continuous_rate,-0.001196933340446035,0.03857268224405938,0.039650787456612456,0.15731369166361667,2.1532279899754223,16.810163806603725,2.060781659511834
2026-09-02,2026-09-02 20:00:00+00:00,2027-01-15,343.0,68.6,811875315,GLD   270115C00343000,0.36960985626283366,135,0.8515815085158152,0.03898867687800379,0.2595347517655232,48.21174391011355,402.78,2026-09-02,NSS,continuous_rate,-0.001196933340446035,0.03857268224405938,0.039650787456612456,0.15731369166361667,2.1532279899754223,16.810163806603725,2.060781659511834
2026-09-02,2026-09-02 20:00:00+00:00,2027-01-15,344.0,67.68,811875363,GLD   270115C00344000,0.36960985626283366,135,0.8540642534386018,0.03898867687800379,0.25778966511441403,48.87740100267171,402.78,2026-09-02,NSS,continuous_rate,-0.001196933340446035,0.03857268224405938,0.039650787456612456,0.15731369166361667,2.1532279899754223,16.810163806603725,2.060781659511834
2026-09-02,2026-09-02 20:00:00+00:00,2027-01-15,345.0,66.85,731137548,GLD   270115C00345000,0.36960985626283366,135,0.8565469983613884,0.03898867687800379,0.2578272897939198,49.95435794664306,402.78,2026-09-02,NSS,continuous_rate,-0.001196933340446035,0.03857268224405938,0.039650787456612456,0.15731369166361667,2.1532279899754223,16.810163806603725,2.060781659511834
2026-09-02,2026-09-02 20:00:00+00:00,2027-01-15,346.0,65.72,811875432,GLD   270115C00346000,0.36960985626283366,135,0.859029743284175,0.03898867687800379,0.2518179765640758,49.66322970091592,402.78,2026-09-02,NSS,continuous_rate,-0.001196933340446035,0.03857268224405938,0.039650787456612456,0.15731369166361667,2.1532279899754223,16.810163806603725,2.060781659511834
2026-09-02,2026-09-02 20:00:00+00:00,2027-01-15,347.0,65.07,811875499,GLD   270115C00347000,0.36960985626283366,135,0.8615124882069617,0.03898867687800379,0.25532644998887555,51.546962842845055,402.78,2026-09-02,NSS,continuous_rate,-0.001196933340446035,0.03857268224405938,0.039650787456612456,0.15731369166361667,2.1532279899754223,16.810163806603725,2.060781659511834
2026-09-02,2026-09-02 20:00:00+00:00,2027-01-15,348.0,64.25,811875548,GLD   270115C00348000,0.36960985626283366,135,0.8639952331297484,0.03898867687800379,0.2553477302840911,52.63455482315397,402.78,2026-09-02,NSS,continuous_rate,-0.001196933340446035,0.03857268224405938,0.039650787456612456,0.15731369166361667,2.1532279899754223,16.810163806603725,2.060781659511834
2026-09-02,2026-09-02 20:00:00+00:00,2027-01-15,349.0,63.38,811875601,GLD   270115C00349000,0.36960985626283366,135,0.8664779780525349,0.03898867687800379,0.25434963321676474,53.50222596495903,402.78,2026-09-02,NSS,continuous_rate,-0.001196933340446035,0.03857268224405938,0.039650787456612456,0.15731369166361667,2.1532279899754223,16.810163806603725,2.060781659511834
2026-09-02,2026-09-02 20:00:00+00:00,2027-01-15,350.0,62.53,731137602,GLD   270115C00350000,0.36960985626283366,135,0.8689607229753216,0.03898867687800379,0.25366917598703875,54.444304609962686,402.78,2026-09-02,NSS,continuous_rate,-0.001196933340446035,0.03857268224405938,0.039650787456612456,0.15731369166361667,2.1532279899754223,16.810163806603725,2.060781659511834
2026-09-02,2026-09-02 20:00:00+00:00,2027-01-15,351.0,61.68,811875652,GLD   270115C00351000,0.36960985626283366,135,0.8714434678981082,0.03898867687800379,0.25292812812244525,55.37775337695988,402.78,2026-09-02,NSS,continuous_rate,-0.001196933340446035,0.03857268224405938,0.039650787456612456,0.15731369166361667,2.1532279899754223,16.810163806603725,2.060781659511834
2026-09-02,2026-09-02 20:00:00+00:00,2027-01-15,352.0,60.85,811875709,GLD   270115C00352000,0.36960985626283366,135,0.8739262128208949,0.03898867687800379,0.2524833746089601,56.37754160863007,402.78,2026-09-02,NSS,continuous_rate,-0.001196933340446035,0.03857268224405938,0.039650787456612456,0.15731369166361667,2.1532279899754223,16.810163806603725,2.060781659511834
2026-09-02,2026-09-02 20:00:00+00:00,2027-01-15,353.0,59.95,811875761,GLD   270115C00353000,0.36960985626283366,135,0.8764089577436814,0.03898867687800379,0.2507469211454504,57.11140015034307,402.78,2026-09-02,NSS,continuous_rate,-0.001196933340446035,0.03857268224405938,0.039650787456612456,0.15731369166361667,2.1532279899754223,16.810163806603725,2.060781659511834
2026-09-02,2026-09-02 20:00:00+00:00,2027-01-15,354.0,59.18,811875834,GLD   270115C00354000,0.36960985626283366,135,0.8788917026664681,0.03898867687800379,0.2512185334648006,58.306300434531515,402.78,2026-09-02,NSS,continuous_rate,-0.001196933340446035,0.03857268224405938,0.039650787456612456,0.15731369166361667,2.1532279899754223,16.810163806603725,2.060781659511834
2026-09-02,2026-09-02 20:00:00+00:00,2027-01-15,355.0,58.35,731137652,GLD   270115C00355000,0.36960985626283366,135,0.8813744475892548,0.03898867687800379,0.2505772282530554,59.272455033498,402.78,2026-09-02,NSS,continuous_rate,-0.001196933340446035,0.03857268224405938,0.039650787456612456,0.15731369166361667,2.1532279899754223,16.810163806603725,2.060781659511834
2026-09-02,2026-09-02 20:00:00+00:00,2027-01-15,356.0,57.35,811875903,GLD   270115C00356000,0.36960985626283366,135,0.8838571925120414,0.03898867687800379,0.24703769584158436,59.66196069028068,402.78,2026-09-02,NSS,continuous_rate,-0.001196933340446035,0.03857268224405938,0.039650787456612456,0.15731369166361667,2.1532279899754223,16.810163806603725,2.060781659511834
2026-09-02,2026-09-02 20:00:00+00:00,2027-01-15,357.0,56.68,811875969,GLD   270115C00357000,0.36960985626283366,135,0.886339937434828,0.03898867687800379,0.24894589106617498,61.142037116208634,402.78,2026-09-02,NSS,continuous_rate,-0.001196933340446035,0.03857268224405938,0.039650787456612456,0.15731369166361667,2.1532279899754223,16.810163806603725,2.060781659511834
2026-09-02,2026-09-02 20:00:00+00:00,2027-01-15,358.0,55.85,811876009,GLD   270115C00358000,0.36960985626283366,135,0.8888226823576146,0.03898867687800379,0.24812538434872405,62.07914251052134,402.78,2026-09-02,NSS,continuous_rate,-0.001196933340446035,0.03857268224405938,0.039650787456612456,0.15731369166361667,2.1532279899754223,16.810163806603725,2.060781659511834
2026-09-02,2026-09-02 20:00:00+00:00,2027-01-15,359.0,55.08,811876098,GLD   270115C00359000,0.36960985626283366,135,0.8913054272804013,0.03898867687800379,0.24819845445649702,63.18472772433172,402.78,2026-09-02,NSS,continuous_rate,-0.001196933340446035,0.03857268224405938,0.039650787456612456,0.15731369166361667,2.1532279899754223,16.810163806603725,2.060781659511834
2026-09-02,2026-09-02 20:00:00+00:00,2027-01-15,360.0,54.2,731137705,GLD   270115C00360000,0.36960985626283366,135,0.893788172203188,0.03898867687800379,0.2464701405894943,63.95503502312973,402.78,2026-09-02,NSS,continuous_rate,-0.001196933340446035,0.03857268224405938,0.039650787456612456,0.15731369166361667,2.1532279899754223,16.810163806603725,2.060781659511834
2026-09-02,2026-09-02 20:00:00+00:00,2027-01-15,365.0,50.33,731137762,GLD   270115C00365000,0.36960985626283366,135,0.906201896817121,0.03898867687800379,0.24506728020021695,69.09246548543481,402.78,2026-09-02,NSS,continuous_rate,-0.001196933340446035,0.03857268224405938,0.039650787456612456,0.15731369166361667,2.1532279899754223,16.810163806603725,2.060781659511834
2026-09-02,2026-09-02 20:00:00+00:00,2027-01-15,370.0,46.55,731137800,GLD   270115C00370000,0.36960985626283366,135,0.9186156214310542,0.03898867687800379,0.24314315036507328,73.9799766,402.78,2026-09-02,NSS,continuous_rate,-0.001196933340446035,0.03857268224405938,0.039650787456612456,0.15731369166361667,2.1532279899754223,16.810163806603725,2.060781659511834
2026-09-02,2026-09-02 20:00:00+00:00,2027-01-15,375.0,42.9,731137844,GLD   270115C00375000,0.36960985626283366,135,0.9310293460449874,0.03898867687800379,0.24120131644187498,78.6256243574538,402.78,2026-09-02,NSS,continuous_rate,-0.001196933340446035,0.03857268224405938,0.039650787456612456,0.15731369166361667,2.1532279899754223,16.810163806603725,2.060781659511834
2026-09-02,2026-09-02 20:00:00+00:00,2027-01-15,380.0,39.45,731137909,GLD   270115C00380000,0.36960985626283366,135,0.9434430706589205,0.03898867687800379,0.2399962556981482,83.00733603952673,402.78,2026-09-02,NSS,continuous_rate,-0.001196933340446035,0.03857268224405938,0.039650787456612456,0.15731369166361667,2.1532279899754223,16.810163806603725,2.060781659511834
2026-09-02,2026-09-02 20:00:00+00:00,2027-01-15,385.0,36.15,759656704,GLD   270115C00385000,0.36960985626283366,135,0.9558567952728537,0.03898867687800379,0.23877093909354882,86.9400434587961,402.78,2026-09-02,NSS,continuous_rate,-0.001196933340446035,0.03857268224405938,0.039650787456612456,0.15731369166361667,2.1532279899754223,16.810163806603725,2.060781659511834
2026-09-02,2026-09-02 20:00:00+00:00,2027-01-15,390.0,33.13,759656749,GLD   270115C00390000,0.36960985626283366,135,0.9682705198867869,0.03898867687800379,0.2389070957307704,90.40012377070235,402.78,2026-09-02,NSS,continuous_rate,-0.001196933340446035,0.03857268224405938,0.039650787456612456,0.15731369166361667,2.1532279899754223,16.810163806603725,2.060781659511834
2026-09-02,2026-09-02 20:00:00+00:00,2027-01-15,395.0,30.2,759656782,GLD   270115C00395000,0.36960985626283366,135,0.9806842445007201,0.03898867687800379,0.23819557020133358,93.2043165342297,402.78,2026-09-02,NSS,continuous_rate,-0.001196933340446035,0.03857268224405938,0.039650787456612456,0.15731369166361667,2.1532279899754223,16.810163806603725,2.060781659511834
2026-09-02,2026-09-02 20:00:00+00:00,2027-01-15,400.0,27.5,761418429,GLD   270115C00400000,0.36960985626283366,135,0.9930979691146532,0.03898867687800379,0.23815534718381243,95.35926541731425,402.78,2026-09-02,NSS,continuous_rate,-0.001196933340446035,0.03857268224405938,0.039650787456612456,0.15731369166361667,2.1532279899754223,16.810163806603725,2.060781659511834
2026-09-02,2026-09-02 20:00:00+00:00,2027-01-15,405.0,25.0,764260513,GLD   270115C00405000,0.36960985626283366,135,1.0055116937285864,0.03898867687800379,0.23843510157680137,96.81713214578258,402.78,2026-09-02,NSS,continuous_rate,-0.001196933340446035,0.03857268224405938,0.039650787456612456,0.15731369166361667,2.1532279899754223,16.810163806603725,2.060781659511834
2026-09-02,2026-09-02 20:00:00+00:00,2027-01-15,410.0,22.68,769169487,GLD   270115C00410000,0.36960985626283366,135,1.0179254183425195,0.03898867687800379,0.23883818855164574,97.57036153690626,402.78,2026-09-02,NSS,continuous_rate,-0.001196933340446035,0.03857268224405938,0.039650787456612456,0.15731369166361667,2.1532279899754223,16.810163806603725,2.060781659511834
2026-09-02,2026-09-02 20:00:00+00:00,2027-01-15,415.0,20.48,770772181,GLD   270115C00415000,0.36960985626283366,135,1.0303391429564528,0.03898867687800379,0.23878427536608654,97.63336595973337,402.78,2026-09-02,NSS,continuous_rate,-0.001196933340446035,0.03857268224405938,0.039650787456612456,0.15731369166361667,2.1532279899754223,16.810163806603725,2.060781659511834
2026-09-02,2026-09-02 20:00:00+00:00,2027-01-15,420.0,18.63,772352864,GLD   270115C00420000,0.36960985626283366,135,1.0427528675703859,0.03898867687800379,0.24068284090785314,97.05209355711699,402.78,2026-09-02,NSS,continuous_rate,-0.001196933340446035,0.03857268224405938,0.039650787456612456,0.15731369166361667,2.1532279899754223,16.810163806603725,2.060781659511834
2026-09-02,2026-09-02 20:00:00+00:00,2027-01-15,425.0,16.88,772834192,GLD   270115C00425000,0.36960985626283366,135,1.055166592184319,0.03898867687800379,0.24204747127005832,95.87975449788354,402.78,2026-09-02,NSS,continuous_rate,-0.001196933340446035,0.03857268224405938,0.039650787456612456,0.15731369166361667,2.1532279899754223,16.810163806603725,2.060781659511834
2026-09-02,2026-09-02 20:00:00+00:00,2027-01-15,430.0,15.18,772834250,GLD   270115C00430000,0.36960985626283366,135,1.0675803167982523,0.03898867687800379,0.2424104935490527,94.13550181984117,402.78,2026-09-02,NSS,continuous_rate,-0.001196933340446035,0.03857268224405938,0.039650787456612456,0.15731369166361667,2.1532279899754223,16.810163806603725,2.060781659511834
2026-09-02,2026-09-02 20:00:00+00:00,2027-01-15,435.0,13.7,776885391,GLD   270115C00435000,0.36960985626283366,135,1.0799940414121854,0.03898867687800379,0.24363782177018,91.9438767273353,402.78,2026-09-02,NSS,continuous_rate,-0.001196933340446035,0.03857268224405938,0.039650787456612456,0.15731369166361667,2.1532279899754223,16.810163806603725,2.060781659511834
2026-09-02,2026-09-02 20:00:00+00:00,2027-01-15,440.0,12.35,776885430,GLD   270115C00440000,0.36960985626283366,135,1.0924077660261184,0.03898867687800379,0.24487759221205485,89.35053607517675,402.78,2026-09-02,NSS,continuous_rate,-0.001196933340446035,0.03857268224405938,0.039650787456612456,0.15731369166361667,2.1532279899754223,16.810163806603725,2.060781659511834
2026-09-02,2026-09-02 20:00:00+00:00,2027-01-15,445.0,11.18,776885456,GLD   270115C00445000,0.36960985626283366,135,1.1048214906400518,0.03898867687800379,0.24680583841064946,86.49897657615595,402.78,2026-09-02,NSS,continuous_rate,-0.001196933340446035,0.03857268224405938,0.039650787456612456,0.15731369166361667,2.1532279899754223,16.810163806603725,2.060781659511834
2026-09-02,2026-09-02 20:00:00+00:00,2027-01-15,450.0,10.05,778908528,GLD   270115C00450000,0.36960985626283366,135,1.1172352152539848,0.03898867687800379,0.24792036709757523,83.30053753672607,402.78,2026-09-02,NSS,continuous_rate,-0.001196933340446035,0.03857268224405938,0.039650787456612456,0.15731369166361667,2.1532279899754223,16.810163806603725,2.060781659511834
2026-09-02,2026-09-02 20:00:00+00:00,2027-01-15,455.0,9.1,778908583,GLD   270115C00455000,0.36960985626283366,135,1.1296489398679181,0.03898867687800379,0.24997673278031873,80.03799355873758,402.78,2026-09-02,NSS,continuous_rate,-0.001196933340446035,0.03857268224405938,0.039650787456612456,0.15731369166361667,2.1532279899754223,16.810163806603725,2.060781659511834
2026-09-02,2026-09-02 20:00:00+00:00,2027-01-15,460.0,8.2,778908639,GLD   270115C00460000,0.36960985626283366,135,1.1420626644818512,0.03898867687800379,0.25150722837569195,76.56666811242584,402.78,2026-09-02,NSS,continuous_rate,-0.001196933340446035,0.03857268224405938,0.039650787456612456,0.15731369166361667,2.1532279899754223,16.810163806603725,2.060781659511834
2026-09-02,2026-09-02 20:00:00+00:00,2027-01-15,465.0,7.43,779174794,GLD   270115C00465000,0.36960985626283366,135,1.1544763890957843,0.03898867687800379,0.2536379773047752,73.12967376566611,402.78,2026-09-02,NSS,continuous_rate,-0.001196933340446035,0.03857268224405938,0.039650787456612456,0.15731369166361667,2.1532279899754223,16.810163806603725,2.060781659511834
2026-09-02,2026-09-02 20:00:00+00:00,2027-01-15,470.0,6.7,779174835,GLD   270115C00470000,0.36960985626283366,135,1.1668901137097176,0.03898867687800379,0.2552716148124077,69.56493409707993,402.78,2026-09-02,NSS,continuous_rate,-0.001196933340446035,0.03857268224405938,0.039650787456612456,0.15731369166361667,2.1532279899754223,16.810163806603725,2.060781659511834
2026-09-02,2026-09-02 20:00:00+00:00,2027-01-15,475.0,6.08,813159158,GLD   270115C00475000,0.36960985626283366,135,1.1793038383236507,0.03898867687800379,0.2574920762508177,66.13973988332796,402.78,2026-09-02,NSS,continuous_rate,-0.001196933340446035,0.03857268224405938,0.039650787456612456,0.15731369166361667,2.1532279899754223,16.810163806603725,2.060781659511834
2026-09-02,2026-09-02 20:00:00+00:00,2027-01-15,480.0,5.5,806089172,GLD   270115C00480000,0.36960985626283366,135,1.1917175629375838,0.03898867687800379,0.2593814870747738,62.68264279873698,402.78,2026-09-02,NSS,continuous_rate,-0.001196933340446035,0.03857268224405938,0.039650787456612456,0.15731369166361667,2.1532279899754223,16.810163806603725,2.060781659511834
2026-09-02,2026-09-02 20:00:00+00:00,2027-02-19,325.0,86.55,910574009,GLD   270219C00325000,0.4654346338124572,170,0.8068920999056558,0.03934488504631405,0.2615381355666556,41.46793718048317,402.78,2026-09-02,NSS,continuous_rate,-0.001196933340446035,0.03857268224405938,0.039650787456612456,0.15731369166361667,2.1532279899754223,16.810163806603725,2.060781659511834
2026-09-02,2026-09-02 20:00:00+00:00,2027-02-19,330.0,82.15,910574066,GLD   270219C00330000,0.4654346338124572,170,0.8193058245195889,0.03934488504631405,0.2597657244577073,46.08288162858444,402.78,2026-09-02,NSS,continuous_rate,-0.001196933340446035,0.03857268224405938,0.039650787456612456,0.15731369166361667,2.1532279899754223,16.810163806603725,2.060781659511834
2026-09-02,2026-09-02 20:00:00+00:00,2027-02-19,335.0,77.58,910574121,GLD   270219C00335000,0.4654346338124572,170,0.8317195491335221,0.03934488504631405,0.2532188625889831,49.62685022356812,402.78,2026-09-02,NSS,continuous_rate,-0.001196933340446035,0.03857268224405938,0.039650787456612456,0.15731369166361667,2.1532279899754223,16.810163806603725,2.060781659511834
2026-09-02,2026-09-02 20:00:00+00:00,2027-02-19,340.0,73.38,910574154,GLD   270219C00340000,0.4654346338124572,170,0.8441332737474553,0.03934488504631405,0.252860813473072,54.990528004154605,402.78,2026-09-02,NSS,continuous_rate,-0.001196933340446035,0.03857268224405938,0.039650787456612456,0.15731369166361667,2.1532279899754223,16.810163806603725,2.060781659511834
2026-09-02,2026-09-02 20:00:00+00:00,2027-02-19,345.0,69.0,910574226,GLD   270219C00345000,0.4654346338124572,170,0.8565469983613884,0.03934488504631405,0.2478742861782201,59.30293726327402,402.78,2026-09-02,NSS,continuous_rate,-0.001196933340446035,0.03857268224405938,0.039650787456612456,0.15731369166361667,2.1532279899754223,16.810163806603725,2.060781659511834
2026-09-02,2026-09-02 20:00:00+00:00,2027-02-19,350.0,64.95,910574256,GLD   270219C00350000,0.4654346338124572,170,0.8689607229753216,0.03934488504631405,0.24711987410197034,64.75982219967965,402.78,2026-09-02,NSS,continuous_rate,-0.001196933340446035,0.03857268224405938,0.039650787456612456,0.15731369166361667,2.1532279899754223,16.810163806603725,2.060781659511834
2026-09-02,2026-09-02 20:00:00+00:00,2027-02-19,355.0,60.93,910574319,GLD   270219C00355000,0.4654346338124572,170,0.8813744475892548,0.03934488504631405,0.24527359196385368,69.96311041377722,402.78,2026-09-02,NSS,continuous_rate,-0.001196933340446035,0.03857268224405938,0.039650787456612456,0.15731369166361667,2.1532279899754223,16.810163806603725,2.060781659511834
2026-09-02,2026-09-02 20:00:00+00:00,2027-02-19,360.0,56.98,910574390,GLD   270219C00360000,0.4654346338124572,170,0.893788172203188,0.03934488504631405,0.24300539188506087,75.04151498047396,402.78,2026-09-02,NSS,continuous_rate,-0.001196933340446035,0.03857268224405938,0.039650787456612456,0.15731369166361667,2.1532279899754223,16.810163806603725,2.060781659511834
2026-09-02,2026-09-02 20:00:00+00:00,2027-02-19,365.0,53.08,910574441,GLD   270219C00365000,0.4654346338124572,170,0.906201896817121,0.03934488504631405,0.24006038528801876,79.91586535015463,402.78,2026-09-02,NSS,continuous_rate,-0.001196933340446035,0.03857268224405938,0.039650787456612456,0.15731369166361667,2.1532279899754223,16.810163806603725,2.060781659511834
2026-09-02,2026-09-02 20:00:00+00:00,2027-02-19,370.0,49.5,910574501,GLD   270219C00370000,0.4654346338124572,170,0.9186156214310542,0.03934488504631405,0.23965688853943723,85.02267820956078,402.78,2026-09-02,NSS,continuous_rate,-0.001196933340446035,0.03857268224405938,0.039650787456612456,0.15731369166361667,2.1532279899754223,16.810163806603725,2.060781659511834
2026-09-02,2026-09-02 20:00:00+00:00,2027-02-19,375.0,46.0,910574551,GLD   270219C00375000,0.4654346338124572,170,0.9310293460449874,0.03934488504631405,0.2386394389760681,89.73123202684181,402.78,2026-09-02,NSS,continuous_rate,-0.001196933340446035,0.03857268224405938,0.039650787456612456,0.15731369166361667,2.1532279899754223,16.810163806603725,2.060781659511834
2026-09-02,2026-09-02 20:00:00+00:00,2027-02-19,380.0,42.63,910574599,GLD   270219C00380000,0.4654346338124572,170,0.9434430706589205,0.03934488504631405,0.23757712850151586,94.06946941051817,402.78,2026-09-02,NSS,continuous_rate,-0.001196933340446035,0.03857268224405938,0.039650787456612456,0.15731369166361667,2.1532279899754223,16.810163806603725,2.060781659511834
2026-09-02,2026-09-02 20:00:00+00:00,2027-02-19,385.0,39.45,910574644,GLD   270219C00385000,0.4654346338124572,170,0.9558567952728537,0.03934488504631405,0.23704192674858493,98.00979534426556,402.78,2026-09-02,NSS,continuous_rate,-0.001196933340446035,0.03857268224405938,0.039650787456612456,0.15731369166361667,2.1532279899754223,16.810163806603725,2.060781659511834
2026-09-02,2026-09-02 20:00:00+00:00,2027-02-19,390.0,36.4,910574719,GLD   270219C00390000,0.4654346338124572,170,0.9682705198867869,0.03934488504631405,0.236351048227679,101.43107715284391,402.78,2026-09-02,NSS,continuous_rate,-0.001196933340446035,0.03857268224405938,0.039650787456612456,0.15731369166361667,2.1532279899754223,16.810163806603725,2.060781659511834
2026-09-02,2026-09-02 20:00:00+00:00,2027-02-19,395.0,33.55,910574800,GLD   270219C00395000,0.4654346338124572,170,0.9806842445007201,0.03934488504631405,0.2361672647065483,104.30935893209036,402.78,2026-09-02,NSS,continuous_rate,-0.001196933340446035,0.03857268224405938,0.039650787456612456,0.15731369166361667,2.1532279899754223,16.810163806603725,2.060781659511834
2026-09-02,2026-09-02 20:00:00+00:00,2027-02-19,400.0,30.85,910574851,GLD   270219C00400000,0.4654346338124572,170,0.9930979691146532,0.03934488504631405,0.2359738515025936,106.5817766784483,402.78,2026-09-02,NSS,continuous_rate,-0.001196933340446035,0.03857268224405938,0.039650787456612456,0.15731369166361667,2.1532279899754223,16.810163806603725,2.060781659511834
2026-09-02,2026-09-02 20:00:00+00:00,2027-02-19,405.0,28.38,910574896,GLD   270219C00405000,0.4654346338124572,170,1.0055116937285864,0.03934488504631405,0.23651226625414565,108.22836360186761,402.78,2026-09-02,NSS,continuous_rate,-0.001196933340446035,0.03857268224405938,0.039650787456612456,0.15731369166361667,2.1532279899754223,16.810163806603725,2.060781659511834
2026-09-02,2026-09-02 20:00:00+00:00,2027-02-19,410.0,26.08,910574987,GLD   270219C00410000,0.4654346338124572,170,1.0179254183425195,0.03934488504631405,0.23722269284492353,109.23565831451236,402.78,2026-09-02,NSS,continuous_rate,-0.001196933340446035,0.03857268224405938,0.039650787456612456,0.15731369166361667,2.1532279899754223,16.810163806603725,2.060781659511834
2026-09-02,2026-09-02 20:00:00+00:00,2027-02-19,415.0,23.83,910575057,GLD   270219C00415000,0.4654346338124572,170,1.0303391429564528,0.03934488504631405,0.2370385554282926,109.61970368459154,402.78,2026-09-02,NSS,continuous_rate,-0.001196933340446035,0.03857268224405938,0.039650787456612456,0.15731369166361667,2.1532279899754223,16.810163806603725,2.060781659511834
2026-09-02,2026-09-02 20:00:00+00:00,2027-02-19,420.0,21.88,910575124,GLD   270219C00420000,0.4654346338124572,170,1.0427528675703859,0.03934488504631405,0.23827908022636551,109.40293567633692,402.78,2026-09-02,NSS,continuous_rate,-0.001196933340446035,0.03857268224405938,0.039650787456612456,0.15731369166361667,2.1532279899754223,16.810163806603725,2.060781659511834
2026-09-02,2026-09-02 20:00:00+00:00,2027-02-19,425.0,19.95,910575199,GLD   270219C00425000,0.4654346338124572,170,1.055166592184319,0.03934488504631405,0.23842849863180893,108.61214877645854,402.78,2026-09-02,NSS,continuous_rate,-0.001196933340446035,0.03857268224405938,0.039650787456612456,0.15731369166361667,2.1532279899754223,16.810163806603725,2.060781659511834
2026-09-02,2026-09-02 20:00:00+00:00,2027-02-19,430.0,18.25,910575264,GLD   270219C00430000,0.4654346338124572,170,1.0675803167982523,0.03934488504631405,0.23946234845770525,107.31154162394542,402.78,2026-09-02,NSS,continuous_rate,-0.001196933340446035,0.03857268224405938,0.039650787456612456,0.15731369166361667,2.1532279899754223,16.810163806603725,2.060781659511834
2026-09-02,2026-09-02 20:00:00+00:00,2027-02-19,435.0,16.65,910575329,GLD   270219C00435000,0.4654346338124572,170,1.0799940414121854,0.03934488504631405,0.24024093718444928,105.53191845888887,402.78,2026-09-02,NSS,continuous_rate,-0.001196933340446035,0.03857268224405938,0.039650787456612456,0.15731369166361667,2.1532279899754223,16.810163806603725,2.060781659511834
2026-09-02,2026-09-02 20:00:00+00:00,2027-02-19,440.0,15.25,910575386,GLD   270219C00440000,0.4654346338124572,170,1.0924077660261184,0.03934488504631405,0.24177873420277618,103.38531872066108,402.78,2026-09-02,NSS,continuous_rate,-0.001196933340446035,0.03857268224405938,0.039650787456612456,0.15731369166361667,2.1532279899754223,16.810163806603725,2.060781659511834
2026-09-02,2026-09-02 20:00:00+00:00,2027-02-19,445.0,13.98,910575458,GLD   270219C00445000,0.4654346338124572,170,1.1048214906400518,0.03934488504631405,0.243501655819919,100.92043610093954,402.78,2026-09-02,NSS,continuous_rate,-0.001196933340446035,0.03857268224405938,0.039650787456612456,0.15731369166361667,2.1532279899754223,16.810163806603725,2.060781659511834
2026-09-02,2026-09-02 20:00:00+00:00,2027-02-19,450.0,12.7,910575511,GLD   270219C00450000,0.4654346338124572,170,1.1172352152539848,0.03934488504631405,0.24407129719285298,98.04430448794136,402.78,2026-09-02,NSS,continuous_rate,-0.001196933340446035,0.03857268224405938,0.039650787456612456,0.15731369166361667,2.1532279899754223,16.810163806603725,2.060781659511834
2026-09-02,2026-09-02 20:00:00+00:00,2027-02-19,455.0,11.63,910575565,GLD   270219C00455000,0.4654346338124572,170,1.1296489398679181,0.03934488504631405,0.24576680122176187,95.05666986651008,402.78,2026-09-02,NSS,continuous_rate,-0.001196933340446035,0.03857268224405938,0.039650787456612456,0.15731369166361667,2.1532279899754223,16.810163806603725,2.060781659511834
2026-09-02,2026-09-02 20:00:00+00:00,2027-02-19,460.0,10.6,910575627,GLD   270219C00460000,0.4654346338124572,170,1.1420626644818512,0.03934488504631405,0.24692331309067084,91.80687469382333,402.78,2026-09-02,NSS,continuous_rate,-0.001196933340446035,0.03857268224405938,0.039650787456612456,0.15731369166361667,2.1532279899754223,16.810163806603725,2.060781659511834
2026-09-02,2026-09-02 20:00:00+00:00,2027-02-19,465.0,9.7,910575677,GLD   270219C00465000,0.4654346338124572,170,1.1544763890957843,0.03934488504631405,0.2485720190961846,88.50121821974145,402.78,2026-09-02,NSS,continuous_rate,-0.001196933340446035,0.03857268224405938,0.039650787456612456,0.15731369166361667,2.1532279899754223,16.810163806603725,2.060781659511834
2026-09-02,2026-09-02 20:00:00+00:00,2027-02-19,470.0,8.93,910575731,GLD   270219C00470000,0.4654346338124572,170,1.1668901137097176,0.03934488504631405,0.2508442796601914,85.24240694379955,402.78,2026-09-02,NSS,continuous_rate,-0.001196933340446035,0.03857268224405938,0.039650787456612456,0.15731369166361667,2.1532279899754223,16.810163806603725,2.060781659511834
2026-09-02,2026-09-02 20:00:00+00:00,2027-02-19,475.0,8.15,910575787,GLD   270219C00475000,0.4654346338124572,170,1.1793038383236507,0.03934488504631405,0.25217972295666113,81.74166972839643,402.78,2026-09-02,NSS,continuous_rate,-0.001196933340446035,0.03857268224405938,0.039650787456612456,0.15731369166361667,2.1532279899754223,16.810163806603725,2.060781659511834
2026-09-02,2026-09-02 20:00:00+00:00,2027-02-19,480.0,7.45,910575836,GLD   270219C00480000,0.4654346338124572,170,1.1917175629375838,0.03934488504631405,0.2536765612273477,78.25250275427028,402.78,2026-09-02,NSS,continuous_rate,-0.001196933340446035,0.03857268224405938,0.039650787456612456,0.15731369166361667,2.1532279899754223,16.810163806603725,2.060781659511834
2026-09-02,2026-09-02 20:00:00+00:00,2027-03-19,325.0,88.3,848877380,GLD   270319C00325000,0.5420944558521561,198,0.8068920999056558,0.03961349815592289,0.2607241759159603,49.141441082996984,402.78,2026-09-02,NSS,continuous_rate,-0.001196933340446035,0.03857268224405938,0.039650787456612456,0.15731369166361667,2.1532279899754223,16.810163806603725,2.060781659511834
2026-09-02,2026-09-02 20:00:00+00:00,2027-03-19,330.0,83.9,848877447,GLD   270319C00330000,0.5420944558521561,198,0.8193058245195889,0.03961349815592289,0.2574426892024465,53.52327335749662,402.78,2026-09-02,NSS,continuous_rate,-0.001196933340446035,0.03857268224405938,0.039650787456612456,0.15731369166361667,2.1532279899754223,16.810163806603725,2.060781659511834
2026-09-02,2026-09-02 20:00:00+00:00,2027-03-19,335.0,79.65,848877502,GLD   270319C00335000,0.5420944558521561,198,0.8317195491335221,0.03961349815592289,0.2557785561470315,58.513728571970674,402.78,2026-09-02,NSS,continuous_rate,-0.001196933340446035,0.03857268224405938,0.039650787456612456,0.15731369166361667,2.1532279899754223,16.810163806603725,2.060781659511834
2026-09-02,2026-09-02 20:00:00+00:00,2027-03-19,340.0,75.4,848877540,GLD   270319C00340000,0.5420944558521561,198,0.8441332737474553,0.03961349815592289,0.25290970693035053,63.300381295374564,402.78,2026-09-02,NSS,continuous_rate,-0.001196933340446035,0.03857268224405938,0.039650787456612456,0.15731369166361667,2.1532279899754223,16.810163806603725,2.060781659511834
2026-09-02,2026-09-02 20:00:00+00:00,2027-03-19,345.0,71.25,848877588,GLD   270319C00345000,0.5420944558521561,198,0.8565469983613884,0.03961349815592289,0.25048144364198677,68.2958192499201,402.78,2026-09-02,NSS,continuous_rate,-0.001196933340446035,0.03857268224405938,0.039650787456612456,0.15731369166361667,2.1532279899754223,16.810163806603725,2.060781659511834
2026-09-02,2026-09-02 20:00:00+00:00,2027-03-19,350.0,67.15,848877633,GLD   270319C00350000,0.5420944558521561,198,0.8689607229753216,0.03961349815592289,0.2476467872497626,73.24520978053236,402.78,2026-09-02,NSS,continuous_rate,-0.001196933340446035,0.03857268224405938,0.039650787456612456,0.15731369166361667,2.1532279899754223,16.810163806603725,2.060781659511834
2026-09-02,2026-09-02 20:00:00+00:00,2027-03-19,355.0,63.2,848877673,GLD   270319C00355000,0.5420944558521561,198,0.8813744475892548,0.03961349815592289,0.24568880451610314,78.39657520785089,402.78,2026-09-02,NSS,continuous_rate,-0.001196933340446035,0.03857268224405938,0.039650787456612456,0.15731369166361667,2.1532279899754223,16.810163806603725,2.060781659511834
2026-09-02,2026-09-02 20:00:00+00:00,2027-03-19,360.0,59.35,848877733,GLD   270319C00360000,0.5420944558521561,198,0.893788172203188,0.03961349815592289,0.2437801622656174,83.48776256148992,402.78,2026-09-02,NSS,continuous_rate,-0.001196933340446035,0.03857268224405938,0.039650787456612456,0.15731369166361667,2.1532279899754223,16.810163806603725,2.060781659511834
2026-09-02,2026-09-02 20:00:00+00:00,2027-03-19,365.0,55.65,848877783,GLD   270319C00365000,0.5420944558521561,198,0.906201896817121,0.03961349815592289,0.2424145447212272,88.53827741655913,402.78,2026-09-02,NSS,continuous_rate,-0.001196933340446035,0.03857268224405938,0.039650787456612456,0.15731369166361667,2.1532279899754223,16.810163806603725,2.060781659511834
2026-09-02,2026-09-02 20:00:00+00:00,2027-03-19,370.0,52.03,848877838,GLD   270319C00370000,0.5420944558521561,198,0.9186156214310542,0.03961349815592289,0.24069997690049932,93.3249602607452,402.78,2026-09-02,NSS,continuous_rate,-0.001196933340446035,0.03857268224405938,0.039650787456612456,0.15731369166361667,2.1532279899754223,16.810163806603725,2.060781659511834
2026-09-02,2026-09-02 20:00:00+00:00,2027-03-19,375.0,48.6,848877898,GLD   270319C00375000,0.5420944558521561,198,0.9310293460449874,0.03961349815592289,0.23975991869522262,97.93839838397477,402.78,2026-09-02,NSS,continuous_rate,-0.001196933340446035,0.03857268224405938,0.039650787456612456,0.15731369166361667,2.1532279899754223,16.810163806603725,2.060781659511834
2026-09-02,2026-09-02 20:00:00+00:00,2027-03-19,380.0,45.3,848877958,GLD   270319C00380000,0.5420944558521561,198,0.9434430706589205,0.03961349815592289,0.23886423712307592,102.19805324309947,402.78,2026-09-02,NSS,continuous_rate,-0.001196933340446035,0.03857268224405938,0.039650787456612456,0.15731369166361667,2.1532279899754223,16.810163806603725,2.060781659511834
2026-09-02,2026-09-02 20:00:00+00:00,2027-03-19,385.0,42.15,848877995,GLD   270319C00385000,0.5420944558521561,198,0.9558567952728537,0.03961349815592289,0.2381642225104384,106.05607425936653,402.78,2026-09-02,NSS,continuous_rate,-0.001196933340446035,0.03857268224405938,0.039650787456612456,0.15731369166361667,2.1532279899754223,16.810163806603725,2.060781659511834
2026-09-02,2026-09-02 20:00:00+00:00,2027-03-19,390.0,39.23,848878035,GLD   270319C00390000,0.5420944558521561,198,0.9682705198867869,0.03961349815592289,0.2383468605277129,109.47927227240217,402.78,2026-09-02,NSS,continuous_rate,-0.001196933340446035,0.03857268224405938,0.039650787456612456,0.15731369166361667,2.1532279899754223,16.810163806603725,2.060781659511834
2026-09-02,2026-09-02 20:00:00+00:00,2027-03-19,395.0,36.3,848878088,GLD   270319C00395000,0.5420944558521561,198,0.9806842445007201,0.03961349815592289,0.23719116820627828,112.33233883314205,402.78,2026-09-02,NSS,continuous_rate,-0.001196933340446035,0.03857268224405938,0.039650787456612456,0.15731369166361667,2.1532279899754223,16.810163806603725,2.060781659511834
2026-09-02,2026-09-02 20:00:00+00:00,2027-03-19,400.0,33.65,848878142,GLD   270319C00400000,0.5420944558521561,198,0.9930979691146532,0.03961349815592289,0.23730958350328732,114.67111250520037,402.78,2026-09-02,NSS,continuous_rate,-0.001196933340446035,0.03857268224405938,0.039650787456612456,0.15731369166361667,2.1532279899754223,16.810163806603725,2.060781659511834
2026-09-02,2026-09-02 20:00:00+00:00,2027-03-19,405.0,31.15,848878207,GLD   270319C00405000,0.5420944558521561,198,1.0055116937285864,0.03961349815592289,0.23751641679713503,116.43219117977854,402.78,2026-09-02,NSS,continuous_rate,-0.001196933340446035,0.03857268224405938,0.039650787456612456,0.15731369166361667,2.1532279899754223,16.810163806603725,2.060781659511834
2026-09-02,2026-09-02 20:00:00+00:00,2027-03-19,410.0,28.8,848878259,GLD   270319C00410000,0.5420944558521561,198,1.0179254183425195,0.03961349815592289,0.23782204281380404,117.61116003824553,402.78,2026-09-02,NSS,continuous_rate,-0.001196933340446035,0.03857268224405938,0.039650787456612456,0.15731369166361667,2.1532279899754223,16.810163806603725,2.060781659511834
2026-09-02,2026-09-02 20:00:00+00:00,2027-03-19,415.0,26.58,848878307,GLD   270319C00415000,0.5420944558521561,198,1.0303391429564528,0.03961349815592289,0.2380754785572179,118.21542854088436,402.78,2026-09-02,NSS,continuous_rate,-0.001196933340446035,0.03857268224405938,0.039650787456612456,0.15731369166361667,2.1532279899754223,16.810163806603725,2.060781659511834
2026-09-02,2026-09-02 20:00:00+00:00,2027-03-19,420.0,24.53,848878345,GLD   270319C00420000,0.5420944558521561,198,1.0427528675703859,0.03961349815592289,0.23864108738405632,118.26134872156508,402.78,2026-09-02,NSS,continuous_rate,-0.001196933340446035,0.03857268224405938,0.039650787456612456,0.15731369166361667,2.1532279899754223,16.810163806603725,2.060781659511834
2026-09-02,2026-09-02 20:00:00+00:00,2027-03-19,425.0,22.53,848878379,GLD   270319C00425000,0.5420944558521561,198,1.055166592184319,0.03961349815592289,0.23853362422147767,117.76816359318023,402.78,2026-09-02,NSS,continuous_rate,-0.001196933340446035,0.03857268224405938,0.039650787456612456,0.15731369166361667,2.1532279899754223,16.810163806603725,2.060781659511834
2026-09-02,2026-09-02 20:00:00+00:00,2027-03-19,430.0,20.83,848878413,GLD   270319C00430000,0.5420944558521561,198,1.0675803167982523,0.03961349815592289,0.23991459896797324,116.79768332294115,402.78,2026-09-02,NSS,continuous_rate,-0.001196933340446035,0.03857268224405938,0.039650787456612456,0.15731369166361667,2.1532279899754223,16.810163806603725,2.060781659511834
2026-09-02,2026-09-02 20:00:00+00:00,2027-03-19,435.0,19.1,848878462,GLD   270319C00435000,0.5420944558521561,198,1.0799940414121854,0.03961349815592289,0.24001214374350383,115.33556962623317,402.78,2026-09-02,NSS,continuous_rate,-0.001196933340446035,0.03857268224405938,0.039650787456612456,0.15731369166361667,2.1532279899754223,16.810163806603725,2.060781659511834
2026-09-02,2026-09-02 20:00:00+00:00,2027-03-19,440.0,17.6,848878514,GLD   270319C00440000,0.5420944558521561,198,1.0924077660261184,0.03961349815592289,0.2411076645168476,113.4972000698089,402.78,2026-09-02,NSS,continuous_rate,-0.001196933340446035,0.03857268224405938,0.039650787456612456,0.15731369166361667,2.1532279899754223,16.810163806603725,2.060781659511834
2026-09-02,2026-09-02 20:00:00+00:00,2027-03-19,445.0,16.23,848878548,GLD   270319C00445000,0.5420944558521561,198,1.1048214906400518,0.03961349815592289,0.2424042538126,111.31941983558846,402.78,2026-09-02,NSS,continuous_rate,-0.001196933340446035,0.03857268224405938,0.039650787456612456,0.15731369166361667,2.1532279899754223,16.810163806603725,2.060781659511834
2026-09-02,2026-09-02 20:00:00+00:00,2027-03-19,450.0,14.93,848878603,GLD   270319C00450000,0.5420944558521561,198,1.1172352152539848,0.03961349815592289,0.24341823892528197,108.81032058032737,402.78,2026-09-02,NSS,continuous_rate,-0.001196933340446035,0.03857268224405938,0.039650787456612456,0.15731369166361667,2.1532279899754223,16.810163806603725,2.060781659511834
2026-09-02,2026-09-02 20:00:00+00:00,2027-03-19,455.0,13.75,848878642,GLD   270319C00455000,0.5420944558521561,198,1.1296489398679181,0.03961349815592289,0.2446554948464968,106.06210040656333,402.78,2026-09-02,NSS,continuous_rate,-0.001196933340446035,0.03857268224405938,0.039650787456612456,0.15731369166361667,2.1532279899754223,16.810163806603725,2.060781659511834
2026-09-02,2026-09-02 20:00:00+00:00,2027-03-19,460.0,12.65,848878676,GLD   270319C00460000,0.5420944558521561,198,1.1420626644818512,0.03961349815592289,0.24580255398033185,103.08586217302651,402.78,2026-09-02,NSS,continuous_rate,-0.001196933340446035,0.03857268224405938,0.039650787456612456,0.15731369166361667,2.1532279899754223,16.810163806603725,2.060781659511834
2026-09-02,2026-09-02 20:00:00+00:00,2027-03-19,465.0,11.68,848878710,GLD   270319C00465000,0.5420944558521561,198,1.1544763890957843,0.03961349815592289,0.24740806610872973,100.01494995310782,402.78,2026-09-02,NSS,continuous_rate,-0.001196933340446035,0.03857268224405938,0.039650787456612456,0.15731369166361667,2.1532279899754223,16.810163806603725,2.060781659511834
2026-09-02,2026-09-02 20:00:00+00:00,2027-03-19,470.0,10.75,848878756,GLD   270319C00470000,0.5420944558521561,198,1.1668901137097176,0.03961349815592289,0.2486445862998255,96.7531035418244,402.78,2026-09-02,NSS,continuous_rate,-0.001196933340446035,0.03857268224405938,0.039650787456612456,0.15731369166361667,2.1532279899754223,16.810163806603725,2.060781659511834
2026-09-02,2026-09-02 20:00:00+00:00,2027-03-19,475.0,9.95,848878797,GLD   270319C00475000,0.5420944558521561,198,1.1793038383236507,0.03961349815592289,0.25049369960194456,93.53010628815532,402.78,2026-09-02,NSS,continuous_rate,-0.001196933340446035,0.03857268224405938,0.039650787456612456,0.15731369166361667,2.1532279899754223,16.810163806603725,2.060781659511834
2026-09-02,2026-09-02 20:00:00+00:00,2027-03-19,480.0,9.18,848878836,GLD   270319C00480000,0.5420944558521561,198,1.1917175629375838,0.03961349815592289,0.25197071972461416,90.17637751931808,402.78,2026-09-02,NSS,continuous_rate,-0.001196933340446035,0.03857268224405938,0.039650787456612456,0.15731369166361667,2.1532279899754223,16.810163806603725,2.060781659511834
2026-09-02,2026-09-02 20:00:00+00:00,2027-03-31,325.0,88.7,870310661,GLD   270331C00325000,0.5749486652977412,210,0.8068920999056558,0.039724359681970654,0.2535928928806447,50.261089846314576,402.78,2026-09-02,NSS,continuous_rate,-0.001196933340446035,0.03857268224405938,0.039650787456612456,0.15731369166361667,2.1532279899754223,16.810163806603725,2.060781659511834
2026-09-02,2026-09-02 20:00:00+00:00,2027-03-31,330.0,84.93,870310683,GLD   270331C00330000,0.5749486652977412,210,0.8193058245195889,0.039724359681970654,0.2615538466642612,57.942377278558965,402.78,2026-09-02,NSS,continuous_rate,-0.001196933340446035,0.03857268224405938,0.039650787456612456,0.15731369166361667,2.1532279899754223,16.810163806603725,2.060781659511834
2026-09-02,2026-09-02 20:00:00+00:00,2027-03-31,335.0,80.6,870310701,GLD   270331C00335000,0.5749486652977412,210,0.8317195491335221,0.039724359681970654,0.2577532697561198,62.36267767114805,402.78,2026-09-02,NSS,continuous_rate,-0.001196933340446035,0.03857268224405938,0.039650787456612456,0.15731369166361667,2.1532279899754223,16.810163806603725,2.060781659511834
2026-09-02,2026-09-02 20:00:00+00:00,2027-03-31,340.0,76.18,870310731,GLD   270331C00340000,0.5749486652977412,210,0.8441332737474553,0.039724359681970654,0.251764920178149,66.33701276239142,402.78,2026-09-02,NSS,continuous_rate,-0.001196933340446035,0.03857268224405938,0.039650787456612456,0.15731369166361667,2.1532279899754223,16.810163806603725,2.060781659511834
2026-09-02,2026-09-02 20:00:00+00:00,2027-03-31,345.0,72.22,870310741,GLD   270331C00345000,0.5749486652977412,210,0.8565469983613884,0.039724359681970654,0.2516589284758084,71.93687433063086,402.78,2026-09-02,NSS,continuous_rate,-0.001196933340446035,0.03857268224405938,0.039650787456612456,0.15731369166361667,2.1532279899754223,16.810163806603725,2.060781659511834
2026-09-02,2026-09-02 20:00:00+00:00,2027-03-31,350.0,68.15,870310761,GLD   270331C00350000,0.5749486652977412,210,0.8689607229753216,0.039724359681970654,0.2487901677330025,76.8583593871474,402.78,2026-09-02,NSS,continuous_rate,-0.001196933340446035,0.03857268224405938,0.039650787456612456,0.15731369166361667,2.1532279899754223,16.810163806603725,2.060781659511834
2026-09-02,2026-09-02 20:00:00+00:00,2027-03-31,355.0,64.25,870310786,GLD   270331C00355000,0.5749486652977412,210,0.8813744475892548,0.039724359681970654,0.24702650156812744,82.01513397715436,402.78,2026-09-02,NSS,continuous_rate,-0.001196933340446035,0.03857268224405938,0.039650787456612456,0.15731369166361667,2.1532279899754223,16.810163806603725,2.060781659511834
2026-09-02,2026-09-02 20:00:00+00:00,2027-03-31,360.0,60.43,870310797,GLD   270331C00360000,0.5749486652977412,210,0.893788172203188,0.039724359681970654,0.2450809983073734,87.04915124808723,402.78,2026-09-02,NSS,continuous_rate,-0.001196933340446035,0.03857268224405938,0.039650787456612456,0.15731369166361667,2.1532279899754223,16.810163806603725,2.060781659511834
2026-09-02,2026-09-02 20:00:00+00:00,2027-03-31,365.0,56.73,870310821,GLD   270331C00365000,0.5749486652977412,210,0.906201896817121,0.039724359681970654,0.2433627797751688,91.9850219836003,402.78,2026-09-02,NSS,continuous_rate,-0.001196933340446035,0.03857268224405938,0.039650787456612456,0.15731369166361667,2.1532279899754223,16.810163806603725,2.060781659511834
2026-09-02,2026-09-02 20:00:00+00:00,2027-03-31,370.0,52.95,870310854,GLD   270331C00370000,0.5749486652977412,210,0.9186156214310542,0.039724359681970654,0.23971655718339607,96.45661986780487,402.78,2026-09-02,NSS,continuous_rate,-0.001196933340446035,0.03857268224405938,0.039650787456612456,0.15731369166361667,2.1532279899754223,16.810163806603725,2.060781659511834
2026-09-02,2026-09-02 20:00:00+00:00,2027-03-31,375.0,49.73,870310872,GLD   270331C00375000,0.5749486652977412,210,0.9310293460449874,0.039724359681970654,0.24068403297690677,101.28029133926687,402.78,2026-09-02,NSS,continuous_rate,-0.001196933340446035,0.03857268224405938,0.039650787456612456,0.15731369166361667,2.1532279899754223,16.810163806603725,2.060781659511834
2026-09-02,2026-09-02 20:00:00+00:00,2027-03-31,380.0,46.43,870310901,GLD   270331C00380000,0.5749486652977412,210,0.9434430706589205,0.039724359681970654,0.239578379616607,105.47873345843291,402.78,2026-09-02,NSS,continuous_rate,-0.001196933340446035,0.03857268224405938,0.039650787456612456,0.15731369166361667,2.1532279899754223,16.810163806603725,2.060781659511834
2026-09-02,2026-09-02 20:00:00+00:00,2027-03-31,381.0,45.83,870310920,GLD   270331C00381000,0.5749486652977412,210,0.9459258155817072,0.039724359681970654,0.23978315472872927,106.30647516144339,402.78,2026-09-02,NSS,continuous_rate,-0.001196933340446035,0.03857268224405938,0.039650787456612456,0.15731369166361667,2.1532279899754223,16.810163806603725,2.060781659511834
2026-09-02,2026-09-02 20:00:00+00:00,2027-03-31,382.0,45.2,870310944,GLD   270331C00382000,0.5749486652977412,210,0.9484085605044938,0.039724359681970654,0.23965512837497518,107.08934271364757,402.78,2026-09-02,NSS,continuous_rate,-0.001196933340446035,0.03857268224405938,0.039650787456612456,0.15731369166361667,2.1532279899754223,16.810163806603725,2.060781659511834
2026-09-02,2026-09-02 20:00:00+00:00,2027-03-31,383.0,44.6,870310971,GLD   270331C00383000,0.5749486652977412,210,0.9508913054272805,0.039724359681970654,0.23975771150486547,107.87087782208373,402.78,2026-09-02,NSS,continuous_rate,-0.001196933340446035,0.03857268224405938,0.039650787456612456,0.15731369166361667,2.1532279899754223,16.810163806603725,2.060781659511834
2026-09-02,2026-09-02 20:00:00+00:00,2027-03-31,384.0,43.9,870310999,GLD   270331C00384000,0.5749486652977412,210,0.9533740503500671,0.039724359681970654,0.23888891667770223,108.56958787669731,402.78,2026-09-02,NSS,continuous_rate,-0.001196933340446035,0.03857268224405938,0.039650787456612456,0.15731369166361667,2.1532279899754223,16.810163806603725,2.060781659511834
2026-09-02,2026-09-02 20:00:00+00:00,2027-03-31,385.0,43.3,870311024,GLD   270331C00385000,0.5749486652977412,210,0.9558567952728537,0.039724359681970654,0.23889758711745962,109.31007734733699,402.78,2026-09-02,NSS,continuous_rate,-0.001196933340446035,0.03857268224405938,0.039650787456612456,0.15731369166361667,2.1532279899754223,16.810163806603725,2.060781659511834
2026-09-02,2026-09-02 20:00:00+00:00,2027-03-31,386.0,42.53,870311057,GLD   270331C00386000,0.5749486652977412,210,0.9583395401956404,0.039724359681970654,0.2373116789371707,109.94037332165608,402.78,2026-09-02,NSS,continuous_rate,-0.001196933340446035,0.03857268224405938,0.039650787456612456,0.15731369166361667,2.1532279899754223,16.810163806603725,2.060781659511834
2026-09-02,2026-09-02 20:00:00+00:00,2027-03-31,387.0,42.13,870311074,GLD   270331C00387000,0.5749486652977412,210,0.960822285118427,0.039724359681970654,0.23903999280417343,110.73857075244644,402.78,2026-09-02,NSS,continuous_rate,-0.001196933340446035,0.03857268224405938,0.039650787456612456,0.15731369166361667,2.1532279899754223,16.810163806603725,2.060781659511834
2026-09-02,2026-09-02 20:00:00+00:00,2027-03-31,388.0,41.53,870311105,GLD   270331C00388000,0.5749486652977412,210,0.9633050300412136,0.039724359681970654,0.2389028210456483,111.4121030695413,402.78,2026-09-02,NSS,continuous_rate,-0.001196933340446035,0.03857268224405938,0.039650787456612456,0.15731369166361667,2.1532279899754223,16.810163806603725,2.060781659511834
2026-09-02,2026-09-02 20:00:00+00:00,2027-03-31,389.0,40.95,870311125,GLD   270331C00389000,0.5749486652977412,210,0.9657877749640003,0.039724359681970654,0.23889767093481498,112.07228110272884,402.78,2026-09-02,NSS,continuous_rate,-0.001196933340446035,0.03857268224405938,0.039650787456612456,0.15731369166361667,2.1532279899754223,16.810163806603725,2.060781659511834
2026-09-02,2026-09-02 20:00:00+00:00,2027-03-31,390.0,40.28,870311154,GLD   270331C00390000,0.5749486652977412,210,0.9682705198867869,0.039724359681970654,0.23804611454373226,112.67818179695459,402.78,2026-09-02,NSS,continuous_rate,-0.001196933340446035,0.03857268224405938,0.039650787456612456,0.15731369166361667,2.1532279899754223,16.810163806603725,2.060781659511834
2026-09-02,2026-09-02 20:00:00+00:00,2027-03-31,391.0,39.6,870311180,GLD   270331C00391000,0.5749486652977412,210,0.9707532648095736,0.039724359681970654,0.23706774249402807,113.2647977645351,402.78,2026-09-02,NSS,continuous_rate,-0.001196933340446035,0.03857268224405938,0.039650787456612456,0.15731369166361667,2.1532279899754223,16.810163806603725,2.060781659511834
2026-09-02,2026-09-02 20:00:00+00:00,2027-03-31,392.0,39.23,870311204,GLD   270331C00392000,0.5749486652977412,210,0.9732360097323601,0.039724359681970654,0.2387740310226567,113.92590508634221,402.78,2026-09-02,NSS,continuous_rate,-0.001196933340446035,0.03857268224405938,0.039650787456612456,0.15731369166361667,2.1532279899754223,16.810163806603725,2.060781659511834
2026-09-02,2026-09-02 20:00:00+00:00,2027-03-31,393.0,38.63,870311231,GLD   270331C00393000,0.5749486652977412,210,0.9757187546551468,0.039724359681970654,0.23840647329343484,114.49299694404402,402.78,2026-09-02,NSS,continuous_rate,-0.001196933340446035,0.03857268224405938,0.039650787456612456,0.15731369166361667,2.1532279899754223,16.810163806603725,2.060781659511834
2026-09-02,2026-09-02 20:00:00+00:00,2027-03-31,394.0,38.08,870311251,GLD   270331C00394000,0.5749486652977412,210,0.9782014995779335,0.039724359681970654,0.23843011910067874,115.05134339751874,402.78,2026-09-02,NSS,continuous_rate,-0.001196933340446035,0.03857268224405938,0.039650787456612456,0.15731369166361667,2.1532279899754223,16.810163806603725,2.060781659511834
2026-09-02,2026-09-02 20:00:00+00:00,2027-03-31,395.0,37.42,870311279,GLD   270331C00395000,0.5749486652977412,210,0.9806842445007201,0.039724359681970654,0.23745500661479307,115.5653041403594,402.78,2026-09-02,NSS,continuous_rate,-0.001196933340446035,0.03857268224405938,0.039650787456612456,0.15731369166361667,2.1532279899754223,16.810163806603725,2.060781659511834
2026-09-02,2026-09-02 20:00:00+00:00,2027-03-31,396.0,36.88,870311307,GLD   270331C00396000,0.5749486652977412,210,0.9831669894235067,0.039724359681970654,0.23747568156244236,116.08324316077302,402.78,2026-09-02,NSS,continuous_rate,-0.001196933340446035,0.03857268224405938,0.039650787456612456,0.15731369166361667,2.1532279899754223,16.810163806603725,2.060781659511834
2026-09-02,2026-09-02 20:00:00+00:00,2027-03-31,397.0,36.35,870311331,GLD   270331C00397000,0.5749486652977412,210,0.9856497343462933,0.039724359681970654,0.23753544333679605,116.57982940124727,402.78,2026-09-02,NSS,continuous_rate,-0.001196933340446035,0.03857268224405938,0.039650787456612456,0.15731369166361667,2.1532279899754223,16.810163806603725,2.060781659511834
2026-09-02,2026-09-02 20:00:00+00:00,2027-03-31,398.0,35.78,870311352,GLD   270331C00398000,0.5749486652977412,210,0.98813247926908,0.039724359681970654,0.23720671166917312,117.04847801121102,402.78,2026-09-02,NSS,continuous_rate,-0.001196933340446035,0.03857268224405938,0.039650787456612456,0.15731369166361667,2.1532279899754223,16.810163806603725,2.060781659511834
2026-09-02,2026-09-02 20:00:00+00:00,2027-03-31,399.0,35.28,870311380,GLD   270331C00399000,0.5749486652977412,210,0.9906152241918667,0.039724359681970654,0.23743019667761406,117.50324209655334,402.78,2026-09-02,NSS,continuous_rate,-0.001196933340446035,0.03857268224405938,0.039650787456612456,0.15731369166361667,2.1532279899754223,16.810163806603725,2.060781659511834
2026-09-02,2026-09-02 20:00:00+00:00,2027-03-31,400.0,34.67,870311405,GLD   270331C00400000,0.5749486652977412,210,0.9930979691146532,0.039724359681970654,0.23667339580673727,117.92527383546576,402.78,2026-09-02,NSS,continuous_rate,-0.001196933340446035,0.03857268224405938,0.039650787456612456,0.15731369166361667,2.1532279899754223,16.810163806603725,2.060781659511834
2026-09-02,2026-09-02 20:00:00+00:00,2027-03-31,401.0,34.22,870311424,GLD   270331C00401000,0.5749486652977412,210,0.9955807140374399,0.039724359681970654,0.2372282620425336,118.33807318840296,402.78,2026-09-02,NSS,continuous_rate,-0.001196933340446035,0.03857268224405938,0.039650787456612456,0.15731369166361667,2.1532279899754223,16.810163806603725,2.060781659511834
2026-09-02,2026-09-02 20:00:00+00:00,2027-03-31,402.0,33.72,870311451,GLD   270331C00402000,0.5749486652977412,210,0.9980634589602265,0.039724359681970654,0.23731282444102691,118.72357751024346,402.78,2026-09-02,NSS,continuous_rate,-0.001196933340446035,0.03857268224405938,0.039650787456612456,0.15731369166361667,2.1532279899754223,16.810163806603725,2.060781659511834
2026-09-02,2026-09-02 20:00:00+00:00,2027-03-31,403.0,33.22,870311469,GLD   270331C00403000,0.5749486652977412,210,1.000546203883013,0.039724359681970654,0.2373516411895864,119.08615420712755,402.78,2026-09-02,NSS,continuous_rate,-0.001196933340446035,0.03857268224405938,0.039650787456612456,0.15731369166361667,2.1532279899754223,16.810163806603725,2.060781659511834
2026-09-02,2026-09-02 20:00:00+00:00,2027-03-31,404.0,32.72,870311492,GLD   270331C00404000,0.5749486652977412,210,1.0030289488057997,0.039724359681970654,0.23734523381842298,119.42603418714162,402.78,2026-09-02,NSS,continuous_rate,-0.001196933340446035,0.03857268224405938,0.039650787456612456,0.15731369166361667,2.1532279899754223,16.810163806603725,2.060781659511834
2026-09-02,2026-09-02 20:00:00+00:00,2027-03-31,405.0,32.15,870311514,GLD   270331C00405000,0.5749486652977412,210,1.0055116937285864,0.039724359681970654,0.2367095071173273,119.74304096752286,402.78,2026-09-02,NSS,continuous_rate,-0.001196933340446035,0.03857268224405938,0.039650787456612456,0.15731369166361667,2.1532279899754223,16.810163806603725,2.060781659511834
2026-09-02,2026-09-02 20:00:00+00:00,2027-03-31,406.0,31.75,870311532,GLD   270331C00406000,0.5749486652977412,210,1.007994438651373,0.039724359681970654,0.23744854336539284,120.03826334003683,402.78,2026-09-02,NSS,continuous_rate,-0.001196933340446035,0.03857268224405938,0.039650787456612456,0.15731369166361667,2.1532279899754223,16.810163806603725,2.060781659511834
2026-09-02,2026-09-02 20:00:00+00:00,2027-03-31,407.0,31.28,870311560,GLD   270331C00407000,0.5749486652977412,210,1.0104771835741597,0.039724359681970654,0.23755794364018362,120.31034901337976,402.78,2026-09-02,NSS,continuous_rate,-0.001196933340446035,0.03857268224405938,0.039650787456612456,0.15731369166361667,2.1532279899754223,16.810163806603725,2.060781659511834
2026-09-02,2026-09-02 20:00:00+00:00,2027-03-31,408.0,30.8,870311580,GLD   270331C00408000,0.5749486652977412,210,1.0129599284969464,0.039724359681970654,0.23753981115231293,120.56009356060909,402.78,2026-09-02,NSS,continuous_rate,-0.001196933340446035,0.03857268224405938,0.039650787456612456,0.15731369166361667,2.1532279899754223,16.810163806603725,2.060781659511834
2026-09-02,2026-09-02 20:00:00+00:00,2027-03-31,409.0,30.33,870311601,GLD   270331C00409000,0.5749486652977412,210,1.0154426734197328,0.039724359681970654,0.23756063510859388,120.7873035991674,402.78,2026-09-02,NSS,continuous_rate,-0.001196933340446035,0.03857268224405938,0.039650787456612456,0.15731369166361667,2.1532279899754223,16.810163806603725,2.060781659511834
2026-09-02,2026-09-02 20:00:00+00:00,2027-03-31,410.0,29.88,870311628,GLD   270331C00410000,0.5749486652977412,210,1.0179254183425195,0.039724359681970654,0.23770299423011024,120.99164197051954,402.78,2026-09-02,NSS,continuous_rate,-0.001196933340446035,0.03857268224405938,0.039650787456612456,0.15731369166361667,2.1532279899754223,16.810163806603725,2.060781659511834
2026-09-02,2026-09-02 20:00:00+00:00,2027-03-31,411.0,29.43,870311659,GLD   270331C00411000,0.5749486652977412,210,1.0204081632653061,0.039724359681970654,0.23780144237047057,121.17372757777483,402.78,2026-09-02,NSS,continuous_rate,-0.001196933340446035,0.03857268224405938,0.039650787456612456,0.15731369166361667,2.1532279899754223,16.810163806603725,2.060781659511834
2026-09-02,2026-09-02 20:00:00+00:00,2027-03-31,412.0,28.98,870311679,GLD   270331C00412000,0.5749486652977412,210,1.0228909081880928,0.039724359681970654,0.23785636136429383,121.33371606427657,402.78,2026-09-02,NSS,continuous_rate,-0.001196933340446035,0.03857268224405938,0.039650787456612456,0.15731369166361667,2.1532279899754223,16.810163806603725,2.060781659511834
2026-09-02,2026-09-02 20:00:00+00:00,2027-03-31,413.0,28.53,870311701,GLD   270331C00413000,0.5749486652977412,210,1.0253736531108795,0.039724359681970654,0.2378681237331592,121.47172542511498,402.78,2026-09-02,NSS,continuous_rate,-0.001196933340446035,0.03857268224405938,0.039650787456612456,0.15731369166361667,2.1532279899754223,16.810163806603725,2.060781659511834
2026-09-02,2026-09-02 20:00:00+00:00,2027-03-31,414.0,28.1,870311724,GLD   270331C00414000,0.5749486652977412,210,1.0278563980336661,0.039724359681970654,0.23800152371069416,121.58720867736731,402.78,2026-09-02,NSS,continuous_rate,-0.001196933340446035,0.03857268224405938,0.039650787456612456,0.15731369166361667,2.1532279899754223,16.810163806603725,2.060781659511834
2026-09-02,2026-09-02 20:00:00+00:00,2027-03-31,415.0,27.65,870311754,GLD   270331C00415000,0.5749486652977412,210,1.0303391429564528,0.039724359681970654,0.2379277271858417,121.68154128831644,402.78,2026-09-02,NSS,continuous_rate,-0.001196933340446035,0.03857268224405938,0.039650787456612456,0.15731369166361667,2.1532279899754223,16.810163806603725,2.060781659511834
2026-09-02,2026-09-02 20:00:00+00:00,2027-03-31,416.0,27.25,870311771,GLD   270331C00416000,0.5749486652977412,210,1.0328218878792395,0.039724359681970654,0.23822227999856693,121.75292783969817,402.78,2026-09-02,NSS,continuous_rate,-0.001196933340446035,0.03857268224405938,0.039650787456612456,0.15731369166361667,2.1532279899754223,16.810163806603725,2.060781659511834
2026-09-02,2026-09-02 20:00:00+00:00,2027-03-31,417.0,26.8,870311798,GLD   270331C00417000,0.5749486652977412,210,1.035304632802026,0.039724359681970654,0.23806386519698428,121.80394413738554,402.78,2026-09-02,NSS,continuous_rate,-0.001196933340446035,0.03857268224405938,0.039650787456612456,0.15731369166361667,2.1532279899754223,16.810163806603725,2.060781659511834
2026-09-02,2026-09-02 20:00:00+00:00,2027-03-31,418.0,26.4,870311820,GLD   270331C00418000,0.5749486652977412,210,1.0377873777248126,0.039724359681970654,0.23827394874161106,121.83273703737672,402.78,2026-09-02,NSS,continuous_rate,-0.001196933340446035,0.03857268224405938,0.039650787456612456,0.15731369166361667,2.1532279899754223,16.810163806603725,2.060781659511834
2026-09-02,2026-09-02 20:00:00+00:00,2027-03-31,419.0,26.0,870311854,GLD   270331C00419000,0.5749486652977412,210,1.0402701226475992,0.039724359681970654,0.2384421887998469,121.84056766099617,402.78,2026-09-02,NSS,continuous_rate,-0.001196933340446035,0.03857268224405938,0.039650787456612456,0.15731369166361667,2.1532279899754223,16.810163806603725,2.060781659511834
2026-09-02,2026-09-02 20:00:00+00:00,2027-03-31,420.0,25.6,870311879,GLD   270331C00420000,0.5749486652977412,210,1.0427528675703859,0.039724359681970654,0.23856889270199466,121.82752915851363,402.78,2026-09-02,NSS,continuous_rate,-0.001196933340446035,0.03857268224405938,0.039650787456612456,0.15731369166361667,2.1532279899754223,16.810163806603725,2.060781659511834
2026-09-02,2026-09-02 20:00:00+00:00,2027-03-31,421.0,25.2,870311904,GLD   270331C00421000,0.5749486652977412,210,1.0452356124931725,0.039724359681970654,0.2386543025870808,121.79368147225806,402.78,2026-09-02,NSS,continuous_rate,-0.001196933340446035,0.03857268224405938,0.039650787456612456,0.15731369166361667,2.1532279899754223,16.810163806603725,2.060781659511834
2026-09-02,2026-09-02 20:00:00+00:00,2027-03-31,422.0,24.8,870311931,GLD   270331C00422000,0.5749486652977412,210,1.0477183574159592,0.039724359681970654,0.2386986326550134,121.73905188451867,402.78,2026-09-02,NSS,continuous_rate,-0.001196933340446035,0.03857268224405938,0.039650787456612456,0.15731369166361667,2.1532279899754223,16.810163806603725,2.060781659511834
2026-09-02,2026-09-02 20:00:00+00:00,2027-03-31,423.0,24.43,870311957,GLD   270331C00423000,0.5749486652977412,210,1.0502011023387459,0.039724359681970654,0.23894865051293745,121.66522345261954,402.78,2026-09-02,NSS,continuous_rate,-0.001196933340446035,0.03857268224405938,0.039650787456612456,0.15731369166361667,2.1532279899754223,16.810163806603725,2.060781659511834
2026-09-02,2026-09-02 20:00:00+00:00,2027-03-31,424.0,24.05,870311977,GLD   270331C00424000,0.5749486652977412,210,1.0526838472615325,0.039724359681970654,0.2390760528930463,121.5708625784353,402.78,2026-09-02,NSS,continuous_rate,-0.001196933340446035,0.03857268224405938,0.039650787456612456,0.15731369166361667,2.1532279899754223,16.810163806603725,2.060781659511834
2026-09-02,2026-09-02 20:00:00+00:00,2027-03-31,425.0,23.68,870312000,GLD   270331C00425000,0.5749486652977412,210,1.055166592184319,0.039724359681970654,0.23924550364641475,121.45723193607783,402.78,2026-09-02,NSS,continuous_rate,-0.001196933340446035,0.03857268224405938,0.039650787456612456,0.15731369166361667,2.1532279899754223,16.810163806603725,2.060781659511834
2026-09-02,2026-09-02 20:00:00+00:00,2027-03-31,426.0,23.33,870312027,GLD   270331C00426000,0.5749486652977412,210,1.0576493371071056,0.039724359681970654,0.23953985157227142,121.32593669086647,402.78,2026-09-02,NSS,continuous_rate,-0.001196933340446035,0.03857268224405938,0.039650787456612456,0.15731369166361667,2.1532279899754223,16.810163806603725,2.060781659511834
2026-09-02,2026-09-02 20:00:00+00:00,2027-03-31,427.0,22.93,870312045,GLD   270331C00427000,0.5749486652977412,210,1.0601320820298923,0.039724359681970654,0.23938219112688675,121.16939993892599,402.78,2026-09-02,NSS,continuous_rate,-0.001196933340446035,0.03857268224405938,0.039650787456612456,0.15731369166361667,2.1532279899754223,16.810163806603725,2.060781659511834
2026-09-02,2026-09-02 20:00:00+00:00,2027-03-31,428.0,22.58,870312076,GLD   270331C00428000,0.5749486652977412,210,1.062614826952679,0.039724359681970654,0.23959744340842587,120.99915332166675,402.78,2026-09-02,NSS,continuous_rate,-0.001196933340446035,0.03857268224405938,0.039650787456612456,0.15731369166361667,2.1532279899754223,16.810163806603725,2.060781659511834
2026-09-02,2026-09-02 20:00:00+00:00,2027-03-31,429.0,22.23,870312100,GLD   270331C00429000,0.5749486652977412,210,1.0650975718754656,0.039724359681970654,0.23977364611541852,120.80994098457407,402.78,2026-09-02,NSS,continuous_rate,-0.001196933340446035,0.03857268224405938,0.039650787456612456,0.15731369166361667,2.1532279899754223,16.810163806603725,2.060781659511834
2026-09-02,2026-09-02 20:00:00+00:00,2027-03-31,430.0,21.88,870312136,GLD   270331C00430000,0.5749486652977412,210,1.0675803167982523,0.039724359681970654,0.2399109482564964,120.60175539873777,402.78,2026-09-02,NSS,continuous_rate,-0.001196933340446035,0.03857268224405938,0.039650787456612456,0.15731369166361667,2.1532279899754223,16.810163806603725,2.060781659511834
2026-09-02,2026-09-02 20:00:00+00:00,2027-03-31,431.0,21.55,870312153,GLD   270331C00431000,0.5749486652977412,210,1.070063061721039,0.039724359681970654,0.24017561552552508,120.37893342272767,402.78,2026-09-02,NSS,continuous_rate,-0.001196933340446035,0.03857268224405938,0.039650787456612456,0.15731369166361667,2.1532279899754223,16.810163806603725,2.060781659511834
2026-09-02,2026-09-02 20:00:00+00:00,2027-03-31,432.0,21.2,870312177,GLD   270331C00432000,0.5749486652977412,210,1.0725458066438256,0.039724359681970654,0.24023577776057647,120.13320032166064,402.78,2026-09-02,NSS,continuous_rate,-0.001196933340446035,0.03857268224405938,0.039650787456612456,0.15731369166361667,2.1532279899754223,16.810163806603725,2.060781659511834
2026-09-02,2026-09-02 20:00:00+00:00,2027-03-31,433.0,20.88,870312192,GLD   270331C00433000,0.5749486652977412,210,1.075028551566612,0.039724359681970654,0.24050757881784818,119.87650422118202,402.78,2026-09-02,NSS,continuous_rate,-0.001196933340446035,0.03857268224405938,0.039650787456612456,0.15731369166361667,2.1532279899754223,16.810163806603725,2.060781659511834
2026-09-02,2026-09-02 20:00:00+00:00,2027-03-31,434.0,20.55,870312222,GLD   270331C00434000,0.5749486652977412,210,1.0775112964893987,0.039724359681970654,0.24065833830097694,119.59928266157993,402.78,2026-09-02,NSS,continuous_rate,-0.001196933340446035,0.03857268224405938,0.039650787456612456,0.15731369166361667,2.1532279899754223,16.810163806603725,2.060781659511834
2026-09-02,2026-09-02 20:00:00+00:00,2027-03-31,435.0,20.23,870312243,GLD   270331C00435000,0.5749486652977412,210,1.0799940414121854,0.039724359681970654,0.2408551787034609,119.30722255129821,402.78,2026-09-02,NSS,continuous_rate,-0.001196933340446035,0.03857268224405938,0.039650787456612456,0.15731369166361667,2.1532279899754223,16.810163806603725,2.060781659511834
2026-09-02,2026-09-02 20:00:00+00:00,2027-03-31,436.0,19.9,870312257,GLD   270331C00436000,0.5749486652977412,210,1.082476786334972,0.039724359681970654,0.24093072607973592,118.99394663132917,402.78,2026-09-02,NSS,continuous_rate,-0.001196933340446035,0.03857268224405938,0.039650787456612456,0.15731369166361667,2.1532279899754223,16.810163806603725,2.060781659511834
2026-09-02,2026-09-02 20:00:00+00:00,2027-03-31,437.0,19.48,870312287,GLD   270331C00437000,0.5749486652977412,210,1.0849595312577587,0.039724359681970654,0.24021003651944925,118.62672185311293,402.78,2026-09-02,NSS,continuous_rate,-0.001196933340446035,0.03857268224405938,0.039650787456612456,0.15731369166361667,2.1532279899754223,16.810163806603725,2.060781659511834
2026-09-02,2026-09-02 20:00:00+00:00,2027-03-31,438.0,19.3,870312306,GLD   270331C00438000,0.5749486652977412,210,1.0874422761805453,0.039724359681970654,0.2414758741588332,118.33785447304292,402.78,2026-09-02,NSS,continuous_rate,-0.001196933340446035,0.03857268224405938,0.039650787456612456,0.15731369166361667,2.1532279899754223,16.810163806603725,2.060781659511834
2026-09-02,2026-09-02 20:00:00+00:00,2027-03-31,439.0,19.0,870312328,GLD   270331C00439000,0.5749486652977412,210,1.089925021103332,0.039724359681970654,0.2416941904303618,117.98505745537183,402.78,2026-09-02,NSS,continuous_rate,-0.001196933340446035,0.03857268224405938,0.039650787456612456,0.15731369166361667,2.1532279899754223,16.810163806603725,2.060781659511834
2026-09-02,2026-09-02 20:00:00+00:00,2027-03-31,440.0,18.68,870312348,GLD   270331C00440000,0.5749486652977412,210,1.0924077660261184,0.039724359681970654,0.24170635325992484,117.60580201586944,402.78,2026-09-02,NSS,continuous_rate,-0.001196933340446035,0.03857268224405938,0.039650787456612456,0.15731369166361667,2.1532279899754223,16.810163806603725,2.060781659511834
2026-09-02,2026-09-02 20:00:00+00:00,2027-03-31,441.0,18.38,870312372,GLD   270331C00441000,0.5749486652977412,210,1.094890510948905,0.039724359681970654,0.24185192538006234,117.21902897791911,402.78,2026-09-02,NSS,continuous_rate,-0.001196933340446035,0.03857268224405938,0.039650787456612456,0.15731369166361667,2.1532279899754223,16.810163806603725,2.060781659511834
2026-09-02,2026-09-02 20:00:00+00:00,2027-03-31,442.0,18.1,870312402,GLD   270331C00442000,0.5749486652977412,210,1.0973732558716918,0.039724359681970654,0.24213259245092056,116.82680036819907,402.78,2026-09-02,NSS,continuous_rate,-0.001196933340446035,0.03857268224405938,0.039650787456612456,0.15731369166361667,2.1532279899754223,16.810163806603725,2.060781659511834
2026-09-02,2026-09-02 20:00:00+00:00,2027-03-31,443.0,17.8,870312427,GLD   270331C00443000,0.5749486652977412,210,1.0998560007944784,0.039724359681970654,0.24220652867136527,116.40705621553741,402.78,2026-09-02,NSS,continuous_rate,-0.001196933340446035,0.03857268224405938,0.039650787456612456,0.15731369166361667,2.1532279899754223,16.810163806603725,2.060781659511834
2026-09-02,2026-09-02 20:00:00+00:00,2027-03-31,444.0,17.52,870312442,GLD   270331C00444000,0.5749486652977412,210,1.102338745717265,0.039724359681970654,0.2424167332855054,115.98314598106532,402.78,2026-09-02,NSS,continuous_rate,-0.001196933340446035,0.03857268224405938,0.039650787456612456,0.15731369166361667,2.1532279899754223,16.810163806603725,2.060781659511834
2026-09-02,2026-09-02 20:00:00+00:00,2027-03-31,445.0,17.25,870312471,GLD   270331C00445000,0.5749486652977412,210,1.1048214906400518,0.039724359681970654,0.24267855076445272,115.55046010660155,402.78,2026-09-02,NSS,continuous_rate,-0.001196933340446035,0.03857268224405938,0.039650787456612456,0.15731369166361667,2.1532279899754223,16.810163806603725,2.060781659511834
2026-09-02,2026-09-02 20:00:00+00:00,2027-03-31,446.0,16.98,870312491,GLD   270331C00446000,0.5749486652977412,210,1.1073042355628384,0.039724359681970654,0.24290606831898914,115.10285292874543,402.78,2026-09-02,NSS,continuous_rate,-0.001196933340446035,0.03857268224405938,0.039650787456612456,0.15731369166361667,2.1532279899754223,16.810163806603725,2.060781659511834
2026-09-02,2026-09-02 20:00:00+00:00,2027-03-31,447.0,16.7,870312514,GLD   270331C00447000,0.5749486652977412,210,1.109786980485625,0.039724359681970654,0.24301205070829024,114.63256007670327,402.78,2026-09-02,NSS,continuous_rate,-0.001196933340446035,0.03857268224405938,0.039650787456612456,0.15731369166361667,2.1532279899754223,16.810163806603725,2.060781659511834
2026-09-02,2026-09-02 20:00:00+00:00,2027-03-31,448.0,16.45,870312540,GLD   270331C00448000,0.5749486652977412,210,1.1122697254084115,0.039724359681970654,0.2433457555389963,114.1705312292491,402.78,2026-09-02,NSS,continuous_rate,-0.001196933340446035,0.03857268224405938,0.039650787456612456,0.15731369166361667,2.1532279899754223,16.810163806603725,2.060781659511834
2026-09-02,2026-09-02 20:00:00+00:00,2027-03-31,449.0,16.18,870312564,GLD   270331C00449000,0.5749486652977412,210,1.1147524703311982,0.039724359681970654,0.24347060614628718,113.67791219817194,402.78,2026-09-02,NSS,continuous_rate,-0.001196933340446035,0.03857268224405938,0.039650787456612456,0.15731369166361667,2.1532279899754223,16.810163806603725,2.060781659511834
2026-09-02,2026-09-02 20:00:00+00:00,2027-03-31,450.0,15.88,870312587,GLD   270331C00450000,0.5749486652977412,210,1.1172352152539848,0.039724359681970654,0.24329585627345374,113.14288545633516,402.78,2026-09-02,NSS,continuous_rate,-0.001196933340446035,0.03857268224405938,0.039650787456612456,0.15731369166361667,2.1532279899754223,16.810163806603725,2.060781659511834
2026-09-02,2026-09-02 20:00:00+00:00,2027-03-31,451.0,15.68,870312597,GLD   270331C00451000,0.5749486652977412,210,1.1197179601767715,0.039724359681970654,0.24397177805295217,112.68388416887468,402.78,2026-09-02,NSS,continuous_rate,-0.001196933340446035,0.03857268224405938,0.039650787456612456,0.15731369166361667,2.1532279899754223,16.810163806603725,2.060781659511834
2026-09-02,2026-09-02 20:00:00+00:00,2027-03-31,452.0,15.43,870312626,GLD   270331C00452000,0.5749486652977412,210,1.1222007050995582,0.039724359681970654,0.24417284657536076,112.16607553766433,402.78,2026-09-02,NSS,continuous_rate,-0.001196933340446035,0.03857268224405938,0.039650787456612456,0.15731369166361667,2.1532279899754223,16.810163806603725,2.060781659511834
2026-09-02,2026-09-02 20:00:00+00:00,2027-03-31,453.0,15.18,870312645,GLD   270331C00453000,0.5749486652977412,210,1.1246834500223448,0.039724359681970654,0.24434079792937263,111.63422279361541,402.78,2026-09-02,NSS,continuous_rate,-0.001196933340446035,0.03857268224405938,0.039650787456612456,0.15731369166361667,2.1532279899754223,16.810163806603725,2.060781659511834
2026-09-02,2026-09-02 20:00:00+00:00,2027-03-31,454.0,14.93,870312670,GLD   270331C00454000,0.5749486652977412,210,1.1271661949451315,0.039724359681970654,0.244475557610672,111.08817204487029,402.78,2026-09-02,NSS,continuous_rate,-0.001196933340446035,0.03857268224405938,0.039650787456612456,0.15731369166361667,2.1532279899754223,16.810163806603725,2.060781659511834
2026-09-02,2026-09-02 20:00:00+00:00,2027-03-31,455.0,14.73,870312694,GLD   270331C00455000,0.5749486652977412,210,1.1296489398679181,0.039724359681970654,0.24502923643393443,110.58416344607045,402.78,2026-09-02,NSS,continuous_rate,-0.001196933340446035,0.03857268224405938,0.039650787456612456,0.15731369166361667,2.1532279899754223,16.810163806603725,2.060781659511834
2026-09-02,2026-09-02 20:00:00+00:00,2027-03-31,456.0,14.48,870312723,GLD   270331C00456000,0.5749486652977412,210,1.1321316847907046,0.039724359681970654,0.24509954988202076,110.01172623693637,402.78,2026-09-02,NSS,continuous_rate,-0.001196933340446035,0.03857268224405938,0.039650787456612456,0.15731369166361667,2.1532279899754223,16.810163806603725,2.060781659511834
2026-09-02,2026-09-02 20:00:00+00:00,2027-03-31,457.0,14.25,870312751,GLD   270331C00457000,0.5749486652977412,210,1.1346144297134912,0.039724359681970654,0.24531904890956358,109.44912274001425,402.78,2026-09-02,NSS,continuous_rate,-0.001196933340446035,0.03857268224405938,0.039650787456612456,0.15731369166361667,2.1532279899754223,16.810163806603725,2.060781659511834
2026-09-02,2026-09-02 20:00:00+00:00,2027-03-31,458.0,14.03,870312771,GLD   270331C00458000,0.5749486652977412,210,1.137097174636278,0.039724359681970654,0.2455986170417629,108.88643655095686,402.78,2026-09-02,NSS,continuous_rate,-0.001196933340446035,0.03857268224405938,0.039650787456612456,0.15731369166361667,2.1532279899754223,16.810163806603725,2.060781659511834
2026-09-02,2026-09-02 20:00:00+00:00,2027-03-31,459.0,13.83,870312786,GLD   270331C00459000,0.5749486652977412,210,1.1395799195590646,0.039724359681970654,0.24603189689060673,108.33825060638337,402.78,2026-09-02,NSS,continuous_rate,-0.001196933340446035,0.03857268224405938,0.039650787456612456,0.15731369166361667,2.1532279899754223,16.810163806603725,2.060781659511834
2026-09-02,2026-09-02 20:00:00+00:00,2027-03-31,460.0,13.58,870312811,GLD   270331C00460000,0.5749486652977412,210,1.1420626644818512,0.039724359681970654,0.24597206992497667,107.71121428066901,402.78,2026-09-02,NSS,continuous_rate,-0.001196933340446035,0.03857268224405938,0.039650787456612456,0.15731369166361667,2.1532279899754223,16.810163806603725,2.060781659511834
2026-09-02,2026-09-02 20:00:00+00:00,2027-03-31,461.0,13.35,870312832,GLD   270331C00461000,0.5749486652977412,210,1.144545409404638,0.039724359681970654,0.24606469741566106,107.09730782086635,402.78,2026-09-02,NSS,continuous_rate,-0.001196933340446035,0.03857268224405938,0.039650787456612456,0.15731369166361667,2.1532279899754223,16.810163806603725,2.060781659511834
2026-09-02,2026-09-02 20:00:00+00:00,2027-03-31,462.0,13.15,870312847,GLD   270331C00462000,0.5749486652977412,210,1.1470281543274246,0.039724359681970654,0.24640667222542684,106.51445253981967,402.78,2026-09-02,NSS,continuous_rate,-0.001196933340446035,0.03857268224405938,0.039650787456612456,0.15731369166361667,2.1532279899754223,16.810163806603725,2.060781659511834
2026-09-02,2026-09-02 20:00:00+00:00,2027-03-31,463.0,12.98,870312871,GLD   270331C00463000,0.5749486652977412,210,1.1495108992502112,0.039724359681970654,0.2470025204914622,105.96710908181342,402.78,2026-09-02,NSS,continuous_rate,-0.001196933340446035,0.03857268224405938,0.039650787456612456,0.15731369166361667,2.1532279899754223,16.810163806603725,2.060781659511834
2026-09-02,2026-09-02 20:00:00+00:00,2027-03-31,464.0,12.78,870312889,GLD   270331C00464000,0.5749486652977412,210,1.1519936441729977,0.039724359681970654,0.247287434308324,105.36472589489075,402.78,2026-09-02,NSS,continuous_rate,-0.001196933340446035,0.03857268224405938,0.039650787456612456,0.15731369166361667,2.1532279899754223,16.810163806603725,2.060781659511834
2026-09-02,2026-09-02 20:00:00+00:00,2027-03-31,465.0,12.55,870312917,GLD   270331C00465000,0.5749486652977412,210,1.1544763890957843,0.039724359681970654,0.24725644982596862,104.70239593745224,402.78,2026-09-02,NSS,continuous_rate,-0.001196933340446035,0.03857268224405938,0.039650787456612456,0.15731369166361667,2.1532279899754223,16.810163806603725,2.060781659511834
2026-09-02,2026-09-02 20:00:00+00:00,2027-03-31,470.0,11.6,870312946,GLD   270331C00470000,0.5749486652977412,210,1.1668901137097176,0.039724359681970654,0.24857073389673612,101.55811467997565,402.78,2026-09-02,NSS,continuous_rate,-0.001196933340446035,0.03857268224405938,0.039650787456612456,0.15731369166361667,2.1532279899754223,16.810163806603725,2.060781659511834
2026-09-02,2026-09-02 20:00:00+00:00,2027-03-31,475.0,10.73,870312975,GLD   270331C00475000,0.5749486652977412,210,1.1793038383236507,0.039724359681970654,0.24996958967903632,98.32665107161867,402.78,2026-09-02,NSS,continuous_rate,-0.001196933340446035,0.03857268224405938,0.039650787456612456,0.15731369166361667,2.1532279899754223,16.810163806603725,2.060781659511834
2026-09-02,2026-09-02 20:00:00+00:00,2027-03-31,480.0,9.82,870313005,GLD   270331C00480000,0.5749486652977412,210,1.1917175629375838,0.039724359681970654,0.250248757350538,94.75581163196782,402.78,2026-09-02,NSS,continuous_rate,-0.001196933340446035,0.03857268224405938,0.039650787456612456,0.15731369166361667,2.1532279899754223,16.810163806603725,2.060781659511834
2026-09-02,2026-09-02 20:00:00+00:00,2027-06-17,325.0,94.48,800378868,GLD   270617C00325000,0.7885010266940452,288,0.8068920999056558,0.04038683793048922,0.2672720715320669,73.06926622103434,402.78,2026-09-02,NSS,continuous_rate,-0.001196933340446035,0.03857268224405938,0.039650787456612456,0.15731369166361667,2.1532279899754223,16.810163806603725,2.060781659511834
2026-09-02,2026-09-02 20:00:00+00:00,2027-06-17,330.0,90.3,800378900,GLD   270617C00330000,0.7885010266940452,288,0.8193058245195889,0.04038683793048922,0.26413868077239033,77.68082837541394,402.78,2026-09-02,NSS,continuous_rate,-0.001196933340446035,0.03857268224405938,0.039650787456612456,0.15731369166361667,2.1532279899754223,16.810163806603725,2.060781659511834
2026-09-02,2026-09-02 20:00:00+00:00,2027-06-17,335.0,86.03,800378925,GLD   270617C00335000,0.7885010266940452,288,0.8317195491335221,0.04038683793048922,0.259255341954995,81.88913951592595,402.78,2026-09-02,NSS,continuous_rate,-0.001196933340446035,0.03857268224405938,0.039650787456612456,0.15731369166361667,2.1532279899754223,16.810163806603725,2.060781659511834
2026-09-02,2026-09-02 20:00:00+00:00,2027-06-17,340.0,82.15,800378958,GLD   270617C00340000,0.7885010266940452,288,0.8441332737474553,0.04038683793048922,0.2583949195503258,87.23516121195368,402.78,2026-09-02,NSS,continuous_rate,-0.001196933340446035,0.03857268224405938,0.039650787456612456,0.15731369166361667,2.1532279899754223,16.810163806603725,2.060781659511834
2026-09-02,2026-09-02 20:00:00+00:00,2027-06-17,345.0,78.22,800379021,GLD   270617C00345000,0.7885010266940452,288,0.8565469983613884,0.04038683793048922,0.2560920377125032,92.18863600022036,402.78,2026-09-02,NSS,continuous_rate,-0.001196933340446035,0.03857268224405938,0.039650787456612456,0.15731369166361667,2.1532279899754223,16.810163806603725,2.060781659511834
2026-09-02,2026-09-02 20:00:00+00:00,2027-06-17,350.0,74.2,800379070,GLD   270617C00350000,0.7885010266940452,288,0.8689607229753216,0.04038683793048922,0.2521192347652279,96.74287395375096,402.78,2026-09-02,NSS,continuous_rate,-0.001196933340446035,0.03857268224405938,0.039650787456612456,0.15731369166361667,2.1532279899754223,16.810163806603725,2.060781659511834
2026-09-02,2026-09-02 20:00:00+00:00,2027-06-17,355.0,70.65,800379115,GLD   270617C00355000,0.7885010266940452,288,0.8813744475892548,0.04038683793048922,0.2521816181601956,102.10744235937412,402.78,2026-09-02,NSS,continuous_rate,-0.001196933340446035,0.03857268224405938,0.039650787456612456,0.15731369166361667,2.1532279899754223,16.810163806603725,2.060781659511834
2026-09-02,2026-09-02 20:00:00+00:00,2027-06-17,360.0,67.0,800379157,GLD   270617C00360000,0.7885010266940452,288,0.893788172203188,0.04038683793048922,0.2503533334708773,106.93528193014106,402.78,2026-09-02,NSS,continuous_rate,-0.001196933340446035,0.03857268224405938,0.039650787456612456,0.15731369166361667,2.1532279899754223,16.810163806603725,2.060781659511834
2026-09-02,2026-09-02 20:00:00+00:00,2027-06-17,365.0,63.35,800379210,GLD   270617C00365000,0.7885010266940452,288,0.906201896817121,0.04038683793048922,0.2477494541970082,111.48820357810554,402.78,2026-09-02,NSS,continuous_rate,-0.001196933340446035,0.03857268224405938,0.039650787456612456,0.15731369166361667,2.1532279899754223,16.810163806603725,2.060781659511834
2026-09-02,2026-09-02 20:00:00+00:00,2027-06-17,370.0,60.03,800379260,GLD   270617C00370000,0.7885010266940452,288,0.9186156214310542,0.04038683793048922,0.24727684538243339,116.15602243820727,402.78,2026-09-02,NSS,continuous_rate,-0.001196933340446035,0.03857268224405938,0.039650787456612456,0.15731369166361667,2.1532279899754223,16.810163806603725,2.060781659511834
2026-09-02,2026-09-02 20:00:00+00:00,2027-06-17,375.0,56.7,800379300,GLD   270617C00375000,0.7885010266940452,288,0.9310293460449874,0.04038683793048922,0.24585422272337604,120.42907980277066,402.78,2026-09-02,NSS,continuous_rate,-0.001196933340446035,0.03857268224405938,0.039650787456612456,0.15731369166361667,2.1532279899754223,16.810163806603725,2.060781659511834
2026-09-02,2026-09-02 20:00:00+00:00,2027-06-17,380.0,53.28,800379353,GLD   270617C00380000,0.7885010266940452,288,0.9434430706589205,0.04038683793048922,0.24291621021898469,124.29084926280467,402.78,2026-09-02,NSS,continuous_rate,-0.001196933340446035,0.03857268224405938,0.039650787456612456,0.15731369166361667,2.1532279899754223,16.810163806603725,2.060781659511834
2026-09-02,2026-09-02 20:00:00+00:00,2027-06-17,385.0,50.45,800379387,GLD   270617C00385000,0.7885010266940452,288,0.9558567952728537,0.04038683793048922,0.24388667549816892,128.13534609355074,402.78,2026-09-02,NSS,continuous_rate,-0.001196933340446035,0.03857268224405938,0.039650787456612456,0.15731369166361667,2.1532279899754223,16.810163806603725,2.060781659511834
2026-09-02,2026-09-02 20:00:00+00:00,2027-06-17,390.0,47.53,800379434,GLD   270617C00390000,0.7885010266940452,288,0.9682705198867869,0.04038683793048922,0.2432653653821908,131.46648488539878,402.78,2026-09-02,NSS,continuous_rate,-0.001196933340446035,0.03857268224405938,0.039650787456612456,0.15731369166361667,2.1532279899754223,16.810163806603725,2.060781659511834
2026-09-02,2026-09-02 20:00:00+00:00,2027-06-17,395.0,44.68,800379480,GLD   270617C00395000,0.7885010266940452,288,0.9806842445007201,0.04038683793048922,0.24235595638984825,134.3852018776979,402.78,2026-09-02,NSS,continuous_rate,-0.001196933340446035,0.03857268224405938,0.039650787456612456,0.15731369166361667,2.1532279899754223,16.810163806603725,2.060781659511834
2026-09-02,2026-09-02 20:00:00+00:00,2027-06-17,400.0,41.88,800379535,GLD   270617C00400000,0.7885010266940452,288,0.9930979691146532,0.04038683793048922,0.24102506716968497,136.88234855935062,402.78,2026-09-02,NSS,continuous_rate,-0.001196933340446035,0.03857268224405938,0.039650787456612456,0.15731369166361667,2.1532279899754223,16.810163806603725,2.060781659511834
2026-09-02,2026-09-02 20:00:00+00:00,2027-06-17,405.0,39.35,800379585,GLD   270617C00405000,0.7885010266940452,288,1.0055116937285864,0.04038683793048922,0.2408715137747117,138.95647406245078,402.78,2026-09-02,NSS,continuous_rate,-0.001196933340446035,0.03857268224405938,0.039650787456612456,0.15731369166361667,2.1532279899754223,16.810163806603725,2.060781659511834
2026-09-02,2026-09-02 20:00:00+00:00,2027-06-17,410.0,36.92,800379657,GLD   270617C00410000,0.7885010266940452,288,1.0179254183425195,0.04038683793048922,0.24064029894350097,140.57259567164857,402.78,2026-09-02,NSS,continuous_rate,-0.001196933340446035,0.03857268224405938,0.039650787456612456,0.15731369166361667,2.1532279899754223,16.810163806603725,2.060781659511834
2026-09-02,2026-09-02 20:00:00+00:00,2027-06-17,415.0,34.7,800379714,GLD   270617C00415000,0.7885010266940452,288,1.0303391429564528,0.04038683793048922,0.241118095121067,141.72529778206385,402.78,2026-09-02,NSS,continuous_rate,-0.001196933340446035,0.03857268224405938,0.039650787456612456,0.15731369166361667,2.1532279899754223,16.810163806603725,2.060781659511834
2026-09-02,2026-09-02 20:00:00+00:00,2027-06-17,420.0,32.5,800379764,GLD   270617C00420000,0.7885010266940452,288,1.0427528675703859,0.04038683793048922,0.24097052069744096,142.42724609239312,402.78,2026-09-02,NSS,continuous_rate,-0.001196933340446035,0.03857268224405938,0.039650787456612456,0.15731369166361667,2.1532279899754223,16.810163806603725,2.060781659511834
2026-09-02,2026-09-02 20:00:00+00:00,2027-06-17,425.0,30.48,800379840,GLD   270617C00425000,0.7885010266940452,288,1.055166592184319,0.04038683793048922,0.24134106791233645,142.6833417648726,402.78,2026-09-02,NSS,continuous_rate,-0.001196933340446035,0.03857268224405938,0.039650787456612456,0.15731369166361667,2.1532279899754223,16.810163806603725,2.060781659511834
2026-09-02,2026-09-02 20:00:00+00:00,2027-06-17,430.0,28.58,800379908,GLD   270617C00430000,0.7885010266940452,288,1.0675803167982523,0.04038683793048922,0.2418253552784212,142.51497172820243,402.78,2026-09-02,NSS,continuous_rate,-0.001196933340446035,0.03857268224405938,0.039650787456612456,0.15731369166361667,2.1532279899754223,16.810163806603725,2.060781659511834
2026-09-02,2026-09-02 20:00:00+00:00,2027-06-17,435.0,26.78,800379978,GLD   270617C00435000,0.7885010266940452,288,1.0799940414121854,0.04038683793048922,0.24230486505525195,141.94379187161044,402.78,2026-09-02,NSS,continuous_rate,-0.001196933340446035,0.03857268224405938,0.039650787456612456,0.15731369166361667,2.1532279899754223,16.810163806603725,2.060781659511834
2026-09-02,2026-09-02 20:00:00+00:00,2027-06-17,440.0,25.03,800380022,GLD   270617C00440000,0.7885010266940452,288,1.0924077660261184,0.04038683793048922,0.24244812754159795,140.98200632017665,402.78,2026-09-02,NSS,continuous_rate,-0.001196933340446035,0.03857268224405938,0.039650787456612456,0.15731369166361667,2.1532279899754223,16.810163806603725,2.060781659511834
2026-09-02,2026-09-02 20:00:00+00:00,2027-06-17,445.0,23.48,800380075,GLD   270617C00445000,0.7885010266940452,288,1.1048214906400518,0.04038683793048922,0.2433439301832579,139.69238619767907,402.78,2026-09-02,NSS,continuous_rate,-0.001196933340446035,0.03857268224405938,0.039650787456612456,0.15731369166361667,2.1532279899754223,16.810163806603725,2.060781659511834
2026-09-02,2026-09-02 20:00:00+00:00,2027-06-17,450.0,22.05,800380138,GLD   270617C00450000,0.7885010266940452,288,1.1172352152539848,0.04038683793048922,0.24446224927725274,138.10515416826954,402.78,2026-09-02,NSS,continuous_rate,-0.001196933340446035,0.03857268224405938,0.039650787456612456,0.15731369166361667,2.1532279899754223,16.810163806603725,2.060781659511834
2026-09-02,2026-09-02 20:00:00+00:00,2027-06-17,455.0,20.68,800824420,GLD   270617C00455000,0.7885010266940452,288,1.1296489398679181,0.04038683793048922,0.24540071495277804,136.22782513528216,402.78,2026-09-02,NSS,continuous_rate,-0.001196933340446035,0.03857268224405938,0.039650787456612456,0.15731369166361667,2.1532279899754223,16.810163806603725,2.060781659511834
2026-09-02,2026-09-02 20:00:00+00:00,2027-06-17,460.0,19.4,800824505,GLD   270617C00460000,0.7885010266940452,288,1.1420626644818512,0.04038683793048922,0.24640499587832015,134.1061745250231,402.78,2026-09-02,NSS,continuous_rate,-0.001196933340446035,0.03857268224405938,0.039650787456612456,0.15731369166361667,2.1532279899754223,16.810163806603725,2.060781659511834
2026-09-02,2026-09-02 20:00:00+00:00,2027-06-17,465.0,18.15,801599385,GLD   270617C00465000,0.7885010266940452,288,1.1544763890957843,0.04038683793048922,0.24705287609593946,131.71799299469916,402.78,2026-09-02,NSS,continuous_rate,-0.001196933340446035,0.03857268224405938,0.039650787456612456,0.15731369166361667,2.1532279899754223,16.810163806603725,2.060781659511834
2026-09-02,2026-09-02 20:00:00+00:00,2027-06-17,470.0,17.05,801599430,GLD   270617C00470000,0.7885010266940452,288,1.1668901137097176,0.04038683793048922,0.24828223455967385,129.21223322276748,402.78,2026-09-02,NSS,continuous_rate,-0.001196933340446035,0.03857268224405938,0.039650787456612456,0.15731369166361667,2.1532279899754223,16.810163806603725,2.060781659511834
2026-09-02,2026-09-02 20:00:00+00:00,2027-06-17,475.0,16.0,813159478,GLD   270617C00475000,0.7885010266940452,288,1.1793038383236507,0.04038683793048922,0.2493684609196149,126.52715021311782,402.78,2026-09-02,NSS,continuous_rate,-0.001196933340446035,0.03857268224405938,0.039650787456612456,0.15731369166361667,2.1532279899754223,16.810163806603725,2.060781659511834
2026-09-02,2026-09-02 20:00:00+00:00,2027-06-17,480.0,15.03,806090421,GLD   270617C00480000,0.7885010266940452,288,1.1917175629375838,0.04038683793048922,0.2505750117496588,123.73147072851056,402.78,2026-09-02,NSS,continuous_rate,-0.001196933340446035,0.03857268224405938,0.039650787456612456,0.15731369166361667,2.1532279899754223,16.810163806603725,2.060781659511834
2026-09-02,2026-09-02 20:00:00+00:00,2027-06-30,325.0,95.25,897587853,GLD   270630C00325000,0.8240930869267625,301,0.8068920999056558,0.04048803784825571,0.2664665960603393,75.6547776442747,402.78,2026-09-02,NSS,continuous_rate,-0.001196933340446035,0.03857268224405938,0.039650787456612456,0.15731369166361667,2.1532279899754223,16.810163806603725,2.060781659511834
2026-09-02,2026-09-02 20:00:00+00:00,2027-06-30,330.0,91.05,897587927,GLD   270630C00330000,0.8240930869267625,301,0.8193058245195889,0.04048803784825571,0.26286670583998784,80.15424123230652,402.78,2026-09-02,NSS,continuous_rate,-0.001196933340446035,0.03857268224405938,0.039650787456612456,0.15731369166361667,2.1532279899754223,16.810163806603725,2.060781659511834
2026-09-02,2026-09-02 20:00:00+00:00,2027-06-30,333.0,89.08,897587994,GLD   270630C00333000,0.8240930869267625,301,0.8267540592879488,0.04048803784825571,0.26699744862383235,84.60467910528929,402.78,2026-09-02,NSS,continuous_rate,-0.001196933340446035,0.03857268224405938,0.039650787456612456,0.15731369166361667,2.1532279899754223,16.810163806603725,2.060781659511834
2026-09-02,2026-09-02 20:00:00+00:00,2027-06-30,334.0,88.3,897588072,GLD   270630C00334000,0.8240930869267625,301,0.8292368042107354,0.04048803784825571,0.2667748762932606,85.63947975491186,402.78,2026-09-02,NSS,continuous_rate,-0.001196933340446035,0.03857268224405938,0.039650787456612456,0.15731369166361667,2.1532279899754223,16.810163806603725,2.060781659511834
2026-09-02,2026-09-02 20:00:00+00:00,2027-06-30,335.0,87.0,897588139,GLD   270630C00335000,0.8240930869267625,301,0.8317195491335221,0.04048803784825571,0.26046171583728883,85.05881735790078,402.78,2026-09-02,NSS,continuous_rate,-0.001196933340446035,0.03857268224405938,0.039650787456612456,0.15731369166361667,2.1532279899754223,16.810163806603725,2.060781659511834
2026-09-02,2026-09-02 20:00:00+00:00,2027-06-30,336.0,86.2,897588197,GLD   270630C00336000,0.8240930869267625,301,0.8342022940563087,0.04048803784825571,0.2600102383092978,86.05171319515,402.78,2026-09-02,NSS,continuous_rate,-0.001196933340446035,0.03857268224405938,0.039650787456612456,0.15731369166361667,2.1532279899754223,16.810163806603725,2.060781659511834
2026-09-02,2026-09-02 20:00:00+00:00,2027-06-30,337.0,85.4,897588233,GLD   270630C00337000,0.8240930869267625,301,0.8366850389790953,0.04048803784825571,0.25952881935937333,87.03731567173004,402.78,2026-09-02,NSS,continuous_rate,-0.001196933340446035,0.03857268224405938,0.039650787456612456,0.15731369166361667,2.1532279899754223,16.810163806603725,2.060781659511834
2026-09-02,2026-09-02 20:00:00+00:00,2027-06-30,338.0,84.6,897588260,GLD   270630C00338000,0.8240930869267625,301,0.839167783901882,0.04048803784825571,0.2590181854045951,88.01586926402884,402.78,2026-09-02,NSS,continuous_rate,-0.001196933340446035,0.03857268224405938,0.039650787456612456,0.15731369166361667,2.1532279899754223,16.810163806603725,2.060781659511834
2026-09-02,2026-09-02 20:00:00+00:00,2027-06-30,339.0,83.8,897588282,GLD   270630C00339000,0.8240930869267625,301,0.8416505288246686,0.04048803784825571,0.258478997670766,88.98759743544622,402.78,2026-09-02,NSS,continuous_rate,-0.001196933340446035,0.03857268224405938,0.039650787456612456,0.15731369166361667,2.1532279899754223,16.810163806603725,2.060781659511834
2026-09-02,2026-09-02 20:00:00+00:00,2027-06-30,340.0,83.5,897588307,GLD   270630C00340000,0.8240930869267625,301,0.8441332737474553,0.04048803784825571,0.263427630207967,91.33503843799429,402.78,2026-09-02,NSS,continuous_rate,-0.001196933340446035,0.03857268224405938,0.039650787456612456,0.15731369166361667,2.1532279899754223,16.810163806603725,2.060781659511834
2026-09-02,2026-09-02 20:00:00+00:00,2027-06-30,341.0,82.23,897588350,GLD   270630C00341000,0.8240930869267625,301,0.8466160186702418,0.04048803784825571,0.25764730599289765,90.99502088894845,402.78,2026-09-02,NSS,continuous_rate,-0.001196933340446035,0.03857268224405938,0.039650787456612456,0.15731369166361667,2.1532279899754223,16.810163806603725,2.060781659511834
2026-09-02,2026-09-02 20:00:00+00:00,2027-06-30,342.0,81.4,897588366,GLD   270630C00342000,0.8240930869267625,301,0.8490987635930285,0.04048803784825571,0.25669628634015096,91.86389674974548,402.78,2026-09-02,NSS,continuous_rate,-0.001196933340446035,0.03857268224405938,0.039650787456612456,0.15731369166361667,2.1532279899754223,16.810163806603725,2.060781659511834
2026-09-02,2026-09-02 20:00:00+00:00,2027-06-30,343.0,80.65,897588393,GLD   270630C00343000,0.8240930869267625,301,0.8515815085158152,0.04048803784825571,0.2565872585869394,92.94333120320687,402.78,2026-09-02,NSS,continuous_rate,-0.001196933340446035,0.03857268224405938,0.039650787456612456,0.15731369166361667,2.1532279899754223,16.810163806603725,2.060781659511834
2026-09-02,2026-09-02 20:00:00+00:00,2027-06-30,344.0,79.83,897588426,GLD   270630C00344000,0.8240930869267625,301,0.8540642534386018,0.04048803784825571,0.25569570269128317,93.82900220086863,402.78,2026-09-02,NSS,continuous_rate,-0.001196933340446035,0.03857268224405938,0.039650787456612456,0.15731369166361667,2.1532279899754223,16.810163806603725,2.060781659511834
2026-09-02,2026-09-02 20:00:00+00:00,2027-06-30,345.0,79.1,897588450,GLD   270630C00345000,0.8240930869267625,301,0.8565469983613884,0.04048803784825571,0.2557322656842881,94.93909467720418,402.78,2026-09-02,NSS,continuous_rate,-0.001196933340446035,0.03857268224405938,0.039650787456612456,0.15731369166361667,2.1532279899754223,16.810163806603725,2.060781659511834
2026-09-02,2026-09-02 20:00:00+00:00,2027-06-30,346.0,78.28,897588476,GLD   270630C00346000,0.8240930869267625,301,0.859029743284175,0.04048803784825571,0.2547903355580755,95.81336702805031,402.78,2026-09-02,NSS,continuous_rate,-0.001196933340446035,0.03857268224405938,0.039650787456612456,0.15731369166361667,2.1532279899754223,16.810163806603725,2.060781659511834
2026-09-02,2026-09-02 20:00:00+00:00,2027-06-30,347.0,77.55,897588508,GLD   270630C00347000,0.8240930869267625,301,0.8615124882069617,0.04048803784825571,0.2547580193110742,96.9007431305076,402.78,2026-09-02,NSS,continuous_rate,-0.001196933340446035,0.03857268224405938,0.039650787456612456,0.15731369166361667,2.1532279899754223,16.810163806603725,2.060781659511834
2026-09-02,2026-09-02 20:00:00+00:00,2027-06-30,348.0,76.75,897588547,GLD   270630C00348000,0.8240930869267625,301,0.8639952331297484,0.04048803784825571,0.25397223160481086,97.81103983793518,402.78,2026-09-02,NSS,continuous_rate,-0.001196933340446035,0.03857268224405938,0.039650787456612456,0.15731369166361667,2.1532279899754223,16.810163806603725,2.060781659511834
2026-09-02,2026-09-02 20:00:00+00:00,2027-06-30,349.0,75.58,897588590,GLD   270630C00349000,0.8240930869267625,301,0.8664779780525349,0.04048803784825571,0.24939878417616712,97.85201183992507,402.78,2026-09-02,NSS,continuous_rate,-0.001196933340446035,0.03857268224405938,0.039650787456612456,0.15731369166361667,2.1532279899754223,16.810163806603725,2.060781659511834
2026-09-02,2026-09-02 20:00:00+00:00,2027-06-30,350.0,75.28,897588647,GLD   270630C00350000,0.8240930869267625,301,0.8689607229753216,0.04048803784825571,0.25363462461056185,99.90423152626828,402.78,2026-09-02,NSS,continuous_rate,-0.001196933340446035,0.03857268224405938,0.039650787456612456,0.15731369166361667,2.1532279899754223,16.810163806603725,2.060781659511834
2026-09-02,2026-09-02 20:00:00+00:00,2027-06-30,351.0,74.53,897588698,GLD   270630C00351000,0.8240930869267625,301,0.8714434678981082,0.04048803784825571,0.2532646361780354,100.89997495234311,402.78,2026-09-02,NSS,continuous_rate,-0.001196933340446035,0.03857268224405938,0.039650787456612456,0.15731369166361667,2.1532279899754223,16.810163806603725,2.060781659511834
2026-09-02,2026-09-02 20:00:00+00:00,2027-06-30,352.0,73.72,897588752,GLD   270630C00352000,0.8240930869267625,301,0.8739262128208949,0.04048803784825571,0.25227438068995256,101.76088293781658,402.78,2026-09-02,NSS,continuous_rate,-0.001196933340446035,0.03857268224405938,0.039650787456612456,0.15731369166361667,2.1532279899754223,16.810163806603725,2.060781659511834
2026-09-02,2026-09-02 20:00:00+00:00,2027-06-30,353.0,73.03,897588815,GLD   270630C00353000,0.8240930869267625,301,0.8764089577436814,0.04048803784825571,0.25243228327436373,102.86104004687843,402.78,2026-09-02,NSS,continuous_rate,-0.001196933340446035,0.03857268224405938,0.039650787456612456,0.15731369166361667,2.1532279899754223,16.810163806603725,2.060781659511834
2026-09-02,2026-09-02 20:00:00+00:00,2027-06-30,354.0,72.22,897588870,GLD   270630C00354000,0.8240930869267625,301,0.8788917026664681,0.04048803784825571,0.25139295272473255,103.70942202376855,402.78,2026-09-02,NSS,continuous_rate,-0.001196933340446035,0.03857268224405938,0.039650787456612456,0.15731369166361667,2.1532279899754223,16.810163806603725,2.060781659511834
2026-09-02,2026-09-02 20:00:00+00:00,2027-06-30,355.0,71.53,897588907,GLD   270630C00355000,0.8240930869267625,301,0.8813744475892548,0.04048803784825571,0.25148086316091944,104.7831267054093,402.78,2026-09-02,NSS,continuous_rate,-0.001196933340446035,0.03857268224405938,0.039650787456612456,0.15731369166361667,2.1532279899754223,16.810163806603725,2.060781659511834
2026-09-02,2026-09-02 20:00:00+00:00,2027-06-30,356.0,70.8,897588922,GLD   270630C00356000,0.8240930869267625,301,0.8838571925120414,0.04048803784825571,0.25115106049375613,105.766775473616,402.78,2026-09-02,NSS,continuous_rate,-0.001196933340446035,0.03857268224405938,0.039650787456612456,0.15731369166361667,2.1532279899754223,16.810163806603725,2.060781659511834
2026-09-02,2026-09-02 20:00:00+00:00,2027-06-30,357.0,70.03,897588950,GLD   270630C00357000,0.8240930869267625,301,0.886339937434828,0.04048803784825571,0.250414855409693,106.66791540206019,402.78,2026-09-02,NSS,continuous_rate,-0.001196933340446035,0.03857268224405938,0.039650787456612456,0.15731369166361667,2.1532279899754223,16.810163806603725,2.060781659511834
2026-09-02,2026-09-02 20:00:00+00:00,2027-06-30,358.0,69.85,897588992,GLD   270630C00358000,0.8240930869267625,301,0.8888226823576146,0.04048803784825571,0.255114117345214,108.55011420013103,402.78,2026-09-02,NSS,continuous_rate,-0.001196933340446035,0.03857268224405938,0.039650787456612456,0.15731369166361667,2.1532279899754223,16.810163806603725,2.060781659511834
2026-09-02,2026-09-02 20:00:00+00:00,2027-06-30,359.0,68.58,897589019,GLD   270630C00359000,0.8240930869267625,301,0.8913054272804013,0.04048803784825571,0.24969882236914714,108.60037894771553,402.78,2026-09-02,NSS,continuous_rate,-0.001196933340446035,0.03857268224405938,0.039650787456612456,0.15731369166361667,2.1532279899754223,16.810163806603725,2.060781659511834
2026-09-02,2026-09-02 20:00:00+00:00,2027-06-30,360.0,67.85,897589052,GLD   270630C00360000,0.8240930869267625,301,0.893788172203188,0.04048803784825571,0.24924893737090753,109.54148901838778,402.78,2026-09-02,NSS,continuous_rate,-0.001196933340446035,0.03857268224405938,0.039650787456612456,0.15731369166361667,2.1532279899754223,16.810163806603725,2.060781659511834
2026-09-02,2026-09-02 20:00:00+00:00,2027-06-30,361.0,67.18,897589087,GLD   270630C00361000,0.8240930869267625,301,0.8962709171259745,0.04048803784825571,0.24931266184356063,110.56521250424164,402.78,2026-09-02,NSS,continuous_rate,-0.001196933340446035,0.03857268224405938,0.039650787456612456,0.15731369166361667,2.1532279899754223,16.810163806603725,2.060781659511834
2026-09-02,2026-09-02 20:00:00+00:00,2027-06-30,362.0,66.47,897589127,GLD   270630C00362000,0.8240930869267625,301,0.8987536620487612,0.04048803784825571,0.24897961358213805,111.51220611858022,402.78,2026-09-02,NSS,continuous_rate,-0.001196933340446035,0.03857268224405938,0.039650787456612456,0.15731369166361667,2.1532279899754223,16.810163806603725,2.060781659511834
2026-09-02,2026-09-02 20:00:00+00:00,2027-06-30,363.0,65.78,897589148,GLD   270630C00363000,0.8240930869267625,301,0.9012364069715478,0.04048803784825571,0.24879327828818937,112.47575819807724,402.78,2026-09-02,NSS,continuous_rate,-0.001196933340446035,0.03857268224405938,0.039650787456612456,0.15731369166361667,2.1532279899754223,16.810163806603725,2.060781659511834
2026-09-02,2026-09-02 20:00:00+00:00,2027-06-30,364.0,65.07,897589187,GLD   270630C00364000,0.8240930869267625,301,0.9037191518943344,0.04048803784825571,0.24839708296256147,113.39757984911166,402.78,2026-09-02,NSS,continuous_rate,-0.001196933340446035,0.03857268224405938,0.039650787456612456,0.15731369166361667,2.1532279899754223,16.810163806603725,2.060781659511834
2026-09-02,2026-09-02 20:00:00+00:00,2027-06-30,365.0,64.38,897589208,GLD   270630C00365000,0.8240930869267625,301,0.906201896817121,0.04048803784825571,0.2481458450964652,114.33431726708965,402.78,2026-09-02,NSS,continuous_rate,-0.001196933340446035,0.03857268224405938,0.039650787456612456,0.15731369166361667,2.1532279899754223,16.810163806603725,2.060781659511834
2026-09-02,2026-09-02 20:00:00+00:00,2027-06-30,366.0,63.68,897589260,GLD   270630C00366000,0.8240930869267625,301,0.9086846417399077,0.04048803784825571,0.24777557727275418,115.24472916749785,402.78,2026-09-02,NSS,continuous_rate,-0.001196933340446035,0.03857268224405938,0.039650787456612456,0.15731369166361667,2.1532279899754223,16.810163806603725,2.060781659511834
2026-09-02,2026-09-02 20:00:00+00:00,2027-06-30,367.0,62.95,897589296,GLD   270630C00367000,0.8240930869267625,301,0.9111673866626944,0.04048803784825571,0.24711664247727022,116.10590683674982,402.78,2026-09-02,NSS,continuous_rate,-0.001196933340446035,0.03857268224405938,0.039650787456612456,0.15731369166361667,2.1532279899754223,16.810163806603725,2.060781659511834
2026-09-02,2026-09-02 20:00:00+00:00,2027-06-30,368.0,62.3,897589337,GLD   270630C00368000,0.8240930869267625,301,0.9136501315854809,0.04048803784825571,0.24711545040821659,117.05250466387113,402.78,2026-09-02,NSS,continuous_rate,-0.001196933340446035,0.03857268224405938,0.039650787456612456,0.15731369166361667,2.1532279899754223,16.810163806603725,2.060781659511834
2026-09-02,2026-09-02 20:00:00+00:00,2027-06-30,369.0,61.65,897589380,GLD   270630C00369000,0.8240930869267625,301,0.9161328765082676,0.04048803784825571,0.24707830069372433,117.9821674758663,402.78,2026-09-02,NSS,continuous_rate,-0.001196933340446035,0.03857268224405938,0.039650787456612456,0.15731369166361667,2.1532279899754223,16.810163806603725,2.060781659511834
2026-09-02,2026-09-02 20:00:00+00:00,2027-06-30,370.0,60.93,897589420,GLD   270630C00370000,0.8240930869267625,301,0.9186156214310542,0.04048803784825571,0.24641700038621206,118.81973950593371,402.78,2026-09-02,NSS,continuous_rate,-0.001196933340446035,0.03857268224405938,0.039650787456612456,0.15731369166361667,2.1532279899754223,16.810163806603725,2.060781659511834
2026-09-02,2026-09-02 20:00:00+00:00,2027-06-30,371.0,60.25,897589467,GLD   270630C00371000,0.8240930869267625,301,0.9210983663538409,0.04048803784825571,0.24606393374642355,119.68908127773169,402.78,2026-09-02,NSS,continuous_rate,-0.001196933340446035,0.03857268224405938,0.039650787456612456,0.15731369166361667,2.1532279899754223,16.810163806603725,2.060781659511834
2026-09-02,2026-09-02 20:00:00+00:00,2027-06-30,372.0,59.6,897589491,GLD   270630C00372000,0.8240930869267625,301,0.9235811112766275,0.04048803784825571,0.24592932307375592,120.57495225710007,402.78,2026-09-02,NSS,continuous_rate,-0.001196933340446035,0.03857268224405938,0.039650787456612456,0.15731369166361667,2.1532279899754223,16.810163806603725,2.060781659511834
2026-09-02,2026-09-02 20:00:00+00:00,2027-06-30,373.0,58.93,897589536,GLD   270630C00373000,0.8240930869267625,301,0.9260638561994141,0.04048803784825571,0.2455965867991559,121.42625700585997,402.78,2026-09-02,NSS,continuous_rate,-0.001196933340446035,0.03857268224405938,0.039650787456612456,0.15731369166361667,2.1532279899754223,16.810163806603725,2.060781659511834
2026-09-02,2026-09-02 20:00:00+00:00,2027-06-30,374.0,58.3,897589580,GLD   270630C00374000,0.8240930869267625,301,0.9285466011222008,0.04048803784825571,0.2455603963277303,122.29984571444034,402.78,2026-09-02,NSS,continuous_rate,-0.001196933340446035,0.03857268224405938,0.039650787456612456,0.15731369166361667,2.1532279899754223,16.810163806603725,2.060781659511834
2026-09-02,2026-09-02 20:00:00+00:00,2027-06-30,375.0,57.63,897589621,GLD   270630C00375000,0.8240930869267625,301,0.9310293460449874,0.04048803784825571,0.2451648063496687,123.12234668358366,402.78,2026-09-02,NSS,continuous_rate,-0.001196933340446035,0.03857268224405938,0.039650787456612456,0.15731369166361667,2.1532279899754223,16.810163806603725,2.060781659511834
2026-09-02,2026-09-02 20:00:00+00:00,2027-06-30,376.0,57.03,897589671,GLD   270630C00376000,0.8240930869267625,301,0.933512090967774,0.04048803784825571,0.24530429705502466,123.98833009819221,402.78,2026-09-02,NSS,continuous_rate,-0.001196933340446035,0.03857268224405938,0.039650787456612456,0.15731369166361667,2.1532279899754223,16.810163806603725,2.060781659511834
2026-09-02,2026-09-02 20:00:00+00:00,2027-06-30,377.0,56.35,897589722,GLD   270630C00377000,0.8240930869267625,301,0.9359948358905607,0.04048803784825571,0.24476613375553863,124.77400631380691,402.78,2026-09-02,NSS,continuous_rate,-0.001196933340446035,0.03857268224405938,0.039650787456612456,0.15731369166361667,2.1532279899754223,16.810163806603725,2.060781659511834
2026-09-02,2026-09-02 20:00:00+00:00,2027-06-30,378.0,55.75,897589774,GLD   270630C00378000,0.8240930869267625,301,0.9384775808133473,0.04048803784825571,0.24483728537717836,125.60579888136742,402.78,2026-09-02,NSS,continuous_rate,-0.001196933340446035,0.03857268224405938,0.039650787456612456,0.15731369166361667,2.1532279899754223,16.810163806603725,2.060781659511834
2026-09-02,2026-09-02 20:00:00+00:00,2027-06-30,379.0,55.08,897589841,GLD   270630C00379000,0.8240930869267625,301,0.940960325736134,0.04048803784825571,0.24431922892993319,126.37121965213471,402.78,2026-09-02,NSS,continuous_rate,-0.001196933340446035,0.03857268224405938,0.039650787456612456,0.15731369166361667,2.1532279899754223,16.810163806603725,2.060781659511834
2026-09-02,2026-09-02 20:00:00+00:00,2027-06-30,380.0,54.5,897589891,GLD   270630C00380000,0.8240930869267625,301,0.9434430706589205,0.04048803784825571,0.24448098711268984,127.18242037415482,402.78,2026-09-02,NSS,continuous_rate,-0.001196933340446035,0.03857268224405938,0.039650787456612456,0.15731369166361667,2.1532279899754223,16.810163806603725,2.060781659511834
2026-09-02,2026-09-02 20:00:00+00:00,2027-06-30,381.0,53.85,897589934,GLD   270630C00381000,0.8240930869267625,301,0.9459258155817072,0.04048803784825571,0.2440594975718297,127.93169375385426,402.78,2026-09-02,NSS,continuous_rate,-0.001196933340446035,0.03857268224405938,0.039650787456612456,0.15731369166361667,2.1532279899754223,16.810163806603725,2.060781659511834
2026-09-02,2026-09-02 20:00:00+00:00,2027-06-30,382.0,53.23,897590004,GLD   270630C00382000,0.8240930869267625,301,0.9484085605044938,0.04048803784825571,0.2438420753520914,128.68439418252993,402.78,2026-09-02,NSS,continuous_rate,-0.001196933340446035,0.03857268224405938,0.039650787456612456,0.15731369166361667,2.1532279899754223,16.810163806603725,2.060781659511834
2026-09-02,2026-09-02 20:00:00+00:00,2027-06-30,383.0,52.63,897590091,GLD   270630C00383000,0.8240930869267625,301,0.9508913054272805,0.04048803784825571,0.24374780876645818,129.4320645895934,402.78,2026-09-02,NSS,continuous_rate,-0.001196933340446035,0.03857268224405938,0.039650787456612456,0.15731369166361667,2.1532279899754223,16.810163806603725,2.060781659511834
2026-09-02,2026-09-02 20:00:00+00:00,2027-06-30,384.0,52.03,897590152,GLD   270630C00384000,0.8240930869267625,301,0.9533740503500671,0.04048803784825571,0.24362087203832347,130.16274942835528,402.78,2026-09-02,NSS,continuous_rate,-0.001196933340446035,0.03857268224405938,0.039650787456612456,0.15731369166361667,2.1532279899754223,16.810163806603725,2.060781659511834
2026-09-02,2026-09-02 20:00:00+00:00,2027-06-30,385.0,51.43,897590231,GLD   270630C00385000,0.8240930869267625,301,0.9558567952728537,0.04048803784825571,0.24346174944574017,130.87668670945735,402.78,2026-09-02,NSS,continuous_rate,-0.001196933340446035,0.03857268224405938,0.039650787456612456,0.15731369166361667,2.1532279899754223,16.810163806603725,2.060781659511834
2026-09-02,2026-09-02 20:00:00+00:00,2027-06-30,386.0,50.8,897590285,GLD   270630C00386000,0.8240930869267625,301,0.9583395401956404,0.04048803784825571,0.24304287686897447,131.56099935630178,402.78,2026-09-02,NSS,continuous_rate,-0.001196933340446035,0.03857268224405938,0.039650787456612456,0.15731369166361667,2.1532279899754223,16.810163806603725,2.060781659511834
2026-09-02,2026-09-02 20:00:00+00:00,2027-06-30,387.0,50.2,897590342,GLD   270630C00387000,0.8240930869267625,301,0.960822285118427,0.04048803784825571,0.2428219063811936,132.24300188942334,402.78,2026-09-02,NSS,continuous_rate,-0.001196933340446035,0.03857268224405938,0.039650787456612456,0.15731369166361667,2.1532279899754223,16.810163806603725,2.060781659511834
2026-09-02,2026-09-02 20:00:00+00:00,2027-06-30,388.0,49.63,897590400,GLD   270630C00388000,0.8240930869267625,301,0.9633050300412136,0.04048803784825571,0.24279570880113172,132.92004633865892,402.78,2026-09-02,NSS,continuous_rate,-0.001196933340446035,0.03857268224405938,0.039650787456612456,0.15731369166361667,2.1532279899754223,16.810163806603725,2.060781659511834
2026-09-02,2026-09-02 20:00:00+00:00,2027-06-30,389.0,49.08,897590468,GLD   270630C00389000,0.8240930869267625,301,0.9657877749640003,0.04048803784825571,0.24288646437088035,133.58614291283402,402.78,2026-09-02,NSS,continuous_rate,-0.001196933340446035,0.03857268224405938,0.039650787456612456,0.15731369166361667,2.1532279899754223,16.810163806603725,2.060781659511834
2026-09-02,2026-09-02 20:00:00+00:00,2027-06-30,390.0,48.48,897590531,GLD   270630C00390000,0.8240930869267625,301,0.9682705198867869,0.04048803784825571,0.24257096653236077,134.21773388534453,402.78,2026-09-02,NSS,continuous_rate,-0.001196933340446035,0.03857268224405938,0.039650787456612456,0.15731369166361667,2.1532279899754223,16.810163806603725,2.060781659511834
2026-09-02,2026-09-02 20:00:00+00:00,2027-06-30,391.0,47.93,897590586,GLD   270630C00391000,0.8240930869267625,301,0.9707532648095736,0.04048803784825571,0.24259649357357999,134.84802740814746,402.78,2026-09-02,NSS,continuous_rate,-0.001196933340446035,0.03857268224405938,0.039650787456612456,0.15731369166361667,2.1532279899754223,16.810163806603725,2.060781659511834
2026-09-02,2026-09-02 20:00:00+00:00,2027-06-30,392.0,47.38,897590644,GLD   270630C00392000,0.8240930869267625,301,0.9732360097323601,0.04048803784825571,0.24258921077670537,135.4600652774949,402.78,2026-09-02,NSS,continuous_rate,-0.001196933340446035,0.03857268224405938,0.039650787456612456,0.15731369166361667,2.1532279899754223,16.810163806603725,2.060781659511834
2026-09-02,2026-09-02 20:00:00+00:00,2027-06-30,393.0,46.4,897590697,GLD   270630C00393000,0.8240930869267625,301,0.9757187546551468,0.04048803784825571,0.23938788139401002,135.9502094955425,402.78,2026-09-02,NSS,continuous_rate,-0.001196933340446035,0.03857268224405938,0.039650787456612456,0.15731369166361667,2.1532279899754223,16.810163806603725,2.060781659511834
2026-09-02,2026-09-02 20:00:00+00:00,2027-06-30,394.0,46.25,897590760,GLD   270630C00394000,0.8240930869267625,301,0.9782014995779335,0.04048803784825571,0.24225847680559387,136.62397256353842,402.78,2026-09-02,NSS,continuous_rate,-0.001196933340446035,0.03857268224405938,0.039650787456612456,0.15731369166361667,2.1532279899754223,16.810163806603725,2.060781659511834
2026-09-02,2026-09-02 20:00:00+00:00,2027-06-30,395.0,45.65,897590829,GLD   270630C00395000,0.8240930869267625,301,0.9806842445007201,0.04048803784825571,0.24179182833628737,137.17381990870302,402.78,2026-09-02,NSS,continuous_rate,-0.001196933340446035,0.03857268224405938,0.039650787456612456,0.15731369166361667,2.1532279899754223,16.810163806603725,2.060781659511834
2026-09-02,2026-09-02 20:00:00+00:00,2027-06-30,396.0,45.15,897590862,GLD   270630C00396000,0.8240930869267625,301,0.9831669894235067,0.04048803784825571,0.24202298728926108,137.7251603721825,402.78,2026-09-02,NSS,continuous_rate,-0.001196933340446035,0.03857268224405938,0.039650787456612456,0.15731369166361667,2.1532279899754223,16.810163806603725,2.060781659511834
2026-09-02,2026-09-02 20:00:00+00:00,2027-06-30,397.0,44.5,897590904,GLD   270630C00397000,0.8240930869267625,301,0.9856497343462933,0.04048803784825571,0.24113547325273982,138.23498332688283,402.78,2026-09-02,NSS,continuous_rate,-0.001196933340446035,0.03857268224405938,0.039650787456612456,0.15731369166361667,2.1532279899754223,16.810163806603725,2.060781659511834
2026-09-02,2026-09-02 20:00:00+00:00,2027-06-30,398.0,43.55,897590964,GLD   270630C00398000,0.8240930869267625,301,0.98813247926908,0.04048803784825571,0.23805994440736256,138.6915354732991,402.78,2026-09-02,NSS,continuous_rate,-0.001196933340446035,0.03857268224405938,0.039650787456612456,0.15731369166361667,2.1532279899754223,16.810163806603725,2.060781659511834
2026-09-02,2026-09-02 20:00:00+00:00,2027-06-30,399.0,43.25,897591022,GLD   270630C00399000,0.8240930869267625,301,0.9906152241918667,0.04048803784825571,0.23964384097112346,139.21983173864646,402.78,2026-09-02,NSS,continuous_rate,-0.001196933340446035,0.03857268224405938,0.039650787456612456,0.15731369166361667,2.1532279899754223,16.810163806603725,2.060781659511834
2026-09-02,2026-09-02 20:00:00+00:00,2027-06-30,400.0,42.35,897591090,GLD   270630C00400000,0.8240930869267625,301,0.9930979691146532,0.04048803784825571,0.236889500231389,139.66365369750213,402.78,2026-09-02,NSS,continuous_rate,-0.001196933340446035,0.03857268224405938,0.039650787456612456,0.15731369166361667,2.1532279899754223,16.810163806603725,2.060781659511834
2026-09-02,2026-09-02 20:00:00+00:00,2027-06-30,401.0,42.25,897591201,GLD   270630C00401000,0.8240930869267625,301,0.9955807140374399,0.04048803784825571,0.23983015763899312,140.16573484152008,402.78,2026-09-02,NSS,continuous_rate,-0.001196933340446035,0.03857268224405938,0.039650787456612456,0.15731369166361667,2.1532279899754223,16.810163806603725,2.060781659511834
2026-09-02,2026-09-02 20:00:00+00:00,2027-06-30,402.0,41.75,897591281,GLD   270630C00402000,0.8240930869267625,301,0.9980634589602265,0.04048803784825571,0.2398753165674396,140.61056110139918,402.78,2026-09-02,NSS,continuous_rate,-0.001196933340446035,0.03857268224405938,0.039650787456612456,0.15731369166361667,2.1532279899754223,16.810163806603725,2.060781659511834
2026-09-02,2026-09-02 20:00:00+00:00,2027-06-30,403.0,41.25,897591346,GLD   270630C00403000,0.8240930869267625,301,1.000546203883013,0.04048803784825571,0.23988899742243813,141.03690850244092,402.78,2026-09-02,NSS,continuous_rate,-0.001196933340446035,0.03857268224405938,0.039650787456612456,0.15731369166361667,2.1532279899754223,16.810163806603725,2.060781659511834
2026-09-02,2026-09-02 20:00:00+00:00,2027-06-30,404.0,40.4,897591399,GLD   270630C00404000,0.8240930869267625,301,1.0030289488057997,0.04048803784825571,0.237396977065783,141.43338425327823,402.78,2026-09-02,NSS,continuous_rate,-0.001196933340446035,0.03857268224405938,0.039650787456612456,0.15731369166361667,2.1532279899754223,16.810163806603725,2.060781659511834
2026-09-02,2026-09-02 20:00:00+00:00,2027-06-30,405.0,40.1,897591482,GLD   270630C00405000,0.8240930869267625,301,1.0055116937285864,0.04048803784825571,0.2387656865392812,141.8319139752867,402.78,2026-09-02,NSS,continuous_rate,-0.001196933340446035,0.03857268224405938,0.039650787456612456,0.15731369166361667,2.1532279899754223,16.810163806603725,2.060781659511834
2026-09-02,2026-09-02 20:00:00+00:00,2027-06-30,406.0,39.75,897591547,GLD   270630C00406000,0.8240930869267625,301,1.007994438651373,0.04048803784825571,0.23974448698880158,142.20669484894083,402.78,2026-09-02,NSS,continuous_rate,-0.001196933340446035,0.03857268224405938,0.039650787456612456,0.15731369166361667,2.1532279899754223,16.810163806603725,2.060781659511834
2026-09-02,2026-09-02 20:00:00+00:00,2027-06-30,407.0,39.1,897591606,GLD   270630C00407000,0.8240930869267625,301,1.0104771835741597,0.04048803784825571,0.23858329997407274,142.56101178103947,402.78,2026-09-02,NSS,continuous_rate,-0.001196933340446035,0.03857268224405938,0.039650787456612456,0.15731369166361667,2.1532279899754223,16.810163806603725,2.060781659511834
2026-09-02,2026-09-02 20:00:00+00:00,2027-06-30,410.0,37.45,897591672,GLD   270630C00410000,0.8240930869267625,301,1.0179254183425195,0.04048803784825571,0.23703925390625374,143.52379816266676,402.78,2026-09-02,NSS,continuous_rate,-0.001196933340446035,0.03857268224405938,0.039650787456612456,0.15731369166361667,2.1532279899754223,16.810163806603725,2.060781659511834
2026-09-02,2026-09-02 20:00:00+00:00,2027-06-30,415.0,35.28,897591742,GLD   270630C00415000,0.8240930869267625,301,1.0303391429564528,0.04048803784825571,0.2379089800373651,144.751277589124,402.78,2026-09-02,NSS,continuous_rate,-0.001196933340446035,0.03857268224405938,0.039650787456612456,0.15731369166361667,2.1532279899754223,16.810163806603725,2.060781659511834
2026-09-02,2026-09-02 20:00:00+00:00,2027-06-30,420.0,33.35,897591811,GLD   270630C00420000,0.8240930869267625,301,1.0427528675703859,0.04048803784825571,0.23967970548616724,145.5158203754938,402.78,2026-09-02,NSS,continuous_rate,-0.001196933340446035,0.03857268224405938,0.039650787456612456,0.15731369166361667,2.1532279899754223,16.810163806603725,2.060781659511834
2026-09-02,2026-09-02 20:00:00+00:00,2027-06-30,425.0,30.93,897591871,GLD   270630C00425000,0.8240930869267625,301,1.055166592184319,0.04048803784825571,0.2373617365243845,145.85699026281142,402.78,2026-09-02,NSS,continuous_rate,-0.001196933340446035,0.03857268224405938,0.039650787456612456,0.15731369166361667,2.1532279899754223,16.810163806603725,2.060781659511834
2026-09-02,2026-09-02 20:00:00+00:00,2027-06-30,430.0,29.45,897591919,GLD   270630C00430000,0.8240930869267625,301,1.0675803167982523,0.04048803784825571,0.24078859978420664,145.76896351866299,402.78,2026-09-02,NSS,continuous_rate,-0.001196933340446035,0.03857268224405938,0.039650787456612456,0.15731369166361667,2.1532279899754223,16.810163806603725,2.060781659511834
2026-09-02,2026-09-02 20:00:00+00:00,2027-06-30,435.0,27.65,897591957,GLD   270630C00435000,0.8240930869267625,301,1.0799940414121854,0.04048803784825571,0.24134279082464055,145.28811521332017,402.78,2026-09-02,NSS,continuous_rate,-0.001196933340446035,0.03857268224405938,0.039650787456612456,0.15731369166361667,2.1532279899754223,16.810163806603725,2.060781659511834
2026-09-02,2026-09-02 20:00:00+00:00,2027-06-30,440.0,25.98,897592020,GLD   270630C00440000,0.8240930869267625,301,1.0924077660261184,0.04048803784825571,0.24213408253723762,144.43945095048724,402.78,2026-09-02,NSS,continuous_rate,-0.001196933340446035,0.03857268224405938,0.039650787456612456,0.15731369166361667,2.1532279899754223,16.810163806603725,2.060781659511834
2026-09-02,2026-09-02 20:00:00+00:00,2027-06-30,445.0,24.35,897592083,GLD   270630C00445000,0.8240930869267625,301,1.1048214906400518,0.04048803784825571,0.2425635533529334,143.231378279135,402.78,2026-09-02,NSS,continuous_rate,-0.001196933340446035,0.03857268224405938,0.039650787456612456,0.15731369166361667,2.1532279899754223,16.810163806603725,2.060781659511834
2026-09-02,2026-09-02 20:00:00+00:00,2027-06-30,450.0,22.83,897592137,GLD   270630C00450000,0.8240930869267625,301,1.1172352152539848,0.04048803784825571,0.24313935995800423,141.70431585411384,402.78,2026-09-02,NSS,continuous_rate,-0.001196933340446035,0.03857268224405938,0.039650787456612456,0.15731369166361667,2.1532279899754223,16.810163806603725,2.060781659511834
2026-09-02,2026-09-02 20:00:00+00:00,2027-06-30,455.0,21.2,897592191,GLD   270630C00455000,0.8240930869267625,301,1.1296489398679181,0.04048803784825571,0.2423180057539605,139.76089340385627,402.78,2026-09-02,NSS,continuous_rate,-0.001196933340446035,0.03857268224405938,0.039650787456612456,0.15731369166361667,2.1532279899754223,16.810163806603725,2.060781659511834
2026-09-02,2026-09-02 20:00:00+00:00,2027-06-30,460.0,20.0,897592219,GLD   270630C00460000,0.8240930869267625,301,1.1420626644818512,0.04048803784825571,0.24398235766580328,137.7544003678226,402.78,2026-09-02,NSS,continuous_rate,-0.001196933340446035,0.03857268224405938,0.039650787456612456,0.15731369166361667,2.1532279899754223,16.810163806603725,2.060781659511834
2026-09-02,2026-09-02 20:00:00+00:00,2027-06-30,465.0,19.83,897592243,GLD   270630C00465000,0.8240930869267625,301,1.1544763890957843,0.04048803784825571,0.2526792837074958,136.41569165066934,402.78,2026-09-02,NSS,continuous_rate,-0.001196933340446035,0.03857268224405938,0.039650787456612456,0.15731369166361667,2.1532279899754223,16.810163806603725,2.060781659511834
2026-09-02,2026-09-02 20:00:00+00:00,2027-06-30,470.0,17.5,897592267,GLD   270630C00470000,0.8240930869267625,301,1.1668901137097176,0.04048803784825571,0.24492965210275724,132.8216905092316,402.78,2026-09-02,NSS,continuous_rate,-0.001196933340446035,0.03857268224405938,0.039650787456612456,0.15731369166361667,2.1532279899754223,16.810163806603725,2.060781659511834
2026-09-02,2026-09-02 20:00:00+00:00,2027-06-30,475.0,16.4,897592300,GLD   270630C00475000,0.8240930869267625,301,1.1793038383236507,0.04048803784825571,0.2457140707922168,130.10572731508097,402.78,2026-09-02,NSS,continuous_rate,-0.001196933340446035,0.03857268224405938,0.039650787456612456,0.15731369166361667,2.1532279899754223,16.810163806603725,2.060781659511834
2026-09-02,2026-09-02 20:00:00+00:00,2027-06-30,480.0,15.5,897592325,GLD   270630C00480000,0.8240930869267625,301,1.1917175629375838,0.04048803784825571,0.2475452658063732,127.44549361752992,402.78,2026-09-02,NSS,continuous_rate,-0.001196933340446035,0.03857268224405938,0.039650787456612456,0.15731369166361667,2.1532279899754223,16.810163806603725,2.060781659511834
2026-09-02,2026-09-02 20:00:00+00:00,2027-09-17,325.0,99.38,887869727,GLD   270917C00325000,1.0403832991101984,380,0.8068920999056558,0.04105191653974736,0.2574844255888835,88.42690353181216,402.78,2026-09-02,NSS,continuous_rate,-0.001196933340446035,0.03857268224405938,0.039650787456612456,0.15731369166361667,2.1532279899754223,16.810163806603725,2.060781659511834
2026-09-02,2026-09-02 20:00:00+00:00,2027-09-17,330.0,95.4,887869790,GLD   270917C00330000,1.0403832991101984,380,0.8193058245195889,0.04105191653974736,0.2555901487017983,93.58565724692505,402.78,2026-09-02,NSS,continuous_rate,-0.001196933340446035,0.03857268224405938,0.039650787456612456,0.15731369166361667,2.1532279899754223,16.810163806603725,2.060781659511834
2026-09-02,2026-09-02 20:00:00+00:00,2027-09-17,335.0,91.45,887869857,GLD   270917C00335000,1.0403832991101984,380,0.8317195491335221,0.04105191653974736,0.2533910700020381,98.67367019417881,402.78,2026-09-02,NSS,continuous_rate,-0.001196933340446035,0.03857268224405938,0.039650787456612456,0.15731369166361667,2.1532279899754223,16.810163806603725,2.060781659511834
2026-09-02,2026-09-02 20:00:00+00:00,2027-09-17,340.0,87.75,887869910,GLD   270917C00340000,1.0403832991101984,380,0.8441332737474553,0.04105191653974736,0.25302286967309195,104.26793221016747,402.78,2026-09-02,NSS,continuous_rate,-0.001196933340446035,0.03857268224405938,0.039650787456612456,0.15731369166361667,2.1532279899754223,16.810163806603725,2.060781659511834
2026-09-02,2026-09-02 20:00:00+00:00,2027-09-17,345.0,83.78,887869959,GLD   270917C00345000,1.0403832991101984,380,0.8565469983613884,0.04105191653974736,0.24944037621049212,108.95356924416726,402.78,2026-09-02,NSS,continuous_rate,-0.001196933340446035,0.03857268224405938,0.039650787456612456,0.15731369166361667,2.1532279899754223,16.810163806603725,2.060781659511834
2026-09-02,2026-09-02 20:00:00+00:00,2027-09-17,350.0,80.28,887870022,GLD   270917C00350000,1.0403832991101984,380,0.8689607229753216,0.04105191653974736,0.2495282726771198,114.5035832391837,402.78,2026-09-02,NSS,continuous_rate,-0.001196933340446035,0.03857268224405938,0.039650787456612456,0.15731369166361667,2.1532279899754223,16.810163806603725,2.060781659511834
2026-09-02,2026-09-02 20:00:00+00:00,2027-09-17,355.0,76.75,887870079,GLD   270917C00355000,1.0403832991101984,380,0.8813744475892548,0.04105191653974736,0.24860629108147697,119.66252573495564,402.78,2026-09-02,NSS,continuous_rate,-0.001196933340446035,0.03857268224405938,0.039650787456612456,0.15731369166361667,2.1532279899754223,16.810163806603725,2.060781659511834
2026-09-02,2026-09-02 20:00:00+00:00,2027-09-17,360.0,73.15,887870134,GLD   270917C00360000,1.0403832991101984,380,0.893788172203188,0.04105191653974736,0.2464621406885795,124.434169576296,402.78,2026-09-02,NSS,continuous_rate,-0.001196933340446035,0.03857268224405938,0.039650787456612456,0.15731369166361667,2.1532279899754223,16.810163806603725,2.060781659511834
2026-09-02,2026-09-02 20:00:00+00:00,2027-09-17,365.0,69.97,887870182,GLD   270917C00365000,1.0403832991101984,380,0.906201896817121,0.04105191653974736,0.24700529577722774,129.49676458101987,402.78,2026-09-02,NSS,continuous_rate,-0.001196933340446035,0.03857268224405938,0.039650787456612456,0.15731369166361667,2.1532279899754223,16.810163806603725,2.060781659511834
2026-09-02,2026-09-02 20:00:00+00:00,2027-09-17,370.0,66.35,887870217,GLD   270917C00370000,1.0403832991101984,380,0.9186156214310542,0.04105191653974736,0.24351976502519104,133.7258163332437,402.78,2026-09-02,NSS,continuous_rate,-0.001196933340446035,0.03857268224405938,0.039650787456612456,0.15731369166361667,2.1532279899754223,16.810163806603725,2.060781659511834
2026-09-02,2026-09-02 20:00:00+00:00,2027-09-17,375.0,63.25,887870280,GLD   270917C00375000,1.0403832991101984,380,0.9310293460449874,0.04105191653974736,0.24332608639961106,138.1924876669886,402.78,2026-09-02,NSS,continuous_rate,-0.001196933340446035,0.03857268224405938,0.039650787456612456,0.15731369166361667,2.1532279899754223,16.810163806603725,2.060781659511834
2026-09-02,2026-09-02 20:00:00+00:00,2027-09-17,380.0,60.23,887870334,GLD   270917C00380000,1.0403832991101984,380,0.9434430706589205,0.04105191653974736,0.2430245860594325,142.3388114449741,402.78,2026-09-02,NSS,continuous_rate,-0.001196933340446035,0.03857268224405938,0.039650787456612456,0.15731369166361667,2.1532279899754223,16.810163806603725,2.060781659511834
2026-09-02,2026-09-02 20:00:00+00:00,2027-09-17,385.0,57.08,887870377,GLD   270917C00385000,1.0403832991101984,380,0.9558567952728537,0.04105191653974736,0.2411828859367408,146.05460417206135,402.78,2026-09-02,NSS,continuous_rate,-0.001196933340446035,0.03857268224405938,0.039650787456612456,0.15731369166361667,2.1532279899754223,16.810163806603725,2.060781659511834
2026-09-02,2026-09-02 20:00:00+00:00,2027-09-17,390.0,54.53,887870430,GLD   270917C00390000,1.0403832991101984,380,0.9682705198867869,0.04105191653974736,0.24278606049222873,149.64998573453292,402.78,2026-09-02,NSS,continuous_rate,-0.001196933340446035,0.03857268224405938,0.039650787456612456,0.15731369166361667,2.1532279899754223,16.810163806603725,2.060781659511834
2026-09-02,2026-09-02 20:00:00+00:00,2027-09-17,395.0,51.68,887870478,GLD   270917C00395000,1.0403832991101984,380,0.9806842445007201,0.04105191653974736,0.24171817150702707,152.73483354898715,402.78,2026-09-02,NSS,continuous_rate,-0.001196933340446035,0.03857268224405938,0.039650787456612456,0.15731369166361667,2.1532279899754223,16.810163806603725,2.060781659511834
2026-09-02,2026-09-02 20:00:00+00:00,2027-09-17,400.0,49.15,887870533,GLD   270917C00400000,1.0403832991101984,380,0.9930979691146532,0.04105191653974736,0.24212285101162273,155.4940670533076,402.78,2026-09-02,NSS,continuous_rate,-0.001196933340446035,0.03857268224405938,0.039650787456612456,0.15731369166361667,2.1532279899754223,16.810163806603725,2.060781659511834
2026-09-02,2026-09-02 20:00:00+00:00,2027-09-17,405.0,46.43,887870585,GLD   270917C00405000,1.0403832991101984,380,1.0055116937285864,0.04105191653974736,0.24069983720490712,157.845731246783,402.78,2026-09-02,NSS,continuous_rate,-0.001196933340446035,0.03857268224405938,0.039650787456612456,0.15731369166361667,2.1532279899754223,16.810163806603725,2.060781659511834
2026-09-02,2026-09-02 20:00:00+00:00,2027-09-17,410.0,44.25,887870628,GLD   270917C00410000,1.0403832991101984,380,1.0179254183425195,0.04105191653974736,0.24209321691999214,159.8205117398982,402.78,2026-09-02,NSS,continuous_rate,-0.001196933340446035,0.03857268224405938,0.039650787456612456,0.15731369166361667,2.1532279899754223,16.810163806603725,2.060781659511834
2026-09-02,2026-09-02 20:00:00+00:00,2027-09-17,415.0,41.5,887870681,GLD   270917C00415000,1.0403832991101984,380,1.0303391429564528,0.04105191653974736,0.23933990061460064,161.41954901385213,402.78,2026-09-02,NSS,continuous_rate,-0.001196933340446035,0.03857268224405938,0.039650787456612456,0.15731369166361667,2.1532279899754223,16.810163806603725,2.060781659511834
2026-09-02,2026-09-02 20:00:00+00:00,2027-09-17,420.0,39.4,887870740,GLD   270917C00420000,1.0403832991101984,380,1.0427528675703859,0.04105191653974736,0.24005244126534092,162.60497885292466,402.78,2026-09-02,NSS,continuous_rate,-0.001196933340446035,0.03857268224405938,0.039650787456612456,0.15731369166361667,2.1532279899754223,16.810163806603725,2.060781659511834
2026-09-02,2026-09-02 20:00:00+00:00,2027-09-17,425.0,37.08,887870798,GLD   270917C00425000,1.0403832991101984,380,1.055166592184319,0.04105191653974736,0.23884541547028346,163.41694340531475,402.78,2026-09-02,NSS,continuous_rate,-0.001196933340446035,0.03857268224405938,0.039650787456612456,0.15731369166361667,2.1532279899754223,16.810163806603725,2.060781659511834
2026-09-02,2026-09-02 20:00:00+00:00,2027-09-17,430.0,35.2,887870856,GLD   270917C00430000,1.0403832991101984,380,1.0675803167982523,0.04105191653974736,0.23977757621807977,163.82692253838476,402.78,2026-09-02,NSS,continuous_rate,-0.001196933340446035,0.03857268224405938,0.039650787456612456,0.15731369166361667,2.1532279899754223,16.810163806603725,2.060781659511834
2026-09-02,2026-09-02 20:00:00+00:00,2027-09-17,435.0,33.4,887870918,GLD   270917C00435000,1.0403832991101984,380,1.0799940414121854,0.04105191653974736,0.24065351414652544,163.87529779828552,402.78,2026-09-02,NSS,continuous_rate,-0.001196933340446035,0.03857268224405938,0.039650787456612456,0.15731369166361667,2.1532279899754223,16.810163806603725,2.060781659511834
2026-09-02,2026-09-02 20:00:00+00:00,2027-09-17,440.0,31.68,887870960,GLD   270917C00440000,1.0403832991101984,380,1.0924077660261184,0.04105191653974736,0.24149125930005694,163.58093567119977,402.78,2026-09-02,NSS,continuous_rate,-0.001196933340446035,0.03857268224405938,0.039650787456612456,0.15731369166361667,2.1532279899754223,16.810163806603725,2.060781659511834
2026-09-02,2026-09-02 20:00:00+00:00,2027-09-17,445.0,30.38,887871012,GLD   270917C00445000,1.0403832991101984,380,1.1048214906400518,0.04105191653974736,0.24439481355836618,163.01587288570832,402.78,2026-09-02,NSS,continuous_rate,-0.001196933340446035,0.03857268224405938,0.039650787456612456,0.15731369166361667,2.1532279899754223,16.810163806603725,2.060781659511834
2026-09-02,2026-09-02 20:00:00+00:00,2027-09-17,450.0,28.68,887871065,GLD   270917C00450000,1.0403832991101984,380,1.1172352152539848,0.04105191653974736,0.24435832506967714,162.09402971507032,402.78,2026-09-02,NSS,continuous_rate,-0.001196933340446035,0.03857268224405938,0.039650787456612456,0.15731369166361667,2.1532279899754223,16.810163806603725,2.060781659511834
2026-09-02,2026-09-02 20:00:00+00:00,2027-09-17,455.0,26.8,887871118,GLD   270917C00455000,1.0403832991101984,380,1.1296489398679181,0.04105191653974736,0.24271268305415294,160.77640604483588,402.78,2026-09-02,NSS,continuous_rate,-0.001196933340446035,0.03857268224405938,0.039650787456612456,0.15731369166361667,2.1532279899754223,16.810163806603725,2.060781659511834
2026-09-02,2026-09-02 20:00:00+00:00,2027-09-17,460.0,25.4,887871178,GLD   270917C00460000,1.0403832991101984,380,1.1420626644818512,0.04105191653974736,0.24356924054743723,159.30063382071575,402.78,2026-09-02,NSS,continuous_rate,-0.001196933340446035,0.03857268224405938,0.039650787456612456,0.15731369166361667,2.1532279899754223,16.810163806603725,2.060781659511834
2026-09-02,2026-09-02 20:00:00+00:00,2027-09-17,465.0,23.85,887871225,GLD   270917C00465000,1.0403832991101984,380,1.1544763890957843,0.04105191653974736,0.24301974327890205,157.4529748798216,402.78,2026-09-02,NSS,continuous_rate,-0.001196933340446035,0.03857268224405938,0.039650787456612456,0.15731369166361667,2.1532279899754223,16.810163806603725,2.060781659511834
2026-09-02,2026-09-02 20:00:00+00:00,2027-09-17,470.0,22.55,887871279,GLD   270917C00470000,1.0403832991101984,380,1.1668901137097176,0.04105191653974736,0.24360184549866248,155.46506622783687,402.78,2026-09-02,NSS,continuous_rate,-0.001196933340446035,0.03857268224405938,0.039650787456612456,0.15731369166361667,2.1532279899754223,16.810163806603725,2.060781659511834
2026-09-02,2026-09-02 20:00:00+00:00,2027-09-17,475.0,21.43,887871325,GLD   270917C00475000,1.0403832991101984,380,1.1793038383236507,0.04105191653974736,0.24492129830634224,153.37518408195427,402.78,2026-09-02,NSS,continuous_rate,-0.001196933340446035,0.03857268224405938,0.039650787456612456,0.15731369166361667,2.1532279899754223,16.810163806603725,2.060781659511834
2026-09-02,2026-09-02 20:00:00+00:00,2027-09-17,480.0,20.35,887871375,GLD   270917C00480000,1.0403832991101984,380,1.1917175629375838,0.04105191653974736,0.24610355141637846,151.11103458989388,402.78,2026-09-02,NSS,continuous_rate,-0.001196933340446035,0.03857268224405938,0.039650787456612456,0.15731369166361667,2.1532279899754223,16.810163806603725,2.060781659511834
2026-09-02,2026-09-02 20:00:00+00:00,2028-01-21,325.0,107.0,814295299,GLD   280121C00325000,1.3853524982888432,506,0.8068920999056558,0.04179198666685689,0.26019126517074187,109.80555038093027,402.78,2026-09-02,NSS,continuous_rate,-0.001196933340446035,0.03857268224405938,0.039650787456612456,0.15731369166361667,2.1532279899754223,16.810163806603725,2.060781659511834
2026-09-02,2026-09-02 20:00:00+00:00,2028-01-21,330.0,103.33,814295359,GLD   280121C00330000,1.3853524982888432,506,0.8193058245195889,0.04179198666685689,0.25953139907130984,115.3209858226958,402.78,2026-09-02,NSS,continuous_rate,-0.001196933340446035,0.03857268224405938,0.039650787456612456,0.15731369166361667,2.1532279899754223,16.810163806603725,2.060781659511834
2026-09-02,2026-09-02 20:00:00+00:00,2028-01-21,335.0,99.2,814295409,GLD   280121C00335000,1.3853524982888432,506,0.8317195491335221,0.04179198666685689,0.25449140561679384,119.50462113121823,402.78,2026-09-02,NSS,continuous_rate,-0.001196933340446035,0.03857268224405938,0.039650787456612456,0.15731369166361667,2.1532279899754223,16.810163806603725,2.060781659511834
2026-09-02,2026-09-02 20:00:00+00:00,2028-01-21,340.0,95.85,814295468,GLD   280121C00340000,1.3853524982888432,506,0.8441332737474553,0.04179198666685689,0.25550682493755605,125.4264077984827,402.78,2026-09-02,NSS,continuous_rate,-0.001196933340446035,0.03857268224405938,0.039650787456612456,0.15731369166361667,2.1532279899754223,16.810163806603725,2.060781659511834
2026-09-02,2026-09-02 20:00:00+00:00,2028-01-21,345.0,92.0,814295533,GLD   280121C00345000,1.3853524982888432,506,0.8565469983613884,0.04179198666685689,0.2520188308865764,130.04361530011906,402.78,2026-09-02,NSS,continuous_rate,-0.001196933340446035,0.03857268224405938,0.039650787456612456,0.15731369166361667,2.1532279899754223,16.810163806603725,2.060781659511834
2026-09-02,2026-09-02 20:00:00+00:00,2028-01-21,350.0,88.9,814295591,GLD   280121C00350000,1.3853524982888432,506,0.8689607229753216,0.04179198666685689,0.2537581620792859,135.85383648144534,402.78,2026-09-02,NSS,continuous_rate,-0.001196933340446035,0.03857268224405938,0.039650787456612456,0.15731369166361667,2.1532279899754223,16.810163806603725,2.060781659511834
2026-09-02,2026-09-02 20:00:00+00:00,2028-01-21,355.0,85.28,814295637,GLD   280121C00355000,1.3853524982888432,506,0.8813744475892548,0.04179198666685689,0.2511137524575926,140.511603958602,402.78,2026-09-02,NSS,continuous_rate,-0.001196933340446035,0.03857268224405938,0.039650787456612456,0.15731369166361667,2.1532279899754223,16.810163806603725,2.060781659511834
2026-09-02,2026-09-02 20:00:00+00:00,2028-01-21,360.0,81.8,814295687,GLD   280121C00360000,1.3853524982888432,506,0.893788172203188,0.04179198666685689,0.24906006893021987,145.19570252580314,402.78,2026-09-02,NSS,continuous_rate,-0.001196933340446035,0.03857268224405938,0.039650787456612456,0.15731369166361667,2.1532279899754223,16.810163806603725,2.060781659511834
2026-09-02,2026-09-02 20:00:00+00:00,2028-01-21,365.0,78.78,814295739,GLD   280121C00365000,1.3853524982888432,506,0.906201896817121,0.04179198666685689,0.24966427099267025,150.1784007211131,402.78,2026-09-02,NSS,continuous_rate,-0.001196933340446035,0.03857268224405938,0.039650787456612456,0.15731369166361667,2.1532279899754223,16.810163806603725,2.060781659511834
2026-09-02,2026-09-02 20:00:00+00:00,2028-01-21,370.0,75.28,814295802,GLD   280121C00370000,1.3853524982888432,506,0.9186156214310542,0.04179198666685689,0.24660027169017124,154.39392740002438,402.78,2026-09-02,NSS,continuous_rate,-0.001196933340446035,0.03857268224405938,0.039650787456612456,0.15731369166361667,2.1532279899754223,16.810163806603725,2.060781659511834
2026-09-02,2026-09-02 20:00:00+00:00,2028-01-21,375.0,72.43,814295869,GLD   280121C00375000,1.3853524982888432,506,0.9310293460449874,0.04179198666685689,0.24728058922430496,158.917799775613,402.78,2026-09-02,NSS,continuous_rate,-0.001196933340446035,0.03857268224405938,0.039650787456612456,0.15731369166361667,2.1532279899754223,16.810163806603725,2.060781659511834
2026-09-02,2026-09-02 20:00:00+00:00,2028-01-21,380.0,69.22,814295954,GLD   280121C00380000,1.3853524982888432,506,0.9434430706589205,0.04179198666685689,0.24521044955616816,162.88231945027334,402.78,2026-09-02,NSS,continuous_rate,-0.001196933340446035,0.03857268224405938,0.039650787456612456,0.15731369166361667,2.1532279899754223,16.810163806603725,2.060781659511834
2026-09-02,2026-09-02 20:00:00+00:00,2028-01-21,385.0,66.65,814295994,GLD   280121C00385000,1.3853524982888432,506,0.9558567952728537,0.04179198666685689,0.24657858162121848,166.89238166984717,402.78,2026-09-02,NSS,continuous_rate,-0.001196933340446035,0.03857268224405938,0.039650787456612456,0.15731369166361667,2.1532279899754223,16.810163806603725,2.060781659511834
2026-09-02,2026-09-02 20:00:00+00:00,2028-01-21,390.0,63.63,814296032,GLD   280121C00390000,1.3853524982888432,506,0.9682705198867869,0.04179198666685689,0.24476281831348318,170.3804965257385,402.78,2026-09-02,NSS,continuous_rate,-0.001196933340446035,0.03857268224405938,0.039650787456612456,0.15731369166361667,2.1532279899754223,16.810163806603725,2.060781659511834
2026-09-02,2026-09-02 20:00:00+00:00,2028-01-21,395.0,60.98,814296088,GLD   280121C00395000,1.3853524982888432,506,0.9806842445007201,0.04179198666685689,0.24467360870828858,173.6849526236486,402.78,2026-09-02,NSS,continuous_rate,-0.001196933340446035,0.03857268224405938,0.039650787456612456,0.15731369166361667,2.1532279899754223,16.810163806603725,2.060781659511834
2026-09-02,2026-09-02 20:00:00+00:00,2028-01-21,400.0,58.65,814296135,GLD   280121C00400000,1.3853524982888432,506,0.9930979691146532,0.04179198666685689,0.24593407272389156,176.70294007449553,402.78,2026-09-02,NSS,continuous_rate,-0.001196933340446035,0.03857268224405938,0.039650787456612456,0.15731369166361667,2.1532279899754223,16.810163806603725,2.060781659511834
2026-09-02,2026-09-02 20:00:00+00:00,2028-01-21,405.0,55.78,814296206,GLD   280121C00405000,1.3853524982888432,506,1.0055116937285864,0.04179198666685689,0.2436921726685949,179.3354342350471,402.78,2026-09-02,NSS,continuous_rate,-0.001196933340446035,0.03857268224405938,0.039650787456612456,0.15731369166361667,2.1532279899754223,16.810163806603725,2.060781659511834
2026-09-02,2026-09-02 20:00:00+00:00,2028-01-21,410.0,53.65,816976248,GLD   280121C00410000,1.3853524982888432,506,1.0179254183425195,0.04179198666685689,0.2451394376301207,181.6870814563323,402.78,2026-09-02,NSS,continuous_rate,-0.001196933340446035,0.03857268224405938,0.039650787456612456,0.15731369166361667,2.1532279899754223,16.810163806603725,2.060781659511834
2026-09-02,2026-09-02 20:00:00+00:00,2028-01-21,415.0,51.08,816976281,GLD   280121C00415000,1.3853524982888432,506,1.0303391429564528,0.04179198666685689,0.2437241350200959,183.71249675582087,402.78,2026-09-02,NSS,continuous_rate,-0.001196933340446035,0.03857268224405938,0.039650787456612456,0.15731369166361667,2.1532279899754223,16.810163806603725,2.060781659511834
2026-09-02,2026-09-02 20:00:00+00:00,2028-01-21,420.0,49.1,816976318,GLD   280121C00420000,1.3853524982888432,506,1.0427528675703859,0.04179198666685689,0.2450935243454762,185.39085241712945,402.78,2026-09-02,NSS,continuous_rate,-0.001196933340446035,0.03857268224405938,0.039650787456612456,0.15731369166361667,2.1532279899754223,16.810163806603725,2.060781659511834
2026-09-02,2026-09-02 20:00:00+00:00,2028-01-21,425.0,46.83,816976363,GLD   280121C00425000,1.3853524982888432,506,1.055166592184319,0.04179198666685689,0.24447345286374916,186.76927567697845,402.78,2026-09-02,NSS,continuous_rate,-0.001196933340446035,0.03857268224405938,0.039650787456612456,0.15731369166361667,2.1532279899754223,16.810163806603725,2.060781659511834
2026-09-02,2026-09-02 20:00:00+00:00,2028-01-21,430.0,44.88,816976417,GLD   280121C00430000,1.3853524982888432,506,1.0675803167982523,0.04179198666685689,0.24515882737832145,187.81036456984478,402.78,2026-09-02,NSS,continuous_rate,-0.001196933340446035,0.03857268224405938,0.039650787456612456,0.15731369166361667,2.1532279899754223,16.810163806603725,2.060781659511834
2026-09-02,2026-09-02 20:00:00+00:00,2028-01-21,435.0,42.58,816976485,GLD   280121C00435000,1.3853524982888432,506,1.0799940414121854,0.04179198666685689,0.24358501683631917,188.57096806792143,402.78,2026-09-02,NSS,continuous_rate,-0.001196933340446035,0.03857268224405938,0.039650787456612456,0.15731369166361667,2.1532279899754223,16.810163806603725,2.060781659511834
2026-09-02,2026-09-02 20:00:00+00:00,2028-01-21,440.0,40.85,816976556,GLD   280121C00440000,1.3853524982888432,506,1.0924077660261184,0.04179198666685689,0.24464632150260734,188.99178648250702,402.78,2026-09-02,NSS,continuous_rate,-0.001196933340446035,0.03857268224405938,0.039650787456612456,0.15731369166361667,2.1532279899754223,16.810163806603725,2.060781659511834
2026-09-02,2026-09-02 20:00:00+00:00,2028-01-21,445.0,39.05,816976610,GLD   280121C00445000,1.3853524982888432,506,1.1048214906400518,0.04179198666685689,0.24495362386638303,189.12893510988238,402.78,2026-09-02,NSS,continuous_rate,-0.001196933340446035,0.03857268224405938,0.039650787456612456,0.15731369166361667,2.1532279899754223,16.810163806603725,2.060781659511834
2026-09-02,2026-09-02 20:00:00+00:00,2028-01-21,450.0,37.65,816976653,GLD   280121C00450000,1.3853524982888432,506,1.1172352152539848,0.04179198666685689,0.2470051560816355,189.00096298276443,402.78,2026-09-02,NSS,continuous_rate,-0.001196933340446035,0.03857268224405938,0.039650787456612456,0.15731369166361667,2.1532279899754223,16.810163806603725,2.060781659511834
2026-09-02,2026-09-02 20:00:00+00:00,2028-01-21,455.0,35.78,816976727,GLD   280121C00455000,1.3853524982888432,506,1.1296489398679181,0.04179198666685689,0.24620882601467894,188.58372317276294,402.78,2026-09-02,NSS,continuous_rate,-0.001196933340446035,0.03857268224405938,0.039650787456612456,0.15731369166361667,2.1532279899754223,16.810163806603725,2.060781659511834
2026-09-02,2026-09-02 20:00:00+00:00,2028-01-21,460.0,34.67,816976778,GLD   280121C00460000,1.3853524982888432,506,1.1420626644818512,0.04179198666685689,0.2490963245929219,188.00866899156708,402.78,2026-09-02,NSS,continuous_rate,-0.001196933340446035,0.03857268224405938,0.039650787456612456,0.15731369166361667,2.1532279899754223,16.810163806603725,2.060781659511834
2026-09-02,2026-09-02 20:00:00+00:00,2028-01-21,465.0,32.6,816976825,GLD   280121C00465000,1.3853524982888432,506,1.1544763890957843,0.04179198666685689,0.24653171840654692,187.00108267565741,402.78,2026-09-02,NSS,continuous_rate,-0.001196933340446035,0.03857268224405938,0.039650787456612456,0.15731369166361667,2.1532279899754223,16.810163806603725,2.060781659511834
2026-09-02,2026-09-02 20:00:00+00:00,2028-01-21,470.0,31.15,816976882,GLD   280121C00470000,1.3853524982888432,506,1.1668901137097176,0.04179198666685689,0.24693332460811362,185.86779002650184,402.78,2026-09-02,NSS,continuous_rate,-0.001196933340446035,0.03857268224405938,0.039650787456612456,0.15731369166361667,2.1532279899754223,16.810163806603725,2.060781659511834
2026-09-02,2026-09-02 20:00:00+00:00,2028-01-21,475.0,29.95,816976936,GLD   280121C00475000,1.3853524982888432,506,1.1793038383236507,0.04179198666685689,0.24836175860380755,184.60845460256738,402.78,2026-09-02,NSS,continuous_rate,-0.001196933340446035,0.03857268224405938,0.039650787456612456,0.15731369166361667,2.1532279899754223,16.810163806603725,2.060781659511834
2026-09-02,2026-09-02 20:00:00+00:00,2028-01-21,480.0,28.78,816976991,GLD   280121C00480000,1.3853524982888432,506,1.1917175629375838,0.04179198666685689,0.24965126067651439,183.17415824351457,402.78,2026-09-02,NSS,continuous_rate,-0.001196933340446035,0.03857268224405938,0.039650787456612456,0.15731369166361667,2.1532279899754223,16.810163806603725,2.060781659511834
2026-09-02,2026-09-02 20:00:00+00:00,2028-06-16,325.0,115.23,852304105,GLD   280616C00325000,1.787816563997262,653,0.8068920999056558,0.04245660135709863,0.26116123685883375,129.47753290467142,402.78,2026-09-02,NSS,continuous_rate,-0.001196933340446035,0.03857268224405938,0.039650787456612456,0.15731369166361667,2.1532279899754223,16.810163806603725,2.060781659511834
2026-09-02,2026-09-02 20:00:00+00:00,2028-06-16,330.0,111.88,851891539,GLD   280616C00330000,1.787816563997262,653,0.8193058245195889,0.04245660135709863,0.26165926095815384,135.32467410039771,402.78,2026-09-02,NSS,continuous_rate,-0.001196933340446035,0.03857268224405938,0.039650787456612456,0.15731369166361667,2.1532279899754223,16.810163806603725,2.060781659511834
2026-09-02,2026-09-02 20:00:00+00:00,2028-06-16,335.0,108.23,852304174,GLD   280616C00335000,1.787816563997262,653,0.8317195491335221,0.04245660135709863,0.2595122142099776,140.2937134070119,402.78,2026-09-02,NSS,continuous_rate,-0.001196933340446035,0.03857268224405938,0.039650787456612456,0.15731369166361667,2.1532279899754223,16.810163806603725,2.060781659511834
2026-09-02,2026-09-02 20:00:00+00:00,2028-06-16,340.0,104.95,851891588,GLD   280616C00340000,1.787816563997262,653,0.8441332737474553,0.04245660135709863,0.25960005479836845,145.8247093540209,402.78,2026-09-02,NSS,continuous_rate,-0.001196933340446035,0.03857268224405938,0.039650787456612456,0.15731369166361667,2.1532279899754223,16.810163806603725,2.060781659511834
2026-09-02,2026-09-02 20:00:00+00:00,2028-06-16,345.0,101.55,852304254,GLD   280616C00345000,1.787816563997262,653,0.8565469983613884,0.04245660135709863,0.25843744288859893,150.91104569610266,402.78,2026-09-02,NSS,continuous_rate,-0.001196933340446035,0.03857268224405938,0.039650787456612456,0.15731369166361667,2.1532279899754223,16.810163806603725,2.060781659511834
2026-09-02,2026-09-02 20:00:00+00:00,2028-06-16,350.0,98.05,851891628,GLD   280616C00350000,1.787816563997262,653,0.8689607229753216,0.04245660135709863,0.2562698608883658,155.67071107849077,402.78,2026-09-02,NSS,continuous_rate,-0.001196933340446035,0.03857268224405938,0.039650787456612456,0.15731369166361667,2.1532279899754223,16.810163806603725,2.060781659511834
2026-09-02,2026-09-02 20:00:00+00:00,2028-06-16,355.0,94.75,852304325,GLD   280616C00355000,1.787816563997262,653,0.8813744475892548,0.04245660135709863,0.25505079333325853,160.5472543532439,402.78,2026-09-02,NSS,continuous_rate,-0.001196933340446035,0.03857268224405938,0.039650787456612456,0.15731369166361667,2.1532279899754223,16.810163806603725,2.060781659511834
2026-09-02,2026-09-02 20:00:00+00:00,2028-06-16,360.0,91.53,851891668,GLD   280616C00360000,1.787816563997262,653,0.893788172203188,0.04245660135709863,0.2539660104944371,165.3185746873132,402.78,2026-09-02,NSS,continuous_rate,-0.001196933340446035,0.03857268224405938,0.039650787456612456,0.15731369166361667,2.1532279899754223,16.810163806603725,2.060781659511834
2026-09-02,2026-09-02 20:00:00+00:00,2028-06-16,365.0,88.38,852304389,GLD   280616C00365000,1.787816563997262,653,0.906201896817121,0.04245660135709863,0.2529411198125222,169.94965191317164,402.78,2026-09-02,NSS,continuous_rate,-0.001196933340446035,0.03857268224405938,0.039650787456612456,0.15731369166361667,2.1532279899754223,16.810163806603725,2.060781659511834
2026-09-02,2026-09-02 20:00:00+00:00,2028-06-16,370.0,85.38,851891693,GLD   280616C00370000,1.787816563997262,653,0.9186156214310542,0.04245660135709863,0.2524262577378191,174.48465620849322,402.78,2026-09-02,NSS,continuous_rate,-0.001196933340446035,0.03857268224405938,0.039650787456612456,0.15731369166361667,2.1532279899754223,16.810163806603725,2.060781659511834
2026-09-02,2026-09-02 20:00:00+00:00,2028-06-16,375.0,82.4,852304452,GLD   280616C00375000,1.787816563997262,653,0.9310293460449874,0.04245660135709863,0.25165417882567276,178.7887455521007,402.78,2026-09-02,NSS,continuous_rate,-0.001196933340446035,0.03857268224405938,0.039650787456612456,0.15731369166361667,2.1532279899754223,16.810163806603725,2.060781659511834
2026-09-02,2026-09-02 20:00:00+00:00,2028-06-16,380.0,79.5,851891739,GLD   280616C00380000,1.787816563997262,653,0.9434430706589205,0.04245660135709863,0.2509691582066007,182.89923233942378,402.78,2026-09-02,NSS,continuous_rate,-0.001196933340446035,0.03857268224405938,0.039650787456612456,0.15731369166361667,2.1532279899754223,16.810163806603725,2.060781659511834
2026-09-02,2026-09-02 20:00:00+00:00,2028-06-16,385.0,76.6,852304531,GLD   280616C00385000,1.787816563997262,653,0.9558567952728537,0.04245660135709863,0.2499359323543497,186.76650417645013,402.78,2026-09-02,NSS,continuous_rate,-0.001196933340446035,0.03857268224405938,0.039650787456612456,0.15731369166361667,2.1532279899754223,16.810163806603725,2.060781659511834
2026-09-02,2026-09-02 20:00:00+00:00,2028-06-16,390.0,73.97,851891780,GLD   280616C00390000,1.787816563997262,653,0.9682705198867869,0.04245660135709863,0.24999152188701557,190.48407797998047,402.78,2026-09-02,NSS,continuous_rate,-0.001196933340446035,0.03857268224405938,0.039650787456612456,0.15731369166361667,2.1532279899754223,16.810163806603725,2.060781659511834
2026-09-02,2026-09-02 20:00:00+00:00,2028-06-16,395.0,71.15,852304600,GLD   280616C00395000,1.787816563997262,653,0.9806842445007201,0.04245660135709863,0.24870401280475785,193.88459049436966,402.78,2026-09-02,NSS,continuous_rate,-0.001196933340446035,0.03857268224405938,0.039650787456612456,0.15731369166361667,2.1532279899754223,16.810163806603725,2.060781659511834
2026-09-02,2026-09-02 20:00:00+00:00,2028-06-16,400.0,68.65,851891820,GLD   280616C00400000,1.787816563997262,653,0.9930979691146532,0.04245660135709863,0.2487290648809634,197.09647057467174,402.78,2026-09-02,NSS,continuous_rate,-0.001196933340446035,0.03857268224405938,0.039650787456612456,0.15731369166361667,2.1532279899754223,16.810163806603725,2.060781659511834
2026-09-02,2026-09-02 20:00:00+00:00,2028-06-16,405.0,66.18,852304666,GLD   280616C00405000,1.787816563997262,653,1.0055116937285864,0.04245660135709863,0.24855714617213231,200.0361458162456,402.78,2026-09-02,NSS,continuous_rate,-0.001196933340446035,0.03857268224405938,0.039650787456612456,0.15731369166361667,2.1532279899754223,16.810163806603725,2.060781659511834
2026-09-02,2026-09-02 20:00:00+00:00,2028-06-16,410.0,63.73,851891862,GLD   280616C00410000,1.787816563997262,653,1.0179254183425195,0.04245660135709863,0.24815022222502153,202.70832409077346,402.78,2026-09-02,NSS,continuous_rate,-0.001196933340446035,0.03857268224405938,0.039650787456612456,0.15731369166361667,2.1532279899754223,16.810163806603725,2.060781659511834
2026-09-02,2026-09-02 20:00:00+00:00,2028-06-16,415.0,61.48,852304743,GLD   280616C00415000,1.787816563997262,653,1.0303391429564528,0.04245660135709863,0.24839717609295625,205.1116309763973,402.78,2026-09-02,NSS,continuous_rate,-0.001196933340446035,0.03857268224405938,0.039650787456612456,0.15731369166361667,2.1532279899754223,16.810163806603725,2.060781659511834
2026-09-02,2026-09-02 20:00:00+00:00,2028-06-16,420.0,59.08,851891902,GLD   280616C00420000,1.787816563997262,653,1.0427528675703859,0.04245660135709863,0.24759147710828114,207.25363966104786,402.78,2026-09-02,NSS,continuous_rate,-0.001196933340446035,0.03857268224405938,0.039650787456612456,0.15731369166361667,2.1532279899754223,16.810163806603725,2.060781659511834
2026-09-02,2026-09-02 20:00:00+00:00,2028-06-16,425.0,57.0,852304826,GLD   280616C00425000,1.787816563997262,653,1.055166592184319,0.04245660135709863,0.24801416803123433,209.1095435051068,402.78,2026-09-02,NSS,continuous_rate,-0.001196933340446035,0.03857268224405938,0.039650787456612456,0.15731369166361667,2.1532279899754223,16.810163806603725,2.060781659511834
2026-09-02,2026-09-02 20:00:00+00:00,2028-06-16,430.0,54.93,851891950,GLD   280616C00430000,1.787816563997262,653,1.0675803167982523,0.04245660135709863,0.24816761898277329,210.6988029666303,402.78,2026-09-02,NSS,continuous_rate,-0.001196933340446035,0.03857268224405938,0.039650787456612456,0.15731369166361667,2.1532279899754223,16.810163806603725,2.060781659511834
2026-09-02,2026-09-02 20:00:00+00:00,2028-06-16,435.0,52.8,852304894,GLD   280616C00435000,1.787816563997262,653,1.0799940414121854,0.04245660135709863,0.24773316569095477,212.03572240287528,402.78,2026-09-02,NSS,continuous_rate,-0.001196933340446035,0.03857268224405938,0.039650787456612456,0.15731369166361667,2.1532279899754223,16.810163806603725,2.060781659511834
2026-09-02,2026-09-02 20:00:00+00:00,2028-06-16,440.0,50.8,851891989,GLD   280616C00440000,1.787816563997262,653,1.0924077660261184,0.04245660135709863,0.2476168458278291,213.10321878060876,402.78,2026-09-02,NSS,continuous_rate,-0.001196933340446035,0.03857268224405938,0.039650787456612456,0.15731369166361667,2.1532279899754223,16.810163806603725,2.060781659511834
2026-09-02,2026-09-02 20:00:00+00:00,2028-06-16,445.0,48.98,852304959,GLD   280616C00445000,1.787816563997262,653,1.1048214906400518,0.04245660135709863,0.2480524539365433,213.9020985570984,402.78,2026-09-02,NSS,continuous_rate,-0.001196933340446035,0.03857268224405938,0.039650787456612456,0.15731369166361667,2.1532279899754223,16.810163806603725,2.060781659511834
2026-09-02,2026-09-02 20:00:00+00:00,2028-06-16,450.0,46.75,851892032,GLD   280616C00450000,1.787816563997262,653,1.1172352152539848,0.04245660135709863,0.246289691136498,214.48446669020228,402.78,2026-09-02,NSS,continuous_rate,-0.001196933340446035,0.03857268224405938,0.039650787456612456,0.15731369166361667,2.1532279899754223,16.810163806603725,2.060781659511834
2026-09-02,2026-09-02 20:00:00+00:00,2028-06-16,455.0,45.53,852305055,GLD   280616C00455000,1.787816563997262,653,1.1296489398679181,0.04245660135709863,0.24895654518334195,214.76634540959745,402.78,2026-09-02,NSS,continuous_rate,-0.001196933340446035,0.03857268224405938,0.039650787456612456,0.15731369166361667,2.1532279899754223,16.810163806603725,2.060781659511834
2026-09-02,2026-09-02 20:00:00+00:00,2028-06-16,460.0,43.63,851892072,GLD   280616C00460000,1.787816563997262,653,1.1420626644818512,0.04245660135709863,0.24818243602858858,214.84860340018028,402.78,2026-09-02,NSS,continuous_rate,-0.001196933340446035,0.03857268224405938,0.039650787456612456,0.15731369166361667,2.1532279899754223,16.810163806603725,2.060781659511834
2026-09-02,2026-09-02 20:00:00+00:00,2028-06-16,465.0,42.1,852305139,GLD   280616C00465000,1.787816563997262,653,1.1544763890957843,0.04245660135709863,0.24886496075307957,214.70339518282657,402.78,2026-09-02,NSS,continuous_rate,-0.001196933340446035,0.03857268224405938,0.039650787456612456,0.15731369166361667,2.1532279899754223,16.810163806603725,2.060781659511834
2026-09-02,2026-09-02 20:00:00+00:00,2028-06-16,470.0,40.65,851892108,GLD   280616C00470000,1.787816563997262,653,1.1668901137097176,0.04245660135709863,0.24966202655015513,214.35500798895703,402.78,2026-09-02,NSS,continuous_rate,-0.001196933340446035,0.03857268224405938,0.039650787456612456,0.15731369166361667,2.1532279899754223,16.810163806603725,2.060781659511834
2026-09-02,2026-09-02 20:00:00+00:00,2028-06-16,475.0,39.08,852305199,GLD   280616C00475000,1.787816563997262,653,1.1793038383236507,0.04245660135709863,0.2496469953044318,213.785049830403,402.78,2026-09-02,NSS,continuous_rate,-0.001196933340446035,0.03857268224405938,0.039650787456612456,0.15731369166361667,2.1532279899754223,16.810163806603725,2.060781659511834
2026-09-02,2026-09-02 20:00:00+00:00,2028-06-16,480.0,37.7,851892142,GLD   280616C00480000,1.787816563997262,653,1.1917175629375838,0.04245660135709863,0.2502746382872574,213.04452971428026,402.78,2026-09-02,NSS,continuous_rate,-0.001196933340446035,0.03857268224405938,0.039650787456612456,0.15731369166361667,2.1532279899754223,16.810163806603725,2.060781659511834
